member_id,split,propensity_score,propensity_model,seed
UM0101040,train,0.2324268865396327,GLMNet elastic-net logistic,123
UM0101040,test,0.2324268865396327,GLMNet elastic-net logistic,123
UM0101618,test,0.44645870832612805,GLMNet elastic-net logistic,123
UM0102657,train,0.6786602785566629,GLMNet elastic-net logistic,123
UM0103187,train,0.6958223664011474,GLMNet elastic-net logistic,123
UM0103232,train,0.635467469204717,GLMNet elastic-net logistic,123
UM0103336,train,0.4687005584017936,GLMNet elastic-net logistic,123
UM0103336,test,0.4687005584017936,GLMNet elastic-net logistic,123
UM0103440,train,0.09385781243216557,GLMNet elastic-net logistic,123
UM0103440,train,0.09385781243216557,GLMNet elastic-net logistic,123
UM0103588,train,0.53654403677154,GLMNet elastic-net logistic,123
UM0103588,train,0.53654403677154,GLMNet elastic-net logistic,123
UM0103753,train,0.27246210349873423,GLMNet elastic-net logistic,123
UM0104027,test,0.6078778508219326,GLMNet elastic-net logistic,123
UM0104027,test,0.6078778508219326,GLMNet elastic-net logistic,123
UM0104418,test,0.25921853619165613,GLMNet elastic-net logistic,123
UM0104472,test,0.2748252203156506,GLMNet elastic-net logistic,123
UM0104585,train,0.4173519703431807,GLMNet elastic-net logistic,123
UM0104585,train,0.4173519703431807,GLMNet elastic-net logistic,123
UM0104760,train,0.4612615357313508,GLMNet elastic-net logistic,123
UM0104760,train,0.46553732085893884,GLMNet elastic-net logistic,123
UM0104801,test,0.34379078198070323,GLMNet elastic-net logistic,123
UM0104895,train,0.31620793320991447,GLMNet elastic-net logistic,123
UM0105560,train,0.4886196383628265,GLMNet elastic-net logistic,123
UM0105560,train,0.4886196383628265,GLMNet elastic-net logistic,123
UM0105572,test,0.1085728018426986,GLMNet elastic-net logistic,123
UM0105615,test,0.5980265971789408,GLMNet elastic-net logistic,123
UM0105925,train,0.4612448574914418,GLMNet elastic-net logistic,123
UM0105925,train,0.4655206216074942,GLMNet elastic-net logistic,123
UM0106242,train,0.4521899887783078,GLMNet elastic-net logistic,123
UM0106242,train,0.4521899887783078,GLMNet elastic-net logistic,123
UM0106549,train,0.43050591117366693,GLMNet elastic-net logistic,123
UM0106549,test,0.43050591117366693,GLMNet elastic-net logistic,123
UM0106705,train,0.95,GLMNet elastic-net logistic,123
UM0106705,train,0.95,GLMNet elastic-net logistic,123
UM0106861,test,0.12156388997145069,GLMNet elastic-net logistic,123
UM0106861,train,0.12156388997145069,GLMNet elastic-net logistic,123
UM0107224,train,0.468902029313607,GLMNet elastic-net logistic,123
UM0107224,train,0.468902029313607,GLMNet elastic-net logistic,123
UM0107910,train,0.41060073225790034,GLMNet elastic-net logistic,123
UM0107910,train,0.37913972120975625,GLMNet elastic-net logistic,123
UM0107910,train,0.37913972120975625,GLMNet elastic-net logistic,123
UM0108034,train,0.6538172156073508,GLMNet elastic-net logistic,123
UM0108109,test,0.2861872112876274,GLMNet elastic-net logistic,123
UM0108109,train,0.2861872112876274,GLMNet elastic-net logistic,123
UM0108290,train,0.26725098895644833,GLMNet elastic-net logistic,123
UM0108733,train,0.5863838131362433,GLMNet elastic-net logistic,123
UM0108789,train,0.5892984980607628,GLMNet elastic-net logistic,123
UM0108789,test,0.5892984980607628,GLMNet elastic-net logistic,123
UM0108792,train,0.43369578257362157,GLMNet elastic-net logistic,123
UM0108792,train,0.43369578257362157,GLMNet elastic-net logistic,123
UM0108792,test,0.6346603830338252,GLMNet elastic-net logistic,123
UM0108996,train,0.2542632277999691,GLMNet elastic-net logistic,123
UM0108996,train,0.251016550214974,GLMNet elastic-net logistic,123
UM0109568,test,0.4135587006121712,GLMNet elastic-net logistic,123
UM0109569,test,0.05994378663359723,GLMNet elastic-net logistic,123
UM0109885,train,0.21928363121135722,GLMNet elastic-net logistic,123
UM0109885,train,0.2222416582495809,GLMNet elastic-net logistic,123
UM0110295,train,0.9386428466064107,GLMNet elastic-net logistic,123
UM0110502,train,0.5704261205390687,GLMNet elastic-net logistic,123
UM0110711,test,0.8498572511991119,GLMNet elastic-net logistic,123
UM0110972,train,0.5758156305993767,GLMNet elastic-net logistic,123
UM0110975,train,0.5346817645621518,GLMNet elastic-net logistic,123
UM0110975,test,0.5346817645621518,GLMNet elastic-net logistic,123
UM0111184,train,0.722183026290426,GLMNet elastic-net logistic,123
UM0111186,train,0.8448588126551041,GLMNet elastic-net logistic,123
UM0111447,test,0.48139686052766256,GLMNet elastic-net logistic,123
UM0111447,train,0.48139686052766256,GLMNet elastic-net logistic,123
UM0111914,train,0.6286251877832097,GLMNet elastic-net logistic,123
UM0111914,train,0.6286251877832097,GLMNet elastic-net logistic,123
UM0111956,test,0.5805685874801187,GLMNet elastic-net logistic,123
UM0112448,train,0.45657028421959944,GLMNet elastic-net logistic,123
UM0112448,test,0.45657028421959944,GLMNet elastic-net logistic,123
UM0112448,test,0.2721351991943211,GLMNet elastic-net logistic,123
UM0112788,train,0.2311954988933214,GLMNet elastic-net logistic,123
UM0113048,test,0.1462571928787774,GLMNet elastic-net logistic,123
UM0113208,train,0.3284853266193478,GLMNet elastic-net logistic,123
UM0113208,train,0.3284853266193478,GLMNet elastic-net logistic,123
UM0113572,train,0.5633647640573256,GLMNet elastic-net logistic,123
UM0113781,train,0.48739109007624465,GLMNet elastic-net logistic,123
UM0113781,train,0.48739109007624465,GLMNet elastic-net logistic,123
UM0113781,test,0.49831102919788267,GLMNet elastic-net logistic,123
UM0115806,train,0.38016874801349004,GLMNet elastic-net logistic,123
UM0115806,test,0.38016874801349004,GLMNet elastic-net logistic,123
UM0115964,train,0.5617851190521218,GLMNet elastic-net logistic,123
UM0115964,train,0.5617851190521218,GLMNet elastic-net logistic,123
UM0116374,train,0.32738969742734647,GLMNet elastic-net logistic,123
UM0116374,train,0.32738969742734647,GLMNet elastic-net logistic,123
UM0116396,train,0.48223195132604946,GLMNet elastic-net logistic,123
UM0116396,train,0.48223195132604946,GLMNet elastic-net logistic,123
UM0116427,train,0.5167301771700286,GLMNet elastic-net logistic,123
UM0116427,test,0.5167301771700286,GLMNet elastic-net logistic,123
UM0116688,train,0.574465516206853,GLMNet elastic-net logistic,123
UM0116892,train,0.3880264071055181,GLMNet elastic-net logistic,123
UM0116892,test,0.3880264071055181,GLMNet elastic-net logistic,123
UM0116956,test,0.8325473823878783,GLMNet elastic-net logistic,123
UM0116956,train,0.8325473823878783,GLMNet elastic-net logistic,123
UM0117313,train,0.5960987773824773,GLMNet elastic-net logistic,123
UM0117313,train,0.5960987773824773,GLMNet elastic-net logistic,123
UM0117419,train,0.05,GLMNet elastic-net logistic,123
UM0117468,test,0.4912956231710996,GLMNet elastic-net logistic,123
UM0117468,train,0.4912956231710996,GLMNet elastic-net logistic,123
UM0117577,test,0.3558986831436191,GLMNet elastic-net logistic,123
UM0117577,train,0.3558986831436191,GLMNet elastic-net logistic,123
UM0117674,train,0.21030571154372146,GLMNet elastic-net logistic,123
UM0117674,test,0.21030571154372146,GLMNet elastic-net logistic,123
UM0117787,test,0.7630153276977448,GLMNet elastic-net logistic,123
UM0117887,train,0.8883171211278498,GLMNet elastic-net logistic,123
UM0118038,train,0.29495688719581514,GLMNet elastic-net logistic,123
UM0118038,train,0.29495688719581514,GLMNet elastic-net logistic,123
UM0118405,test,0.47185859553949966,GLMNet elastic-net logistic,123
UM0118405,train,0.47185859553949966,GLMNet elastic-net logistic,123
UM0118719,train,0.95,GLMNet elastic-net logistic,123
UM0119129,train,0.05,GLMNet elastic-net logistic,123
UM0119129,train,0.05,GLMNet elastic-net logistic,123
UM0119340,train,0.3410573989588757,GLMNet elastic-net logistic,123
UM0119340,train,0.3410573989588757,GLMNet elastic-net logistic,123
UM0119391,train,0.6653170850811836,GLMNet elastic-net logistic,123
UM0119391,train,0.6653170850811836,GLMNet elastic-net logistic,123
UM0119391,train,0.6653170850811836,GLMNet elastic-net logistic,123
UM0119391,train,0.6653170850811836,GLMNet elastic-net logistic,123
UM0119391,train,0.7243654475622151,GLMNet elastic-net logistic,123
UM0119494,train,0.47085181179762725,GLMNet elastic-net logistic,123
UM0119499,train,0.95,GLMNet elastic-net logistic,123
UM0119499,train,0.95,GLMNet elastic-net logistic,123
UM0119650,train,0.5253206026249518,GLMNet elastic-net logistic,123
UM0119658,train,0.4231213437595855,GLMNet elastic-net logistic,123
UM0119658,train,0.4231213437595855,GLMNet elastic-net logistic,123
UM0119753,train,0.15683066731041875,GLMNet elastic-net logistic,123
UM0120016,test,0.8914326251237471,GLMNet elastic-net logistic,123
UM0120488,train,0.4576643593220125,GLMNet elastic-net logistic,123
UM0120489,train,0.3099200344497239,GLMNet elastic-net logistic,123
UM0120744,train,0.1547374128044048,GLMNet elastic-net logistic,123
UM0120951,test,0.48449964932899264,GLMNet elastic-net logistic,123
UM0120951,train,0.48449964932899264,GLMNet elastic-net logistic,123
UM0121153,train,0.4661634171450848,GLMNet elastic-net logistic,123
UM0121153,train,0.4661634171450848,GLMNet elastic-net logistic,123
UM0121266,train,0.19786809933120483,GLMNet elastic-net logistic,123
UM0121266,test,0.19786809933120483,GLMNet elastic-net logistic,123
UM0121527,train,0.7789831074105249,GLMNet elastic-net logistic,123
UM0121527,train,0.7975235686750167,GLMNet elastic-net logistic,123
UM0121570,train,0.22247993114342954,GLMNet elastic-net logistic,123
UM0121841,train,0.6281040444572146,GLMNet elastic-net logistic,123
UM0121841,train,0.6281040444572146,GLMNet elastic-net logistic,123
UM0122324,test,0.44501633271685126,GLMNet elastic-net logistic,123
UM0122457,test,0.17460844420248323,GLMNet elastic-net logistic,123
UM0122457,test,0.17710053161642936,GLMNet elastic-net logistic,123
UM0123187,train,0.95,GLMNet elastic-net logistic,123
UM0123789,train,0.09372596286869665,GLMNet elastic-net logistic,123
UM0123789,train,0.09372596286869665,GLMNet elastic-net logistic,123
UM0123815,test,0.6199911741000455,GLMNet elastic-net logistic,123
UM0124224,train,0.6125605118569138,GLMNet elastic-net logistic,123
UM0124225,test,0.30208660250737457,GLMNet elastic-net logistic,123
UM0124226,train,0.4154956159739341,GLMNet elastic-net logistic,123
UM0124232,train,0.5055134073477975,GLMNet elastic-net logistic,123
UM0124232,test,0.5055134073477975,GLMNet elastic-net logistic,123
UM0124329,train,0.6552582095017307,GLMNet elastic-net logistic,123
UM0124329,test,0.6513635576874072,GLMNet elastic-net logistic,123
UM0124648,test,0.3319260791932577,GLMNet elastic-net logistic,123
UM0125064,test,0.5397594928189884,GLMNet elastic-net logistic,123
UM0125064,train,0.5397594928189884,GLMNet elastic-net logistic,123
UM0125221,train,0.5464981248515611,GLMNet elastic-net logistic,123
UM0125521,train,0.2666672267712174,GLMNet elastic-net logistic,123
UM0126254,test,0.6461443693206902,GLMNet elastic-net logistic,123
UM0126254,train,0.5969708994734462,GLMNet elastic-net logistic,123
UM0126254,test,0.5969708994734462,GLMNet elastic-net logistic,123
UM0126259,train,0.4544101868014985,GLMNet elastic-net logistic,123
UM0126259,train,0.4544101868014985,GLMNet elastic-net logistic,123
UM0126414,train,0.22411906063232276,GLMNet elastic-net logistic,123
UM0126414,train,0.22411906063232276,GLMNet elastic-net logistic,123
UM0126507,train,0.6028000835306102,GLMNet elastic-net logistic,123
UM0126507,train,0.6028000835306102,GLMNet elastic-net logistic,123
UM0126614,train,0.95,GLMNet elastic-net logistic,123
UM0127398,train,0.661396125102346,GLMNet elastic-net logistic,123
UM0127398,test,0.661396125102346,GLMNet elastic-net logistic,123
UM0127451,train,0.2730231544187949,GLMNet elastic-net logistic,123
UM0127452,train,0.32390044660746325,GLMNet elastic-net logistic,123
UM0127452,test,0.32390044660746325,GLMNet elastic-net logistic,123
UM0127601,train,0.39613116179279323,GLMNet elastic-net logistic,123
UM0127601,train,0.39613116179279323,GLMNet elastic-net logistic,123
UM0127917,test,0.4956756485822703,GLMNet elastic-net logistic,123
UM0128124,train,0.4956426939561347,GLMNet elastic-net logistic,123
UM0128478,train,0.31135337250908013,GLMNet elastic-net logistic,123
UM0128478,train,0.31135337250908013,GLMNet elastic-net logistic,123
UM0128533,train,0.6011134489301269,GLMNet elastic-net logistic,123
UM0128790,train,0.48363568602517215,GLMNet elastic-net logistic,123
UM0128790,test,0.48363568602517215,GLMNet elastic-net logistic,123
UM0128900,train,0.46510242048611605,GLMNet elastic-net logistic,123
UM0128906,train,0.4010140245936687,GLMNet elastic-net logistic,123
UM0128906,test,0.4010140245936687,GLMNet elastic-net logistic,123
UM0128946,train,0.95,GLMNet elastic-net logistic,123
UM0129258,train,0.2546829997246962,GLMNet elastic-net logistic,123
UM0129374,train,0.6880470294703518,GLMNet elastic-net logistic,123
UM0129374,train,0.6880470294703518,GLMNet elastic-net logistic,123
UM0129476,train,0.5659100760132785,GLMNet elastic-net logistic,123
UM0129671,test,0.29318679070564757,GLMNet elastic-net logistic,123
UM0129681,train,0.35654277519453587,GLMNet elastic-net logistic,123
UM0129695,test,0.2205032336548664,GLMNet elastic-net logistic,123
UM0129695,train,0.2205032336548664,GLMNet elastic-net logistic,123
UM0130195,train,0.3612560145684544,GLMNet elastic-net logistic,123
UM0130195,train,0.3612560145684544,GLMNet elastic-net logistic,123
UM0130204,train,0.28974704680758284,GLMNet elastic-net logistic,123
UM0130204,test,0.28974704680758284,GLMNet elastic-net logistic,123
UM0130299,test,0.4934451534603674,GLMNet elastic-net logistic,123
UM0130304,train,0.5074309755668533,GLMNet elastic-net logistic,123
UM0130304,train,0.5074309755668533,GLMNet elastic-net logistic,123
UM0130515,train,0.21276046168317003,GLMNet elastic-net logistic,123
UM0130515,train,0.21276046168317003,GLMNet elastic-net logistic,123
UM0130609,test,0.8127520708416741,GLMNet elastic-net logistic,123
UM0130609,train,0.8153549086042321,GLMNet elastic-net logistic,123
UM0130612,train,0.37535496326604717,GLMNet elastic-net logistic,123
UM0130662,train,0.3710189519147962,GLMNet elastic-net logistic,123
UM0130936,train,0.4003560468846089,GLMNet elastic-net logistic,123
UM0130936,test,0.4003560468846089,GLMNet elastic-net logistic,123
UM0131339,test,0.13098336377173808,GLMNet elastic-net logistic,123
UM0131339,test,0.13098336377173808,GLMNet elastic-net logistic,123
UM0131494,test,0.49406326252301436,GLMNet elastic-net logistic,123
UM0131494,train,0.49406326252301436,GLMNet elastic-net logistic,123
UM0132177,train,0.401390161636867,GLMNet elastic-net logistic,123
UM0132219,train,0.3370016675695563,GLMNet elastic-net logistic,123
UM0132227,train,0.2889088217973149,GLMNet elastic-net logistic,123
UM0132387,test,0.23009829759566275,GLMNet elastic-net logistic,123
UM0132747,train,0.4201266734634768,GLMNet elastic-net logistic,123
UM0132959,train,0.3607371358106458,GLMNet elastic-net logistic,123
UM0132959,test,0.3607371358106458,GLMNet elastic-net logistic,123
UM0133051,train,0.05,GLMNet elastic-net logistic,123
UM0133051,test,0.05,GLMNet elastic-net logistic,123
UM0133422,train,0.685834603968223,GLMNet elastic-net logistic,123
UM0133422,test,0.63557047732398,GLMNet elastic-net logistic,123
UM0133422,test,0.63557047732398,GLMNet elastic-net logistic,123
UM0133678,train,0.2573782683468408,GLMNet elastic-net logistic,123
UM0133782,test,0.4976721433379823,GLMNet elastic-net logistic,123
UM0135083,train,0.3877643144582065,GLMNet elastic-net logistic,123
UM0135293,train,0.8574157230381315,GLMNet elastic-net logistic,123
UM0135293,test,0.8574157230381315,GLMNet elastic-net logistic,123
UM0135293,test,0.9318430800584114,GLMNet elastic-net logistic,123
UM0135392,train,0.67935009893012,GLMNet elastic-net logistic,123
UM0135392,train,0.67935009893012,GLMNet elastic-net logistic,123
UM0135942,train,0.45095145656176044,GLMNet elastic-net logistic,123
UM0135942,test,0.45095145656176044,GLMNet elastic-net logistic,123
UM0135964,test,0.4075156162023223,GLMNet elastic-net logistic,123
UM0135964,train,0.4075156162023223,GLMNet elastic-net logistic,123
UM0136079,train,0.5601464495901836,GLMNet elastic-net logistic,123
UM0136180,train,0.2187567742498811,GLMNet elastic-net logistic,123
UM0136180,test,0.2187567742498811,GLMNet elastic-net logistic,123
UM0136488,test,0.46587931549347467,GLMNet elastic-net logistic,123
UM0136488,train,0.46587931549347467,GLMNet elastic-net logistic,123
UM0136488,test,0.5021002998466402,GLMNet elastic-net logistic,123
UM0136957,test,0.5670087984457469,GLMNet elastic-net logistic,123
UM0137007,train,0.8191282198071042,GLMNet elastic-net logistic,123
UM0137108,test,0.5433550723268086,GLMNet elastic-net logistic,123
UM0137109,train,0.532279490993142,GLMNet elastic-net logistic,123
UM0137109,train,0.532279490993142,GLMNet elastic-net logistic,123
UM0137318,train,0.4349681582266252,GLMNet elastic-net logistic,123
UM0137419,train,0.31992850347567287,GLMNet elastic-net logistic,123
UM0137419,train,0.31992850347567287,GLMNet elastic-net logistic,123
UM0137636,train,0.6396814618792096,GLMNet elastic-net logistic,123
UM0137636,train,0.6357086684159838,GLMNet elastic-net logistic,123
UM0138052,test,0.49159176001933136,GLMNet elastic-net logistic,123
UM0138052,train,0.49159176001933136,GLMNet elastic-net logistic,123
UM0138780,test,0.35487042218669423,GLMNet elastic-net logistic,123
UM0138856,test,0.09900865687102905,GLMNet elastic-net logistic,123
UM0139202,train,0.34620060173153555,GLMNet elastic-net logistic,123
UM0139709,train,0.38321843020549096,GLMNet elastic-net logistic,123
UM0139709,train,0.38321843020549096,GLMNet elastic-net logistic,123
UM0140493,train,0.95,GLMNet elastic-net logistic,123
UM0140495,test,0.5088307161662277,GLMNet elastic-net logistic,123
UM0140495,train,0.5088307161662277,GLMNet elastic-net logistic,123
UM0140646,train,0.6350041782062003,GLMNet elastic-net logistic,123
UM0141107,train,0.48311711219361053,GLMNet elastic-net logistic,123
UM0141945,train,0.4908021909989244,GLMNet elastic-net logistic,123
UM0142149,train,0.43981496656839086,GLMNet elastic-net logistic,123
UM0142149,test,0.43981496656839086,GLMNet elastic-net logistic,123
UM0142308,train,0.21906210509116933,GLMNet elastic-net logistic,123
UM0142572,train,0.5104969073952282,GLMNet elastic-net logistic,123
UM0142572,test,0.5104969073952282,GLMNet elastic-net logistic,123
UM0142669,train,0.9259654452963147,GLMNet elastic-net logistic,123
UM0142770,train,0.8464598838887323,GLMNet elastic-net logistic,123
UM0142770,train,0.8464598838887323,GLMNet elastic-net logistic,123
UM0143182,train,0.5596785812825351,GLMNet elastic-net logistic,123
UM0143182,train,0.563911737849666,GLMNet elastic-net logistic,123
UM0143353,train,0.2207128296192661,GLMNet elastic-net logistic,123
UM0143353,train,0.2207128296192661,GLMNet elastic-net logistic,123
UM0144333,train,0.1408482893538481,GLMNet elastic-net logistic,123
UM0144468,train,0.5741671100140474,GLMNet elastic-net logistic,123
UM0144582,train,0.4723426045300847,GLMNet elastic-net logistic,123
UM0144582,train,0.5207092072989259,GLMNet elastic-net logistic,123
UM0144582,train,0.4723426045300847,GLMNet elastic-net logistic,123
UM0144914,train,0.15192543205999098,GLMNet elastic-net logistic,123
UM0144953,test,0.95,GLMNet elastic-net logistic,123
UM0145110,train,0.6899238795940893,GLMNet elastic-net logistic,123
UM0145158,train,0.25476717951471156,GLMNet elastic-net logistic,123
UM0145165,train,0.575667734698522,GLMNet elastic-net logistic,123
UM0145165,train,0.575667734698522,GLMNet elastic-net logistic,123
UM0145219,test,0.05,GLMNet elastic-net logistic,123
UM0145219,train,0.05,GLMNet elastic-net logistic,123
UM0145264,train,0.5227542849804976,GLMNet elastic-net logistic,123
UM0145264,train,0.5227542849804976,GLMNet elastic-net logistic,123
UM0145268,train,0.23912512058181062,GLMNet elastic-net logistic,123
UM0145268,train,0.2549485355565171,GLMNet elastic-net logistic,123
UM0145627,test,0.24643885898757736,GLMNet elastic-net logistic,123
UM0145627,train,0.24643885898757736,GLMNet elastic-net logistic,123
UM0145686,test,0.36000272278454415,GLMNet elastic-net logistic,123
UM0145690,test,0.6595150016614233,GLMNet elastic-net logistic,123
UM0145690,train,0.6595150016614233,GLMNet elastic-net logistic,123
UM0145841,test,0.47935816649936547,GLMNet elastic-net logistic,123
UM0145841,train,0.47935816649936547,GLMNet elastic-net logistic,123
UM0146255,train,0.5667281027633042,GLMNet elastic-net logistic,123
UM0146255,test,0.5667281027633042,GLMNet elastic-net logistic,123
UM0146359,train,0.6127445783305138,GLMNet elastic-net logistic,123
UM0146359,test,0.6127445783305138,GLMNet elastic-net logistic,123
UM0146569,test,0.8023748864088958,GLMNet elastic-net logistic,123
UM0146983,train,0.5263706336027675,GLMNet elastic-net logistic,123
UM0147501,train,0.10422181333126074,GLMNet elastic-net logistic,123
UM0147917,train,0.22416464529794117,GLMNet elastic-net logistic,123
UM0147917,test,0.22416464529794117,GLMNet elastic-net logistic,123
UM0148647,train,0.3575762552660369,GLMNet elastic-net logistic,123
UM0148647,test,0.3575762552660369,GLMNet elastic-net logistic,123
UM0148700,train,0.3238478090416244,GLMNet elastic-net logistic,123
UM0148700,train,0.2478908088994509,GLMNet elastic-net logistic,123
UM0148966,train,0.43505530974555445,GLMNet elastic-net logistic,123
UM0148966,train,0.43505530974555445,GLMNet elastic-net logistic,123
UM0149321,train,0.6349381198775186,GLMNet elastic-net logistic,123
UM0149321,train,0.6389145435048669,GLMNet elastic-net logistic,123
UM0149485,train,0.05,GLMNet elastic-net logistic,123
UM0149485,train,0.05,GLMNet elastic-net logistic,123
UM0149635,train,0.3117183367055413,GLMNet elastic-net logistic,123
UM0149686,train,0.4331975796086471,GLMNet elastic-net logistic,123
UM0149944,train,0.3476591313253348,GLMNet elastic-net logistic,123
UM0150309,train,0.05,GLMNet elastic-net logistic,123
UM0150309,train,0.05,GLMNet elastic-net logistic,123
UM0150365,train,0.5171336179770171,GLMNet elastic-net logistic,123
UM0150365,test,0.5171336179770171,GLMNet elastic-net logistic,123
UM0150732,train,0.4224303707757688,GLMNet elastic-net logistic,123
UM0150829,train,0.3104075012856821,GLMNet elastic-net logistic,123
UM0150829,test,0.3067387988452437,GLMNet elastic-net logistic,123
UM0151086,train,0.5244948697502035,GLMNet elastic-net logistic,123
UM0151086,test,0.5244948697502035,GLMNet elastic-net logistic,123
UM0151398,train,0.95,GLMNet elastic-net logistic,123
UM0151398,train,0.95,GLMNet elastic-net logistic,123
UM0151557,train,0.95,GLMNet elastic-net logistic,123
UM0151608,train,0.44522949858913685,GLMNet elastic-net logistic,123
UM0151608,train,0.44098633534682985,GLMNet elastic-net logistic,123
UM0151768,train,0.4850223520800293,GLMNet elastic-net logistic,123
UM0152135,test,0.4582958913664358,GLMNet elastic-net logistic,123
UM0152135,train,0.4582958913664358,GLMNet elastic-net logistic,123
UM0152185,test,0.40538868630439434,GLMNet elastic-net logistic,123
UM0152185,train,0.40125059465862956,GLMNet elastic-net logistic,123
UM0152187,train,0.3961316689396065,GLMNet elastic-net logistic,123
UM0152708,train,0.5003254276990389,GLMNet elastic-net logistic,123
UM0152708,train,0.5003254276990389,GLMNet elastic-net logistic,123
UM0153540,train,0.25736178462687564,GLMNet elastic-net logistic,123
UM0153540,train,0.25736178462687564,GLMNet elastic-net logistic,123
UM0153589,test,0.8048446106802347,GLMNet elastic-net logistic,123
UM0153589,train,0.8048446106802347,GLMNet elastic-net logistic,123
UM0153693,train,0.4094909925435614,GLMNet elastic-net logistic,123
UM0154061,train,0.95,GLMNet elastic-net logistic,123
UM0154113,train,0.5991647073545022,GLMNet elastic-net logistic,123
UM0154267,train,0.33546665800606734,GLMNet elastic-net logistic,123
UM0154454,test,0.21856829948893186,GLMNet elastic-net logistic,123
UM0154454,train,0.21856829948893186,GLMNet elastic-net logistic,123
UM0154556,test,0.5297573023110613,GLMNet elastic-net logistic,123
UM0154674,train,0.4853905264723929,GLMNet elastic-net logistic,123
UM0154674,test,0.4853905264723929,GLMNet elastic-net logistic,123
UM0154734,test,0.5148625120484029,GLMNet elastic-net logistic,123
UM0154734,train,0.5191563573846963,GLMNet elastic-net logistic,123
UM0155150,train,0.4257689144214748,GLMNet elastic-net logistic,123
UM0155150,test,0.4257689144214748,GLMNet elastic-net logistic,123
UM0155406,train,0.36761233590664977,GLMNet elastic-net logistic,123
UM0155509,train,0.27612305156352807,GLMNet elastic-net logistic,123
UM0155562,test,0.203437577233859,GLMNet elastic-net logistic,123
UM0155667,train,0.6258803065590118,GLMNet elastic-net logistic,123
UM0155979,train,0.34377356432243444,GLMNet elastic-net logistic,123
UM0155979,train,0.3476630813961904,GLMNet elastic-net logistic,123
UM0156026,test,0.6741305395409716,GLMNet elastic-net logistic,123
UM0156088,train,0.5943557346788639,GLMNet elastic-net logistic,123
UM0156088,test,0.5943557346788639,GLMNet elastic-net logistic,123
UM0156448,test,0.5936556695488511,GLMNet elastic-net logistic,123
UM0156809,train,0.32213970497669314,GLMNet elastic-net logistic,123
UM0156809,train,0.32213970497669314,GLMNet elastic-net logistic,123
UM0156864,test,0.24703002014025885,GLMNet elastic-net logistic,123
UM0156917,test,0.417893535701815,GLMNet elastic-net logistic,123
UM0156917,train,0.417893535701815,GLMNet elastic-net logistic,123
UM0157064,train,0.8189379653940311,GLMNet elastic-net logistic,123
UM0157064,test,0.8189379653940311,GLMNet elastic-net logistic,123
UM0157223,train,0.3634513107067946,GLMNet elastic-net logistic,123
UM0157223,test,0.3634513107067946,GLMNet elastic-net logistic,123
UM0157895,test,0.4470685643563753,GLMNet elastic-net logistic,123
UM0157895,test,0.4470685643563753,GLMNet elastic-net logistic,123
UM0157897,test,0.3719418599925549,GLMNet elastic-net logistic,123
UM0157897,train,0.3719418599925549,GLMNet elastic-net logistic,123
UM0157900,train,0.5180599556239436,GLMNet elastic-net logistic,123
UM0157900,train,0.5180599556239436,GLMNet elastic-net logistic,123
UM0158102,train,0.9487115145312952,GLMNet elastic-net logistic,123
UM0158215,train,0.3215373730709498,GLMNet elastic-net logistic,123
UM0158777,train,0.3257890641990688,GLMNet elastic-net logistic,123
UM0158777,train,0.3257890641990688,GLMNet elastic-net logistic,123
UM0158800,train,0.4225481171355177,GLMNet elastic-net logistic,123
UM0158800,train,0.4225481171355177,GLMNet elastic-net logistic,123
UM0159038,train,0.06973800410607951,GLMNet elastic-net logistic,123
UM0159038,train,0.06973800410607951,GLMNet elastic-net logistic,123
UM0159609,test,0.33473824804129926,GLMNet elastic-net logistic,123
UM0159609,train,0.33473824804129926,GLMNet elastic-net logistic,123
UM0159612,train,0.5676870239680799,GLMNet elastic-net logistic,123
UM0159876,test,0.24218136937625048,GLMNet elastic-net logistic,123
UM0160808,test,0.42581946542082405,GLMNet elastic-net logistic,123
UM0160808,train,0.42581946542082405,GLMNet elastic-net logistic,123
UM0161118,train,0.4708467059067065,GLMNet elastic-net logistic,123
UM0161118,train,0.4708467059067065,GLMNet elastic-net logistic,123
UM0161125,test,0.17568109750650907,GLMNet elastic-net logistic,123
UM0161125,train,0.17568109750650907,GLMNet elastic-net logistic,123
UM0161485,test,0.4694548812742443,GLMNet elastic-net logistic,123
UM0161947,train,0.5481467446004222,GLMNet elastic-net logistic,123
UM0161947,test,0.5524021028092394,GLMNet elastic-net logistic,123
UM0163046,test,0.345779003938359,GLMNet elastic-net logistic,123
UM0163352,test,0.4370736061725854,GLMNet elastic-net logistic,123
UM0163355,train,0.623625291443321,GLMNet elastic-net logistic,123
UM0163355,train,0.6168800569960208,GLMNet elastic-net logistic,123
UM0163355,train,0.6168800569960208,GLMNet elastic-net logistic,123
UM0163562,train,0.5804297490829208,GLMNet elastic-net logistic,123
UM0163562,test,0.5804297490829208,GLMNet elastic-net logistic,123
UM0163975,train,0.5461896066073718,GLMNet elastic-net logistic,123
UM0163975,test,0.5461896066073718,GLMNet elastic-net logistic,123
UM0164035,train,0.16670306153773978,GLMNet elastic-net logistic,123
UM0164192,train,0.17026643756509147,GLMNet elastic-net logistic,123
UM0164237,train,0.416923849733468,GLMNet elastic-net logistic,123
UM0164237,train,0.416923849733468,GLMNet elastic-net logistic,123
UM0164338,train,0.4621223101863918,GLMNet elastic-net logistic,123
UM0164338,train,0.4138573856784413,GLMNet elastic-net logistic,123
UM0164338,train,0.40969241006661283,GLMNet elastic-net logistic,123
UM0164506,train,0.05,GLMNet elastic-net logistic,123
UM0164506,test,0.05,GLMNet elastic-net logistic,123
UM0164550,train,0.3138470954286028,GLMNet elastic-net logistic,123
UM0164550,train,0.3138470954286028,GLMNet elastic-net logistic,123
UM0165078,train,0.08941335342763773,GLMNet elastic-net logistic,123
UM0165078,train,0.08941335342763773,GLMNet elastic-net logistic,123
UM0165131,train,0.49160344148848006,GLMNet elastic-net logistic,123
UM0165486,test,0.2901802035686099,GLMNet elastic-net logistic,123
UM0165539,train,0.25518497519973354,GLMNet elastic-net logistic,123
UM0165697,test,0.05,GLMNet elastic-net logistic,123
UM0165697,train,0.05,GLMNet elastic-net logistic,123
UM0165900,train,0.34449673119820173,GLMNet elastic-net logistic,123
UM0166055,train,0.4922645173015212,GLMNet elastic-net logistic,123
UM0166106,train,0.22837688017507027,GLMNet elastic-net logistic,123
UM0166270,train,0.24740555336540507,GLMNet elastic-net logistic,123
UM0166270,train,0.24740555336540507,GLMNet elastic-net logistic,123
UM0166272,train,0.95,GLMNet elastic-net logistic,123
UM0166321,train,0.08726414327712609,GLMNet elastic-net logistic,123
UM0166629,train,0.2748374669620537,GLMNet elastic-net logistic,123
UM0166629,test,0.2748374669620537,GLMNet elastic-net logistic,123
UM0167469,train,0.5522237981972002,GLMNet elastic-net logistic,123
UM0167469,test,0.5522237981972002,GLMNet elastic-net logistic,123
UM0167593,train,0.49508733690139284,GLMNet elastic-net logistic,123
UM0167593,test,0.4907893740093823,GLMNet elastic-net logistic,123
UM0168137,train,0.17761666290824174,GLMNet elastic-net logistic,123
UM0168137,train,0.17511885827620108,GLMNet elastic-net logistic,123
UM0168451,test,0.35174601529216126,GLMNet elastic-net logistic,123
UM0169282,train,0.7794345534005096,GLMNet elastic-net logistic,123
UM0169488,train,0.24185911173498725,GLMNet elastic-net logistic,123
UM0170006,test,0.28839396684605456,GLMNet elastic-net logistic,123
UM0170006,train,0.28839396684605456,GLMNet elastic-net logistic,123
UM0170006,test,0.28839396684605456,GLMNet elastic-net logistic,123
UM0170006,test,0.28839396684605456,GLMNet elastic-net logistic,123
UM0170370,train,0.95,GLMNet elastic-net logistic,123
UM0170680,train,0.7339911228441214,GLMNet elastic-net logistic,123
UM0170684,train,0.28855490635585174,GLMNet elastic-net logistic,123
UM0170684,test,0.28855490635585174,GLMNet elastic-net logistic,123
UM0170893,train,0.05,GLMNet elastic-net logistic,123
UM0170893,test,0.05,GLMNet elastic-net logistic,123
UM0171364,train,0.5261794260521387,GLMNet elastic-net logistic,123
UM0172555,train,0.2580085736174614,GLMNet elastic-net logistic,123
UM0172555,train,0.2580085736174614,GLMNet elastic-net logistic,123
UM0172714,train,0.3470744338059496,GLMNet elastic-net logistic,123
UM0172714,train,0.3470744338059496,GLMNet elastic-net logistic,123
UM0173016,test,0.342512374135987,GLMNet elastic-net logistic,123
UM0173131,train,0.36870875399669417,GLMNet elastic-net logistic,123
UM0173131,train,0.3647154245072091,GLMNet elastic-net logistic,123
UM0173337,train,0.19478645497476108,GLMNet elastic-net logistic,123
UM0173337,test,0.19478645497476108,GLMNet elastic-net logistic,123
UM0182421,train,0.3785611138004045,GLMNet elastic-net logistic,123
UM0182421,train,0.3785611138004045,GLMNet elastic-net logistic,123
UM0186717,test,0.23165160131355106,GLMNet elastic-net logistic,123
UM0186972,test,0.44126546906456754,GLMNet elastic-net logistic,123
UM0188173,train,0.3128238211156293,GLMNet elastic-net logistic,123
UM0188173,test,0.34105024221390606,GLMNet elastic-net logistic,123
UM0189300,train,0.7095333059323052,GLMNet elastic-net logistic,123
UM0190471,train,0.3823933973170527,GLMNet elastic-net logistic,123
UM0191431,train,0.4772838562025774,GLMNet elastic-net logistic,123
UM0191431,train,0.4772838562025774,GLMNet elastic-net logistic,123
UM0191715,train,0.3037310810684161,GLMNet elastic-net logistic,123
UM0191937,train,0.95,GLMNet elastic-net logistic,123
UM0192302,train,0.4411475607846121,GLMNet elastic-net logistic,123
UM0192302,test,0.43691266205606916,GLMNet elastic-net logistic,123
UM0192395,train,0.26605583575618663,GLMNet elastic-net logistic,123
UM0192803,train,0.05,GLMNet elastic-net logistic,123
UM0192803,test,0.05,GLMNet elastic-net logistic,123
UM0192909,train,0.25887696529775667,GLMNet elastic-net logistic,123
UM0192909,train,0.2621897206013553,GLMNet elastic-net logistic,123
UM0193182,train,0.3525214762201981,GLMNet elastic-net logistic,123
UM0193182,test,0.3525214762201981,GLMNet elastic-net logistic,123
UM0193980,train,0.3307524132016674,GLMNet elastic-net logistic,123
UM0193980,train,0.3345697179237,GLMNet elastic-net logistic,123
UM0194382,train,0.95,GLMNet elastic-net logistic,123
UM0200655,train,0.44391569779961687,GLMNet elastic-net logistic,123
UM0200655,train,0.44391569779961687,GLMNet elastic-net logistic,123
UM0203089,train,0.95,GLMNet elastic-net logistic,123
UM0203877,test,0.37425450475701055,GLMNet elastic-net logistic,123
UM0203877,train,0.3782900858326636,GLMNet elastic-net logistic,123
UM0214900,train,0.95,GLMNet elastic-net logistic,123
UM0214900,train,0.95,GLMNet elastic-net logistic,123
UM0215107,train,0.48181913017444594,GLMNet elastic-net logistic,123
UM0215107,train,0.47752741459875425,GLMNet elastic-net logistic,123
UM0217044,test,0.4069628516814239,GLMNet elastic-net logistic,123
UM0217181,train,0.24741841784829835,GLMNet elastic-net logistic,123
UM0217303,test,0.3568974446043634,GLMNet elastic-net logistic,123
UM0217303,train,0.3568974446043634,GLMNet elastic-net logistic,123
UM0217666,test,0.652495620812184,GLMNet elastic-net logistic,123
UM0218958,train,0.95,GLMNet elastic-net logistic,123
UM0218958,train,0.95,GLMNet elastic-net logistic,123
UM0221731,train,0.6196232779053695,GLMNet elastic-net logistic,123
UM0221731,train,0.6196232779053695,GLMNet elastic-net logistic,123
UM0222095,train,0.7601719137412377,GLMNet elastic-net logistic,123
UM0222152,test,0.7224080469223532,GLMNet elastic-net logistic,123
UM0222164,train,0.5430957080743118,GLMNet elastic-net logistic,123
UM0222164,train,0.5430957080743118,GLMNet elastic-net logistic,123
UM0222189,test,0.20034890543705214,GLMNet elastic-net logistic,123
UM0222189,test,0.20034890543705214,GLMNet elastic-net logistic,123
UM0222201,train,0.5223201577152571,GLMNet elastic-net logistic,123
UM0222229,test,0.6577276396365036,GLMNet elastic-net logistic,123
UM0222229,train,0.5068319131841356,GLMNet elastic-net logistic,123
UM0222229,test,0.5068319131841356,GLMNet elastic-net logistic,123
UM0223482,train,0.5261374649143041,GLMNet elastic-net logistic,123
UM0223482,train,0.5261374649143041,GLMNet elastic-net logistic,123
UM0225520,test,0.3683986143306738,GLMNet elastic-net logistic,123
UM0225520,train,0.37240863118077916,GLMNet elastic-net logistic,123
UM0225749,test,0.4861022071164508,GLMNet elastic-net logistic,123
UM0225749,test,0.4861022071164508,GLMNet elastic-net logistic,123
UM0227243,train,0.7293613070520517,GLMNet elastic-net logistic,123
UM0227370,train,0.6196296766803082,GLMNet elastic-net logistic,123
UM0227560,train,0.5854054983729516,GLMNet elastic-net logistic,123
UM0227560,train,0.5854054983729516,GLMNet elastic-net logistic,123
UM0227685,train,0.5155476497689621,GLMNet elastic-net logistic,123
UM0227685,test,0.5198410863694551,GLMNet elastic-net logistic,123
UM0227965,train,0.9385148209140537,GLMNet elastic-net logistic,123
UM0227965,train,0.9231357690963102,GLMNet elastic-net logistic,123
UM0227965,train,0.9231357690963102,GLMNet elastic-net logistic,123
UM0228051,train,0.6066860365841366,GLMNet elastic-net logistic,123
UM0228051,train,0.6025754664924675,GLMNet elastic-net logistic,123
UM0228127,test,0.31481408408073236,GLMNet elastic-net logistic,123
UM0228127,train,0.31481408408073236,GLMNet elastic-net logistic,123
UM0228653,train,0.5689861427818935,GLMNet elastic-net logistic,123
UM0228653,test,0.5689861427818935,GLMNet elastic-net logistic,123
UM0229666,test,0.95,GLMNet elastic-net logistic,123
UM0229666,train,0.95,GLMNet elastic-net logistic,123
UM0229775,train,0.4406881588776534,GLMNet elastic-net logistic,123
UM0229775,train,0.4406881588776534,GLMNet elastic-net logistic,123
UM0230066,train,0.7239467027602945,GLMNet elastic-net logistic,123
UM0230103,train,0.48731188618883886,GLMNet elastic-net logistic,123
UM0230237,train,0.7085636366105945,GLMNet elastic-net logistic,123
UM0230237,train,0.7050000759971393,GLMNet elastic-net logistic,123
UM0230437,train,0.5296175182527529,GLMNet elastic-net logistic,123
UM0230437,test,0.5296175182527529,GLMNet elastic-net logistic,123
UM0232092,test,0.644811997871264,GLMNet elastic-net logistic,123
UM0232092,test,0.6487403697805286,GLMNet elastic-net logistic,123
UM0232691,train,0.6715543170878767,GLMNet elastic-net logistic,123
UM0232691,train,0.501118880746708,GLMNet elastic-net logistic,123
UM0232691,train,0.501118880746708,GLMNet elastic-net logistic,123
UM0234245,train,0.581955602244965,GLMNet elastic-net logistic,123
UM0234245,train,0.581955602244965,GLMNet elastic-net logistic,123
UM0237014,test,0.6606444800776955,GLMNet elastic-net logistic,123
UM0237163,test,0.2437577809888262,GLMNet elastic-net logistic,123
UM0237322,test,0.5471903224654759,GLMNet elastic-net logistic,123
UM0237322,train,0.5471903224654759,GLMNet elastic-net logistic,123
UM0242051,test,0.3057087368621487,GLMNet elastic-net logistic,123
UM0242051,train,0.3297930783529111,GLMNet elastic-net logistic,123
UM0242073,test,0.5974943311029655,GLMNet elastic-net logistic,123
UM0242073,test,0.5974943311029655,GLMNet elastic-net logistic,123
UM0242128,train,0.7134828656071092,GLMNet elastic-net logistic,123
UM0242128,train,0.7134828656071092,GLMNet elastic-net logistic,123
UM0242568,train,0.5218812588463029,GLMNet elastic-net logistic,123
UM0242568,train,0.5147446627888794,GLMNet elastic-net logistic,123
UM0242568,train,0.5218812588463029,GLMNet elastic-net logistic,123
UM0244822,test,0.43369882814243976,GLMNet elastic-net logistic,123
UM0244930,train,0.6277802778644357,GLMNet elastic-net logistic,123
UM0245076,train,0.7825060515384453,GLMNet elastic-net logistic,123
UM0245177,test,0.6672109034102756,GLMNet elastic-net logistic,123
UM0245177,train,0.6672109034102756,GLMNet elastic-net logistic,123
UM0245259,train,0.25928352158429163,GLMNet elastic-net logistic,123
UM0245331,train,0.5562043005528672,GLMNet elastic-net logistic,123
UM0246963,train,0.7860654808337105,GLMNet elastic-net logistic,123
UM0246963,train,0.8422570923168038,GLMNet elastic-net logistic,123
UM0247791,train,0.7228596114471907,GLMNet elastic-net logistic,123
UM0247791,train,0.7228596114471907,GLMNet elastic-net logistic,123
UM0247963,train,0.47804940688698805,GLMNet elastic-net logistic,123
UM0247963,test,0.47804940688698805,GLMNet elastic-net logistic,123
UM0247989,test,0.6258608079391851,GLMNet elastic-net logistic,123
UM0247989,train,0.6258608079391851,GLMNet elastic-net logistic,123
UM0247990,test,0.6331705201285648,GLMNet elastic-net logistic,123
UM0248759,train,0.95,GLMNet elastic-net logistic,123
UM0248776,train,0.5001969749253519,GLMNet elastic-net logistic,123
UM0248776,train,0.5001969749253519,GLMNet elastic-net logistic,123
UM0249709,train,0.31206695747427887,GLMNet elastic-net logistic,123
UM0249709,train,0.31206695747427887,GLMNet elastic-net logistic,123
UM0249795,train,0.6843914393496625,GLMNet elastic-net logistic,123
UM0249871,train,0.7815702070314572,GLMNet elastic-net logistic,123
UM0252408,train,0.46172589409322956,GLMNet elastic-net logistic,123
UM0252408,train,0.46172589409322956,GLMNet elastic-net logistic,123
UM0258159,train,0.6238291234144342,GLMNet elastic-net logistic,123
UM0258159,train,0.6238291234144342,GLMNet elastic-net logistic,123
UM0266976,train,0.19479670299245774,GLMNet elastic-net logistic,123
UM0266976,train,0.19479670299245774,GLMNet elastic-net logistic,123
UM0268165,train,0.6287975013202255,GLMNet elastic-net logistic,123
UM0268652,train,0.1801056733904537,GLMNet elastic-net logistic,123
UM0275467,train,0.6608146184312856,GLMNet elastic-net logistic,123
UM0275467,test,0.6608146184312856,GLMNet elastic-net logistic,123
UM0275866,train,0.4010491844200253,GLMNet elastic-net logistic,123
UM0276332,train,0.5613463248489085,GLMNet elastic-net logistic,123
UM0276332,test,0.5655758932018747,GLMNet elastic-net logistic,123
UM0276514,test,0.6037362893223254,GLMNet elastic-net logistic,123
UM0276514,train,0.5996152362349542,GLMNet elastic-net logistic,123
UM0276945,test,0.4472274295201235,GLMNet elastic-net logistic,123
UM0276945,train,0.45148214427103445,GLMNet elastic-net logistic,123
UM0277712,train,0.6563562990396371,GLMNet elastic-net logistic,123
UM0277712,train,0.6563562990396371,GLMNet elastic-net logistic,123
UM0277712,train,0.7830566326030869,GLMNet elastic-net logistic,123
UM0277742,test,0.4665064296971376,GLMNet elastic-net logistic,123
UM0277742,test,0.4665064296971376,GLMNet elastic-net logistic,123
UM0277959,train,0.41806763665661384,GLMNet elastic-net logistic,123
UM0277959,test,0.41389020925627995,GLMNet elastic-net logistic,123
UM0278087,test,0.49950231279136775,GLMNet elastic-net logistic,123
UM0278257,train,0.6010109932120825,GLMNet elastic-net logistic,123
UM0278290,train,0.7513575854933126,GLMNet elastic-net logistic,123
UM0278997,train,0.7373385303228891,GLMNet elastic-net logistic,123
UM0278997,test,0.7373385303228891,GLMNet elastic-net logistic,123
UM0279015,test,0.5671512058091936,GLMNet elastic-net logistic,123
UM0279015,train,0.47414529012127593,GLMNet elastic-net logistic,123
UM0279274,train,0.5850176145830723,GLMNet elastic-net logistic,123
UM0279274,train,0.5808370472837822,GLMNet elastic-net logistic,123
UM0279382,test,0.6695835124515072,GLMNet elastic-net logistic,123
UM0279524,train,0.15162333142781967,GLMNet elastic-net logistic,123
UM0279524,test,0.15162333142781967,GLMNet elastic-net logistic,123
UM0279557,train,0.48449022520929486,GLMNet elastic-net logistic,123
UM0279557,test,0.4801967655923779,GLMNet elastic-net logistic,123
UM0279571,train,0.575002638791523,GLMNet elastic-net logistic,123
UM0279571,train,0.575002638791523,GLMNet elastic-net logistic,123
UM0279572,train,0.6781717589284466,GLMNet elastic-net logistic,123
UM0279790,train,0.4351659439997747,GLMNet elastic-net logistic,123
UM0279970,test,0.6987524270908548,GLMNet elastic-net logistic,123
UM0279970,train,0.6987524270908548,GLMNet elastic-net logistic,123
UM0280004,train,0.5602318435749799,GLMNet elastic-net logistic,123
UM0280004,test,0.5602318435749799,GLMNet elastic-net logistic,123
UM0280004,test,0.4447208012341746,GLMNet elastic-net logistic,123
UM0280004,train,0.5602318435749799,GLMNet elastic-net logistic,123
UM0280004,test,0.5602318435749799,GLMNet elastic-net logistic,123
UM0280005,train,0.45534937576595286,GLMNet elastic-net logistic,123
UM0280005,train,0.4510881876441091,GLMNet elastic-net logistic,123
UM0280027,train,0.5124385479802883,GLMNet elastic-net logistic,123
UM0280028,test,0.5467157254093002,GLMNet elastic-net logistic,123
UM0280028,train,0.5467157254093002,GLMNet elastic-net logistic,123
UM0280066,train,0.05,GLMNet elastic-net logistic,123
UM0280089,test,0.5080709330080239,GLMNet elastic-net logistic,123
UM0280089,train,0.5080709330080239,GLMNet elastic-net logistic,123
UM0280107,train,0.4549038733891125,GLMNet elastic-net logistic,123
UM0280173,train,0.5905303290986058,GLMNet elastic-net logistic,123
UM0280173,train,0.5863660311976846,GLMNet elastic-net logistic,123
UM0280174,test,0.5810494937588957,GLMNet elastic-net logistic,123
UM0280174,test,0.5810494937588957,GLMNet elastic-net logistic,123
UM0280222,test,0.6391985186801001,GLMNet elastic-net logistic,123
UM0280222,train,0.6391985186801001,GLMNet elastic-net logistic,123
UM0280480,test,0.4785120742673873,GLMNet elastic-net logistic,123
UM0280480,test,0.4785120742673873,GLMNet elastic-net logistic,123
UM0280480,train,0.42653851947792704,GLMNet elastic-net logistic,123
UM0280543,test,0.638393859578965,GLMNet elastic-net logistic,123
UM0280607,train,0.5868977044465781,GLMNet elastic-net logistic,123
UM0280626,train,0.4672361885366453,GLMNet elastic-net logistic,123
UM0280626,test,0.4672361885366453,GLMNet elastic-net logistic,123
UM0288071,train,0.7022101734456424,GLMNet elastic-net logistic,123
UM0288071,train,0.7022101734456424,GLMNet elastic-net logistic,123
UM0292192,train,0.05,GLMNet elastic-net logistic,123
UM0292192,test,0.05,GLMNet elastic-net logistic,123
UM0294406,test,0.95,GLMNet elastic-net logistic,123
UM0294406,train,0.95,GLMNet elastic-net logistic,123
UM0298061,test,0.7244169733849809,GLMNet elastic-net logistic,123
UM0298061,test,0.7244169733849809,GLMNet elastic-net logistic,123
UM0298139,train,0.05,GLMNet elastic-net logistic,123
UM0298781,train,0.6120868750447771,GLMNet elastic-net logistic,123
UM0298781,train,0.6120868750447771,GLMNet elastic-net logistic,123
UM0301440,train,0.2973573090537326,GLMNet elastic-net logistic,123
UM0302585,train,0.7595279036507171,GLMNet elastic-net logistic,123
UM0302585,train,0.762654529606678,GLMNet elastic-net logistic,123
UM0302987,train,0.05,GLMNet elastic-net logistic,123
UM0303023,test,0.6868096898886719,GLMNet elastic-net logistic,123
UM0303976,train,0.6478142479366232,GLMNet elastic-net logistic,123
UM0303976,test,0.6478142479366232,GLMNet elastic-net logistic,123
UM0304132,train,0.39496733904581144,GLMNet elastic-net logistic,123
UM0304132,train,0.39496733904581144,GLMNet elastic-net logistic,123
UM0304356,test,0.5860687255278999,GLMNet elastic-net logistic,123
UM0304356,train,0.5860687255278999,GLMNet elastic-net logistic,123
UM0304712,train,0.5428905846978274,GLMNet elastic-net logistic,123
UM0304712,train,0.5428905846978274,GLMNet elastic-net logistic,123
UM0304767,train,0.21721435827993732,GLMNet elastic-net logistic,123
UM0304844,train,0.932840139164069,GLMNet elastic-net logistic,123
UM0304844,train,0.932840139164069,GLMNet elastic-net logistic,123
UM0304972,train,0.41996579771194376,GLMNet elastic-net logistic,123
UM0305342,test,0.7603410091339325,GLMNet elastic-net logistic,123
UM0305342,train,0.7603410091339325,GLMNet elastic-net logistic,123
UM0305384,test,0.5137947635564205,GLMNet elastic-net logistic,123
UM0305384,train,0.5137947635564205,GLMNet elastic-net logistic,123
UM0305453,test,0.6157683119735272,GLMNet elastic-net logistic,123
UM0305453,test,0.6157683119735272,GLMNet elastic-net logistic,123
UM0307345,train,0.31643415795657887,GLMNet elastic-net logistic,123
UM0310256,test,0.6441299698564047,GLMNet elastic-net logistic,123
UM0310256,train,0.6441299698564047,GLMNet elastic-net logistic,123
UM0313598,train,0.4803861707052842,GLMNet elastic-net logistic,123
UM0313949,train,0.7302889409517851,GLMNet elastic-net logistic,123
UM0313949,train,0.7302889409517851,GLMNet elastic-net logistic,123
UM0313998,train,0.95,GLMNet elastic-net logistic,123
UM0314697,train,0.5477684200334648,GLMNet elastic-net logistic,123
UM0315491,train,0.45970856959184847,GLMNet elastic-net logistic,123
UM0315491,test,0.45970856959184847,GLMNet elastic-net logistic,123
UM0317529,test,0.33327706173745864,GLMNet elastic-net logistic,123
UM0317529,train,0.33327706173745864,GLMNet elastic-net logistic,123
UM0318424,train,0.6707240690904338,GLMNet elastic-net logistic,123
UM0318424,train,0.6669153238020987,GLMNet elastic-net logistic,123
UM0318760,train,0.5782801387548667,GLMNet elastic-net logistic,123
UM0318760,train,0.5782801387548667,GLMNet elastic-net logistic,123
UM0319126,test,0.8075320580522595,GLMNet elastic-net logistic,123
UM0319389,train,0.95,GLMNet elastic-net logistic,123
UM0319640,test,0.7861078970264893,GLMNet elastic-net logistic,123
UM0319640,train,0.7861078970264893,GLMNet elastic-net logistic,123
UM0320101,test,0.8619303562387842,GLMNet elastic-net logistic,123
UM0320101,train,0.8619303562387842,GLMNet elastic-net logistic,123
UM0320101,train,0.8764029256913577,GLMNet elastic-net logistic,123
UM0320108,train,0.7160853043647646,GLMNet elastic-net logistic,123
UM0320108,test,0.7160853043647646,GLMNet elastic-net logistic,123
UM0320109,train,0.6485139522917509,GLMNet elastic-net logistic,123
UM0320109,train,0.6485139522917509,GLMNet elastic-net logistic,123
UM0320609,train,0.7288462369280525,GLMNet elastic-net logistic,123
UM0320609,train,0.7254345816856277,GLMNet elastic-net logistic,123
UM0320739,train,0.5342583215642482,GLMNet elastic-net logistic,123
UM0320770,test,0.6982486137392581,GLMNet elastic-net logistic,123
UM0320770,test,0.6982486137392581,GLMNet elastic-net logistic,123
UM0320829,train,0.5685005238490438,GLMNet elastic-net logistic,123
UM0320911,test,0.46245324955441003,GLMNet elastic-net logistic,123
UM0321427,train,0.5640699019242804,GLMNet elastic-net logistic,123
UM0321519,train,0.4402173703571726,GLMNet elastic-net logistic,123
UM0321605,test,0.538405070330943,GLMNet elastic-net logistic,123
UM0321605,test,0.5426756294055008,GLMNet elastic-net logistic,123
UM0321636,train,0.635284072355166,GLMNet elastic-net logistic,123
UM0321934,test,0.7387711412082308,GLMNet elastic-net logistic,123
UM0322023,train,0.6527046560405447,GLMNet elastic-net logistic,123
UM0322045,test,0.3537186379583364,GLMNet elastic-net logistic,123
UM0322045,test,0.3537186379583364,GLMNet elastic-net logistic,123
UM0322211,train,0.7158806171920543,GLMNet elastic-net logistic,123
UM0322241,train,0.5052157587897643,GLMNet elastic-net logistic,123
UM0322241,train,0.5052157587897643,GLMNet elastic-net logistic,123
UM0322295,train,0.16951496836381638,GLMNet elastic-net logistic,123
UM0322295,train,0.16951496836381638,GLMNet elastic-net logistic,123
UM0322347,train,0.95,GLMNet elastic-net logistic,123
UM0322347,train,0.95,GLMNet elastic-net logistic,123
UM0322347,train,0.95,GLMNet elastic-net logistic,123
UM0322347,test,0.95,GLMNet elastic-net logistic,123
UM0322352,test,0.6539035197515147,GLMNet elastic-net logistic,123
UM0322352,train,0.6500017382265548,GLMNet elastic-net logistic,123
UM0322366,train,0.5231574506577185,GLMNet elastic-net logistic,123
UM0322366,train,0.49067709907712775,GLMNet elastic-net logistic,123
UM0322366,train,0.49067709907712775,GLMNet elastic-net logistic,123
UM0322381,test,0.5408714766161065,GLMNet elastic-net logistic,123
UM0322381,test,0.5408714766161065,GLMNet elastic-net logistic,123
UM0322585,train,0.540080883564284,GLMNet elastic-net logistic,123
UM0322585,train,0.5786309235779526,GLMNet elastic-net logistic,123
UM0322585,train,0.5744328199681883,GLMNet elastic-net logistic,123
UM0322595,train,0.5496598090496031,GLMNet elastic-net logistic,123
UM0322602,train,0.5413874128977452,GLMNet elastic-net logistic,123
UM0322602,test,0.5413874128977452,GLMNet elastic-net logistic,123
UM0322617,test,0.5570530361993223,GLMNet elastic-net logistic,123
UM0322649,train,0.60993429411512,GLMNet elastic-net logistic,123
UM0322668,test,0.35152120249925994,GLMNet elastic-net logistic,123
UM0322808,train,0.4676065230358655,GLMNet elastic-net logistic,123
UM0322821,train,0.5420664295651918,GLMNet elastic-net logistic,123
UM0322903,test,0.5601081259859434,GLMNet elastic-net logistic,123
UM0322903,train,0.5601081259859434,GLMNet elastic-net logistic,123
UM0333064,test,0.7895300535948249,GLMNet elastic-net logistic,123
UM0333064,test,0.6276466640772816,GLMNet elastic-net logistic,123
UM0333064,train,0.7895300535948249,GLMNet elastic-net logistic,123
UM0333261,train,0.6080577480808342,GLMNet elastic-net logistic,123
UM0333261,train,0.6080577480808342,GLMNet elastic-net logistic,123
UM0335426,test,0.6033601544081761,GLMNet elastic-net logistic,123
UM0335426,test,0.6033601544081761,GLMNet elastic-net logistic,123
UM0342756,test,0.5655367795098496,GLMNet elastic-net logistic,123
UM0344630,train,0.7363429811231619,GLMNet elastic-net logistic,123
UM0344630,train,0.7363429811231619,GLMNet elastic-net logistic,123
UM0346542,train,0.2639015482436584,GLMNet elastic-net logistic,123
UM0346542,train,0.2639015482436584,GLMNet elastic-net logistic,123
UM0347239,train,0.4744229263128921,GLMNet elastic-net logistic,123
UM0350860,train,0.5336995324634973,GLMNet elastic-net logistic,123
UM0350860,train,0.5336995324634973,GLMNet elastic-net logistic,123
UM0350977,train,0.05,GLMNet elastic-net logistic,123
UM0350977,train,0.05,GLMNet elastic-net logistic,123
UM0351755,train,0.6263602449493137,GLMNet elastic-net logistic,123
UM0351755,train,0.6303757107834659,GLMNet elastic-net logistic,123
UM0352055,train,0.3177086123404351,GLMNet elastic-net logistic,123
UM0352797,test,0.05,GLMNet elastic-net logistic,123
UM0352797,train,0.05,GLMNet elastic-net logistic,123
UM0352939,train,0.7340390581929713,GLMNet elastic-net logistic,123
UM0352939,train,0.7955600471639112,GLMNet elastic-net logistic,123
UM0352939,train,0.7340390581929713,GLMNet elastic-net logistic,123
UM0352939,train,0.7340390581929713,GLMNet elastic-net logistic,123
UM0352939,test,0.7340390581929713,GLMNet elastic-net logistic,123
UM0353071,train,0.5872679081633891,GLMNet elastic-net logistic,123
UM0353071,test,0.5872679081633891,GLMNet elastic-net logistic,123
UM0353071,train,0.6317601256040664,GLMNet elastic-net logistic,123
UM0353558,train,0.3929899144331283,GLMNet elastic-net logistic,123
UM0353558,test,0.3888956094080041,GLMNet elastic-net logistic,123
UM0353824,test,0.35442361108496717,GLMNet elastic-net logistic,123
UM0353824,train,0.35442361108496717,GLMNet elastic-net logistic,123
UM0353996,test,0.6841987343802404,GLMNet elastic-net logistic,123
UM0354120,test,0.6555003884519351,GLMNet elastic-net logistic,123
UM0354120,test,0.6555003884519351,GLMNet elastic-net logistic,123
UM0354161,test,0.712064751817002,GLMNet elastic-net logistic,123
UM0354161,train,0.6581974450255788,GLMNet elastic-net logistic,123
UM0354161,train,0.6581974450255788,GLMNet elastic-net logistic,123
UM0354575,train,0.6082632909968407,GLMNet elastic-net logistic,123
UM0354575,train,0.6082632909968407,GLMNet elastic-net logistic,123
UM0354634,train,0.08378302807704611,GLMNet elastic-net logistic,123
UM0354634,train,0.08378302807704611,GLMNet elastic-net logistic,123
UM0354689,train,0.6065784914589015,GLMNet elastic-net logistic,123
UM0354930,train,0.5714057413515532,GLMNet elastic-net logistic,123
UM0354930,train,0.5439986956212045,GLMNet elastic-net logistic,123
UM0355179,test,0.95,GLMNet elastic-net logistic,123
UM0355179,train,0.95,GLMNet elastic-net logistic,123
UM0355261,train,0.5881723378212591,GLMNet elastic-net logistic,123
UM0355649,train,0.44619636680923536,GLMNet elastic-net logistic,123
UM0355649,train,0.4504492658138336,GLMNet elastic-net logistic,123
UM0355907,train,0.95,GLMNet elastic-net logistic,123
UM0355939,train,0.37467693263556184,GLMNet elastic-net logistic,123
UM0355939,test,0.37467693263556184,GLMNet elastic-net logistic,123
UM0355977,test,0.7805269713028604,GLMNet elastic-net logistic,123
UM0355977,train,0.7834584077821023,GLMNet elastic-net logistic,123
UM0356052,test,0.4242938527940476,GLMNet elastic-net logistic,123
UM0356052,test,0.4242938527940476,GLMNet elastic-net logistic,123
UM0356295,test,0.27177403381863546,GLMNet elastic-net logistic,123
UM0356295,test,0.27177403381863546,GLMNet elastic-net logistic,123
UM0356315,train,0.95,GLMNet elastic-net logistic,123
UM0356463,train,0.5605712931314616,GLMNet elastic-net logistic,123
UM0356463,test,0.5605712931314616,GLMNet elastic-net logistic,123
UM0356560,test,0.6710472323614576,GLMNet elastic-net logistic,123
UM0356560,train,0.6710472323614576,GLMNet elastic-net logistic,123
UM0356561,train,0.6308924511870639,GLMNet elastic-net logistic,123
UM0356561,test,0.6308924511870639,GLMNet elastic-net logistic,123
UM0356561,test,0.64985609707495,GLMNet elastic-net logistic,123
UM0356673,train,0.33151543304332426,GLMNet elastic-net logistic,123
UM0356673,test,0.33151543304332426,GLMNet elastic-net logistic,123
UM0356731,train,0.4914141589639618,GLMNet elastic-net logistic,123
UM0356782,train,0.4703568910011179,GLMNet elastic-net logistic,123
UM0358222,train,0.6898058824810624,GLMNet elastic-net logistic,123
UM0358222,train,0.6898058824810624,GLMNet elastic-net logistic,123
UM0360378,test,0.5866120666172646,GLMNet elastic-net logistic,123
UM0378022,train,0.21331524342558006,GLMNet elastic-net logistic,123
UM0378022,train,0.21331524342558006,GLMNet elastic-net logistic,123
UM0380111,train,0.529173315874076,GLMNet elastic-net logistic,123
UM0380111,train,0.529173315874076,GLMNet elastic-net logistic,123
UM0380111,test,0.48897168064646984,GLMNet elastic-net logistic,123
UM0380943,test,0.4489959875921939,GLMNet elastic-net logistic,123
UM0388443,train,0.5548973004573428,GLMNet elastic-net logistic,123
UM0388443,test,0.5548973004573428,GLMNet elastic-net logistic,123
UM0389473,test,0.3059761434136297,GLMNet elastic-net logistic,123
UM0389473,test,0.3059761434136297,GLMNet elastic-net logistic,123
UM0389888,test,0.5877585482753585,GLMNet elastic-net logistic,123
UM0390008,train,0.7480217420279184,GLMNet elastic-net logistic,123
UM0390142,train,0.7225080065896062,GLMNet elastic-net logistic,123
UM0391265,train,0.4920807412152268,GLMNet elastic-net logistic,123
UM0391265,train,0.4877836637886297,GLMNet elastic-net logistic,123
UM0391268,train,0.8105929253503765,GLMNet elastic-net logistic,123
UM0391268,train,0.8132188788676432,GLMNet elastic-net logistic,123
UM0391434,train,0.8887905668953711,GLMNet elastic-net logistic,123
UM0391584,train,0.6733576304520491,GLMNet elastic-net logistic,123
UM0391816,test,0.7690867548859553,GLMNet elastic-net logistic,123
UM0391885,test,0.18625577583962594,GLMNet elastic-net logistic,123
UM0392111,train,0.48420502509035285,GLMNet elastic-net logistic,123
UM0392111,train,0.48420502509035285,GLMNet elastic-net logistic,123
UM0392239,test,0.6515189898551623,GLMNet elastic-net logistic,123
UM0392239,test,0.6515189898551623,GLMNet elastic-net logistic,123
UM0392347,test,0.5268155802299432,GLMNet elastic-net logistic,123
UM0392347,test,0.5268155802299432,GLMNet elastic-net logistic,123
UM0392574,train,0.64690902053736,GLMNet elastic-net logistic,123
UM0392574,train,0.64690902053736,GLMNet elastic-net logistic,123
UM0392817,train,0.41063550621453837,GLMNet elastic-net logistic,123
UM0392817,train,0.4148033323182244,GLMNet elastic-net logistic,123
UM0392950,test,0.6796608260176781,GLMNet elastic-net logistic,123
UM0392950,train,0.6833930179891274,GLMNet elastic-net logistic,123
UM0392959,train,0.6594893084136538,GLMNet elastic-net logistic,123
UM0392959,train,0.6594893084136538,GLMNet elastic-net logistic,123
UM0392984,test,0.6729423078149461,GLMNet elastic-net logistic,123
UM0392984,train,0.6767155432573596,GLMNet elastic-net logistic,123
UM0393068,test,0.5587206219616193,GLMNet elastic-net logistic,123
UM0393068,test,0.5587206219616193,GLMNet elastic-net logistic,123
UM0393172,train,0.7104207661280507,GLMNet elastic-net logistic,123
UM0393173,train,0.8444564459433228,GLMNet elastic-net logistic,123
UM0393173,train,0.8444564459433228,GLMNet elastic-net logistic,123
UM0393173,train,0.8444564459433228,GLMNet elastic-net logistic,123
UM0393173,train,0.8444564459433228,GLMNet elastic-net logistic,123
UM0393173,train,0.8253399071138339,GLMNet elastic-net logistic,123
UM0393290,train,0.45988603413216567,GLMNet elastic-net logistic,123
UM0393290,train,0.45988603413216567,GLMNet elastic-net logistic,123
UM0393387,train,0.44125743230246217,GLMNet elastic-net logistic,123
UM0393387,train,0.44125743230246217,GLMNet elastic-net logistic,123
UM0393406,test,0.47559286314560384,GLMNet elastic-net logistic,123
UM0393406,train,0.4993476996671108,GLMNet elastic-net logistic,123
UM0393406,test,0.4993476996671108,GLMNet elastic-net logistic,123
UM0393439,train,0.293837855582626,GLMNet elastic-net logistic,123
UM0393439,train,0.293837855582626,GLMNet elastic-net logistic,123
UM0393450,train,0.47962595934177216,GLMNet elastic-net logistic,123
UM0393450,train,0.47962595934177216,GLMNet elastic-net logistic,123
UM0393458,train,0.95,GLMNet elastic-net logistic,123
UM0393458,train,0.95,GLMNet elastic-net logistic,123
UM0393468,test,0.6064894771283883,GLMNet elastic-net logistic,123
UM0393468,train,0.6064894771283883,GLMNet elastic-net logistic,123
UM0393514,train,0.3287592632767804,GLMNet elastic-net logistic,123
UM0393514,train,0.3287592632767804,GLMNet elastic-net logistic,123
UM0393519,train,0.5953708725416295,GLMNet elastic-net logistic,123
UM0393523,train,0.24191473147621695,GLMNet elastic-net logistic,123
UM0393523,train,0.24191473147621695,GLMNet elastic-net logistic,123
UM0393525,train,0.3610318107558164,GLMNet elastic-net logistic,123
UM0393525,test,0.3610318107558164,GLMNet elastic-net logistic,123
UM0393531,train,0.5597204318602558,GLMNet elastic-net logistic,123
UM0393535,test,0.47612780983921,GLMNet elastic-net logistic,123
UM0393556,train,0.05,GLMNet elastic-net logistic,123
UM0393556,test,0.05,GLMNet elastic-net logistic,123
UM0394188,train,0.5068544202039142,GLMNet elastic-net logistic,123
UM0394188,train,0.5068544202039142,GLMNet elastic-net logistic,123
UM0394255,test,0.4968833413366862,GLMNet elastic-net logistic,123
UM0394255,train,0.4925849977710214,GLMNet elastic-net logistic,123
UM0394435,train,0.5275315788108793,GLMNet elastic-net logistic,123
UM0394720,train,0.4203351088568731,GLMNet elastic-net logistic,123
UM0394720,test,0.4203351088568731,GLMNet elastic-net logistic,123
UM0397377,test,0.30011915196851835,GLMNet elastic-net logistic,123
UM0397377,test,0.30011915196851835,GLMNet elastic-net logistic,123
UM0399002,train,0.6120469263566973,GLMNet elastic-net logistic,123
UM0399002,train,0.6120469263566973,GLMNet elastic-net logistic,123
UM0399236,test,0.4909080815761564,GLMNet elastic-net logistic,123
UM0399236,test,0.4909080815761564,GLMNet elastic-net logistic,123
UM0399363,train,0.30262978190859696,GLMNet elastic-net logistic,123
UM0399363,train,0.30262978190859696,GLMNet elastic-net logistic,123
UM0400294,test,0.6840694578825945,GLMNet elastic-net logistic,123
UM0404595,test,0.95,GLMNet elastic-net logistic,123
UM0404774,test,0.7528842672317444,GLMNet elastic-net logistic,123
UM0404774,train,0.756069531857724,GLMNet elastic-net logistic,123
UM0404878,train,0.05,GLMNet elastic-net logistic,123
UM0404900,train,0.46984236704116966,GLMNet elastic-net logistic,123
UM0404900,train,0.46984236704116966,GLMNet elastic-net logistic,123
UM0407689,train,0.6275378575819611,GLMNet elastic-net logistic,123
UM0407728,train,0.5763833452472207,GLMNet elastic-net logistic,123
UM0407728,train,0.48056764053237944,GLMNet elastic-net logistic,123
UM0407728,test,0.5763833452472207,GLMNet elastic-net logistic,123
UM0409213,test,0.939862184614516,GLMNet elastic-net logistic,123
UM0409213,test,0.9388828968627244,GLMNet elastic-net logistic,123
UM0411510,test,0.8303360393990067,GLMNet elastic-net logistic,123
UM0411523,test,0.95,GLMNet elastic-net logistic,123
UM0412293,train,0.37275506132688724,GLMNet elastic-net logistic,123
UM0412686,train,0.4868505349614812,GLMNet elastic-net logistic,123
UM0412847,train,0.05,GLMNet elastic-net logistic,123
UM0412847,train,0.05,GLMNet elastic-net logistic,123
UM0413388,train,0.7287952001628935,GLMNet elastic-net logistic,123
UM0414360,train,0.5197362933056118,GLMNet elastic-net logistic,123
UM0414360,test,0.5154427931049416,GLMNet elastic-net logistic,123
UM0414463,train,0.27200244406552415,GLMNet elastic-net logistic,123
UM0414463,train,0.27200244406552415,GLMNet elastic-net logistic,123
UM0424359,train,0.6336611904912303,GLMNet elastic-net logistic,123
UM0424359,train,0.6376435852735594,GLMNet elastic-net logistic,123
UM0424589,train,0.4110409081950907,GLMNet elastic-net logistic,123
UM0424589,train,0.4110409081950907,GLMNet elastic-net logistic,123
UM0424592,train,0.4351974124112503,GLMNet elastic-net logistic,123
UM0424772,train,0.3365792187419605,GLMNet elastic-net logistic,123
UM0424772,train,0.33275045144209064,GLMNet elastic-net logistic,123
UM0424772,test,0.4287472278614703,GLMNet elastic-net logistic,123
UM0426010,test,0.4107339699919155,GLMNet elastic-net logistic,123
UM0426010,train,0.4065786239633066,GLMNet elastic-net logistic,123
UM0426436,train,0.37556377225221577,GLMNet elastic-net logistic,123
UM0426476,train,0.7040416104993719,GLMNet elastic-net logistic,123
UM0426476,train,0.7040416104993719,GLMNet elastic-net logistic,123
UM0426476,train,0.6476250361370057,GLMNet elastic-net logistic,123
UM0426477,test,0.2299553914419053,GLMNet elastic-net logistic,123
UM0427158,test,0.6582275968740153,GLMNet elastic-net logistic,123
UM0427158,train,0.6582275968740153,GLMNet elastic-net logistic,123
UM0428635,train,0.5516976589847508,GLMNet elastic-net logistic,123
UM0429635,test,0.8703150996066412,GLMNet elastic-net logistic,123
UM0429841,train,0.3685589759577866,GLMNet elastic-net logistic,123
UM0429841,train,0.36456633185181464,GLMNet elastic-net logistic,123
UM0430870,train,0.23856312114128403,GLMNet elastic-net logistic,123
UM0430870,train,0.23545362137076603,GLMNet elastic-net logistic,123
UM0431495,train,0.23270191517406102,GLMNet elastic-net logistic,123
UM0432187,test,0.38731762631178507,GLMNet elastic-net logistic,123
UM0432187,test,0.38731762631178507,GLMNet elastic-net logistic,123
UM0440357,train,0.2764986356715841,GLMNet elastic-net logistic,123
UM0440357,train,0.2764986356715841,GLMNet elastic-net logistic,123
UM0444917,train,0.05,GLMNet elastic-net logistic,123
UM0444917,train,0.05,GLMNet elastic-net logistic,123
UM0446610,train,0.44253370355018423,GLMNet elastic-net logistic,123
UM0446610,train,0.44253370355018423,GLMNet elastic-net logistic,123
UM0448571,test,0.3784888867595032,GLMNet elastic-net logistic,123
UM0448571,train,0.3784888867595032,GLMNet elastic-net logistic,123
UM0449992,train,0.7752484940065539,GLMNet elastic-net logistic,123
UM0449992,train,0.7782304016521387,GLMNet elastic-net logistic,123
UM0456374,test,0.7746473764208746,GLMNet elastic-net logistic,123
UM0456374,train,0.7716314289418732,GLMNet elastic-net logistic,123
UM0457704,train,0.40946870582214695,GLMNet elastic-net logistic,123
UM0457704,train,0.40946870582214695,GLMNet elastic-net logistic,123
UM0457780,train,0.7165709646701816,GLMNet elastic-net logistic,123
UM0458788,train,0.9314038299853199,GLMNet elastic-net logistic,123
UM0458822,test,0.6267692022493486,GLMNet elastic-net logistic,123
UM0458822,test,0.6267692022493486,GLMNet elastic-net logistic,123
UM0459344,train,0.7466471150303349,GLMNet elastic-net logistic,123
UM0459469,train,0.95,GLMNet elastic-net logistic,123
UM0459469,train,0.95,GLMNet elastic-net logistic,123
UM0459475,test,0.7049449293583173,GLMNet elastic-net logistic,123
UM0459475,test,0.7049449293583173,GLMNet elastic-net logistic,123
UM0459475,train,0.7049449293583173,GLMNet elastic-net logistic,123
UM0459475,train,0.7049449293583173,GLMNet elastic-net logistic,123
UM0459599,train,0.5597107260515828,GLMNet elastic-net logistic,123
UM0459599,train,0.5597107260515828,GLMNet elastic-net logistic,123
UM0459720,train,0.05,GLMNet elastic-net logistic,123
UM0459720,train,0.05,GLMNet elastic-net logistic,123
UM0459786,train,0.8679108642895617,GLMNet elastic-net logistic,123
UM0459786,train,0.8679108642895617,GLMNet elastic-net logistic,123
UM0459795,test,0.9089620644670423,GLMNet elastic-net logistic,123
UM0459795,train,0.9103750122586117,GLMNet elastic-net logistic,123
UM0461741,test,0.9320320273453379,GLMNet elastic-net logistic,123
UM0464719,train,0.95,GLMNet elastic-net logistic,123
UM0464719,train,0.95,GLMNet elastic-net logistic,123
UM0464719,train,0.95,GLMNet elastic-net logistic,123
UM0466410,test,0.9389545347520901,GLMNet elastic-net logistic,123
UM0466879,train,0.9351677143214606,GLMNet elastic-net logistic,123
UM0466879,train,0.9341173401972394,GLMNet elastic-net logistic,123
UM0466895,train,0.95,GLMNet elastic-net logistic,123
UM0467027,test,0.9047095020755284,GLMNet elastic-net logistic,123
UM0467027,train,0.9032167323520717,GLMNet elastic-net logistic,123
UM0467152,train,0.9260317318504303,GLMNet elastic-net logistic,123
UM0467152,train,0.9260317318504303,GLMNet elastic-net logistic,123
UM0467422,test,0.19389341081399436,GLMNet elastic-net logistic,123
UM0467470,train,0.913186822816948,GLMNet elastic-net logistic,123
UM0467470,train,0.913186822816948,GLMNet elastic-net logistic,123
UM0467474,train,0.9298574686684319,GLMNet elastic-net logistic,123
UM0467474,train,0.9298574686684319,GLMNet elastic-net logistic,123
UM0467491,train,0.8991581911206529,GLMNet elastic-net logistic,123
UM0467491,train,0.8991581911206529,GLMNet elastic-net logistic,123
UM0467493,test,0.8854999877023704,GLMNet elastic-net logistic,123
UM0467493,train,0.8854999877023704,GLMNet elastic-net logistic,123
UM0467502,test,0.05,GLMNet elastic-net logistic,123
UM0467502,train,0.05,GLMNet elastic-net logistic,123
UM0467503,train,0.05367444468214907,GLMNet elastic-net logistic,123
UM0467503,train,0.05367444468214907,GLMNet elastic-net logistic,123
UM0467503,test,0.07609886864461914,GLMNet elastic-net logistic,123
UM0467555,train,0.9349961715492402,GLMNet elastic-net logistic,123
UM0467555,train,0.9329818709496334,GLMNet elastic-net logistic,123
UM0467555,train,0.9349961715492402,GLMNet elastic-net logistic,123
UM0468892,train,0.931486940957437,GLMNet elastic-net logistic,123
UM0468892,train,0.9303813725679352,GLMNet elastic-net logistic,123
UM0470942,test,0.95,GLMNet elastic-net logistic,123
UM0471045,train,0.8003255370348592,GLMNet elastic-net logistic,123
UM0471045,train,0.8003255370348592,GLMNet elastic-net logistic,123
UM0471088,train,0.6854547064142538,GLMNet elastic-net logistic,123
UM0471110,train,0.9231312347312723,GLMNet elastic-net logistic,123
UM0471110,train,0.9231312347312723,GLMNet elastic-net logistic,123
UM0471201,train,0.8938021219921345,GLMNet elastic-net logistic,123
UM0471201,train,0.8938021219921345,GLMNet elastic-net logistic,123
UM0471261,test,0.8569872689693855,GLMNet elastic-net logistic,123
UM0471261,train,0.8590818280664199,GLMNet elastic-net logistic,123
UM0471413,train,0.95,GLMNet elastic-net logistic,123
UM0471413,train,0.95,GLMNet elastic-net logistic,123
UM0471414,test,0.8985230713127428,GLMNet elastic-net logistic,123
UM0471414,train,0.8985230713127428,GLMNet elastic-net logistic,123
UM0471414,test,0.95,GLMNet elastic-net logistic,123
UM0484765,train,0.95,GLMNet elastic-net logistic,123
UM0484765,test,0.95,GLMNet elastic-net logistic,123
UM0484922,train,0.9284902929889258,GLMNet elastic-net logistic,123
UM0484922,train,0.9284902929889258,GLMNet elastic-net logistic,123
UM0484922,test,0.9284902929889258,GLMNet elastic-net logistic,123
UM0484922,train,0.9433005509646326,GLMNet elastic-net logistic,123
UM0484922,train,0.9284902929889258,GLMNet elastic-net logistic,123
UM0486077,train,0.9080968024913026,GLMNet elastic-net logistic,123
UM0486077,test,0.9095218427723941,GLMNet elastic-net logistic,123
UM0487862,test,0.9448276128353181,GLMNet elastic-net logistic,123
UM0488074,test,0.95,GLMNet elastic-net logistic,123
UM0488335,train,0.8974122365907122,GLMNet elastic-net logistic,123
UM0488335,train,0.8958183157591381,GLMNet elastic-net logistic,123
UM0488376,train,0.918054830450569,GLMNet elastic-net logistic,123
UM0488376,train,0.918054830450569,GLMNet elastic-net logistic,123
UM0488376,train,0.9327643057566491,GLMNet elastic-net logistic,123
UM0488609,train,0.05,GLMNet elastic-net logistic,123
UM0488618,train,0.95,GLMNet elastic-net logistic,123
UM0488649,test,0.9098186989745422,GLMNet elastic-net logistic,123
UM0495936,test,0.8894167034770277,GLMNet elastic-net logistic,123
UM0495936,test,0.8894167034770277,GLMNet elastic-net logistic,123
UM0497249,train,0.7956322796828053,GLMNet elastic-net logistic,123
UM0497249,train,0.7984140666353414,GLMNet elastic-net logistic,123
UM0497257,test,0.9394586515690276,GLMNet elastic-net logistic,123
UM0497257,train,0.930536377277073,GLMNet elastic-net logistic,123
UM0497257,test,0.930536377277073,GLMNet elastic-net logistic,123
UM0497472,train,0.17529979330916526,GLMNet elastic-net logistic,123
UM0497472,test,0.17282772333445218,GLMNet elastic-net logistic,123
UM0497706,test,0.7610353739925669,GLMNet elastic-net logistic,123
UM0497722,train,0.95,GLMNet elastic-net logistic,123
UM0497722,train,0.95,GLMNet elastic-net logistic,123
UM0497838,train,0.9171346186294929,GLMNet elastic-net logistic,123
UM0497838,test,0.9171346186294929,GLMNet elastic-net logistic,123
UM0497975,test,0.3007761228105929,GLMNet elastic-net logistic,123
UM0497975,test,0.3007761228105929,GLMNet elastic-net logistic,123
UM0497990,train,0.9057098997045571,GLMNet elastic-net logistic,123
UM0497990,train,0.9057098997045571,GLMNet elastic-net logistic,123
UM0498051,test,0.9082349208247527,GLMNet elastic-net logistic,123
UM0498051,train,0.9082349208247527,GLMNet elastic-net logistic,123
UM0498071,train,0.9338755041453717,GLMNet elastic-net logistic,123
UM0498071,test,0.9338755041453717,GLMNet elastic-net logistic,123
UM0498090,train,0.9158290838239119,GLMNet elastic-net logistic,123
UM0498090,test,0.9158290838239119,GLMNet elastic-net logistic,123
UM0498109,train,0.9491748045163348,GLMNet elastic-net logistic,123
UM0498110,train,0.95,GLMNet elastic-net logistic,123
UM0498145,test,0.45507104972336965,GLMNet elastic-net logistic,123
UM0498145,train,0.45507104972336965,GLMNet elastic-net logistic,123
UM0502825,train,0.9441343118653515,GLMNet elastic-net logistic,123
UM0502825,train,0.9450343815762768,GLMNet elastic-net logistic,123
UM0502855,test,0.95,GLMNet elastic-net logistic,123
UM0502855,test,0.95,GLMNet elastic-net logistic,123
UM0503070,test,0.9224006248154984,GLMNet elastic-net logistic,123
UM0503070,test,0.948119033856255,GLMNet elastic-net logistic,123
UM0503070,test,0.9224006248154984,GLMNet elastic-net logistic,123
UM0503109,train,0.95,GLMNet elastic-net logistic,123
UM0503109,test,0.95,GLMNet elastic-net logistic,123
UM0503137,train,0.95,GLMNet elastic-net logistic,123
UM0503151,train,0.9459685028055609,GLMNet elastic-net logistic,123
UM0503151,test,0.9459685028055609,GLMNet elastic-net logistic,123
UM0503332,train,0.7725841086841667,GLMNet elastic-net logistic,123
UM0503608,train,0.2285787829752862,GLMNet elastic-net logistic,123
UM0503608,train,0.22556087085337037,GLMNet elastic-net logistic,123
UM0504841,train,0.9395662862776407,GLMNet elastic-net logistic,123
UM0504841,train,0.9395662862776407,GLMNet elastic-net logistic,123
UM0508085,train,0.9342809720086587,GLMNet elastic-net logistic,123
UM0508970,test,0.9414027763283903,GLMNet elastic-net logistic,123
UM0508970,train,0.94044698605629,GLMNet elastic-net logistic,123
UM0509114,test,0.9061436794419254,GLMNet elastic-net logistic,123
UM0509199,test,0.9391222644497843,GLMNet elastic-net logistic,123
UM0509199,train,0.9391222644497843,GLMNet elastic-net logistic,123
UM0509334,train,0.13074901499596112,GLMNet elastic-net logistic,123
UM0512435,train,0.9356414692066612,GLMNet elastic-net logistic,123
UM0512435,train,0.9345982337848607,GLMNet elastic-net logistic,123
UM0514748,train,0.5054572991754414,GLMNet elastic-net logistic,123
UM0514748,test,0.5054572991754414,GLMNet elastic-net logistic,123
UM0514894,train,0.05,GLMNet elastic-net logistic,123
UM0514894,train,0.05,GLMNet elastic-net logistic,123
UM0514959,train,0.8300346808911446,GLMNet elastic-net logistic,123
UM0514959,train,0.8275950201920927,GLMNet elastic-net logistic,123
UM0514963,train,0.9072375769631642,GLMNet elastic-net logistic,123
UM0514963,train,0.9072375769631642,GLMNet elastic-net logistic,123
UM0515019,train,0.4688458535202749,GLMNet elastic-net logistic,123
UM0515041,train,0.830467811300689,GLMNet elastic-net logistic,123
UM0515041,test,0.830467811300689,GLMNet elastic-net logistic,123
UM0515101,train,0.2360210714648119,GLMNet elastic-net logistic,123
UM0516051,train,0.95,GLMNet elastic-net logistic,123
UM0516051,test,0.95,GLMNet elastic-net logistic,123
UM0516051,test,0.95,GLMNet elastic-net logistic,123
UM0516051,train,0.95,GLMNet elastic-net logistic,123
UM0518132,train,0.5514004147595784,GLMNet elastic-net logistic,123
UM0521985,test,0.05,GLMNet elastic-net logistic,123
UM0521985,train,0.05,GLMNet elastic-net logistic,123
UM0521985,test,0.05,GLMNet elastic-net logistic,123
UM0525526,test,0.23923813594418664,GLMNet elastic-net logistic,123
UM0525526,test,0.23923813594418664,GLMNet elastic-net logistic,123
UM0529921,train,0.7291438432863915,GLMNet elastic-net logistic,123
UM0530712,train,0.6586752881829404,GLMNet elastic-net logistic,123
UM0530712,train,0.6449287741780829,GLMNet elastic-net logistic,123
UM0530712,test,0.6449287741780829,GLMNet elastic-net logistic,123
UM0530712,train,0.6449287741780829,GLMNet elastic-net logistic,123
UM0530712,train,0.6449287741780829,GLMNet elastic-net logistic,123
UM0534703,test,0.3709618086620272,GLMNet elastic-net logistic,123
UM0534703,train,0.3709618086620272,GLMNet elastic-net logistic,123
UM0534703,test,0.3709618086620272,GLMNet elastic-net logistic,123
UM0534703,train,0.3709618086620272,GLMNet elastic-net logistic,123
UM0534703,test,0.5677001863573107,GLMNet elastic-net logistic,123
UM0535941,test,0.6213841422556882,GLMNet elastic-net logistic,123
UM0535941,test,0.6213841422556882,GLMNet elastic-net logistic,123
UM0535941,train,0.6213841422556882,GLMNet elastic-net logistic,123
UM0535941,test,0.6213841422556882,GLMNet elastic-net logistic,123
UM0538246,train,0.8605799069936872,GLMNet elastic-net logistic,123
UM0538246,train,0.8585039473252076,GLMNet elastic-net logistic,123
UM0538246,test,0.7716603049724551,GLMNet elastic-net logistic,123
UM0541226,train,0.5361297093996642,GLMNet elastic-net logistic,123
UM0543804,train,0.6298954855158397,GLMNet elastic-net logistic,123
UM0544368,train,0.5708183458480846,GLMNet elastic-net logistic,123
UM0544368,train,0.5708183458480846,GLMNet elastic-net logistic,123
UM0544917,train,0.5823013179601437,GLMNet elastic-net logistic,123
UM0544917,train,0.5823013179601437,GLMNet elastic-net logistic,123
UM0553698,train,0.2675212555142451,GLMNet elastic-net logistic,123
UM0556363,train,0.35468897165387636,GLMNet elastic-net logistic,123
UM0560531,train,0.6473951401854046,GLMNet elastic-net logistic,123
UM0564115,train,0.5706406981611207,GLMNet elastic-net logistic,123
UM0564115,train,0.5748485232778855,GLMNet elastic-net logistic,123
UM0564115,train,0.6153902063194218,GLMNet elastic-net logistic,123
UM0564190,train,0.5423590846138461,GLMNet elastic-net logistic,123
UM0564245,test,0.38174164764963914,GLMNet elastic-net logistic,123
UM0564245,train,0.38174164764963914,GLMNet elastic-net logistic,123
UM0570143,train,0.60298181181062,GLMNet elastic-net logistic,123
UM0570310,train,0.3108168669079455,GLMNet elastic-net logistic,123
UM0570343,test,0.5549085131514565,GLMNet elastic-net logistic,123
UM0570343,train,0.5549085131514565,GLMNet elastic-net logistic,123
UM0570539,train,0.6794479697185879,GLMNet elastic-net logistic,123
UM0570551,train,0.29708920333456207,GLMNet elastic-net logistic,123
UM0570551,train,0.29708920333456207,GLMNet elastic-net logistic,123
UM0570877,train,0.4551474711707884,GLMNet elastic-net logistic,123
UM0570877,test,0.4551474711707884,GLMNet elastic-net logistic,123
UM0571525,train,0.11705518752002103,GLMNet elastic-net logistic,123
UM0572283,train,0.6518036642126459,GLMNet elastic-net logistic,123
UM0572283,test,0.6518036642126459,GLMNet elastic-net logistic,123
UM0572424,train,0.2516259346658688,GLMNet elastic-net logistic,123
UM0572453,train,0.3403825288839817,GLMNet elastic-net logistic,123
UM0572632,train,0.4800327986451967,GLMNet elastic-net logistic,123
UM0572792,train,0.3721231692576237,GLMNet elastic-net logistic,123
UM0572866,test,0.22004562543104833,GLMNet elastic-net logistic,123
UM0572953,train,0.2548410668823326,GLMNet elastic-net logistic,123
UM0573061,test,0.27818314884938905,GLMNet elastic-net logistic,123
UM0573068,train,0.4283164648780266,GLMNet elastic-net logistic,123
UM0573244,train,0.21692547856696084,GLMNet elastic-net logistic,123
UM0573244,train,0.21692547856696084,GLMNet elastic-net logistic,123
UM0573391,train,0.17815335068066407,GLMNet elastic-net logistic,123
UM0573391,train,0.17815335068066407,GLMNet elastic-net logistic,123
UM0573487,train,0.08810687289034515,GLMNet elastic-net logistic,123
UM0573487,train,0.08810687289034515,GLMNet elastic-net logistic,123
UM0573609,train,0.3949005823530604,GLMNet elastic-net logistic,123
UM0573739,train,0.41101255775029644,GLMNet elastic-net logistic,123
UM0573829,train,0.26564655221992134,GLMNet elastic-net logistic,123
UM0573852,train,0.38703932142490455,GLMNet elastic-net logistic,123
UM0573852,train,0.3593588934119697,GLMNet elastic-net logistic,123
UM0573852,test,0.3593588934119697,GLMNet elastic-net logistic,123
UM0574002,train,0.30214364222317974,GLMNet elastic-net logistic,123
UM0574116,test,0.26390288147126106,GLMNet elastic-net logistic,123
UM0574116,test,0.26390288147126106,GLMNet elastic-net logistic,123
UM0574252,train,0.10754456042665295,GLMNet elastic-net logistic,123
UM0574252,test,0.10754456042665295,GLMNet elastic-net logistic,123
UM0574258,train,0.28787419293761934,GLMNet elastic-net logistic,123
UM0574258,train,0.28787419293761934,GLMNet elastic-net logistic,123
UM0574278,train,0.4966998900311117,GLMNet elastic-net logistic,123
UM0574357,train,0.08518353415792489,GLMNet elastic-net logistic,123
UM0574357,test,0.08518353415792489,GLMNet elastic-net logistic,123
UM0574710,train,0.516982744850874,GLMNet elastic-net logistic,123
UM0574893,train,0.46880602777883684,GLMNet elastic-net logistic,123
UM0574893,test,0.46880602777883684,GLMNet elastic-net logistic,123
UM0574929,test,0.3634781222420332,GLMNet elastic-net logistic,123
UM0574929,train,0.3634781222420332,GLMNet elastic-net logistic,123
UM0574946,train,0.06690501338382215,GLMNet elastic-net logistic,123
UM0574946,test,0.06690501338382215,GLMNet elastic-net logistic,123
UM0575049,train,0.056610148055211515,GLMNet elastic-net logistic,123
UM0575151,train,0.11433362310053259,GLMNet elastic-net logistic,123
UM0575151,train,0.11433362310053259,GLMNet elastic-net logistic,123
UM0575343,train,0.13175173614520921,GLMNet elastic-net logistic,123
UM0575443,train,0.6590845157182013,GLMNet elastic-net logistic,123
UM0575730,test,0.10037156539473902,GLMNet elastic-net logistic,123
UM0575730,test,0.10193496404727495,GLMNet elastic-net logistic,123
UM0575876,train,0.28381170264168404,GLMNet elastic-net logistic,123
UM0575876,test,0.28381170264168404,GLMNet elastic-net logistic,123
UM0575932,train,0.19825456175415945,GLMNet elastic-net logistic,123
UM0576147,train,0.27596936670197547,GLMNet elastic-net logistic,123
UM0576147,train,0.27596936670197547,GLMNet elastic-net logistic,123
UM0576157,train,0.28725005756439237,GLMNet elastic-net logistic,123
UM0576157,train,0.28725005756439237,GLMNet elastic-net logistic,123
UM0576282,train,0.25529594433353975,GLMNet elastic-net logistic,123
UM0576282,train,0.25529594433353975,GLMNet elastic-net logistic,123
UM0576331,train,0.24086296662120588,GLMNet elastic-net logistic,123
UM0576331,train,0.24086296662120588,GLMNet elastic-net logistic,123
UM0576418,test,0.5426810081185743,GLMNet elastic-net logistic,123
UM0576741,train,0.4750253556844675,GLMNet elastic-net logistic,123
UM0576741,train,0.4750253556844675,GLMNet elastic-net logistic,123
UM0576820,train,0.20964362411692516,GLMNet elastic-net logistic,123
UM0576820,test,0.20964362411692516,GLMNet elastic-net logistic,123
UM0576850,train,0.24610635463130479,GLMNet elastic-net logistic,123
UM0576850,train,0.2260720203799832,GLMNet elastic-net logistic,123
UM0576892,test,0.40353311177596035,GLMNet elastic-net logistic,123
UM0576892,train,0.40353311177596035,GLMNet elastic-net logistic,123
UM0577314,train,0.37524460557404465,GLMNet elastic-net logistic,123
UM0577651,train,0.19176652760020022,GLMNet elastic-net logistic,123
UM0577651,train,0.19176652760020022,GLMNet elastic-net logistic,123
UM0577815,train,0.2603302177460929,GLMNet elastic-net logistic,123
UM0578125,train,0.2197314203745339,GLMNet elastic-net logistic,123
UM0578125,test,0.2197314203745339,GLMNet elastic-net logistic,123
UM0578380,train,0.22834247767412008,GLMNet elastic-net logistic,123
UM0578380,test,0.22834247767412008,GLMNet elastic-net logistic,123
UM0578747,train,0.6594552897999313,GLMNet elastic-net logistic,123
UM0578747,test,0.6633062730410737,GLMNet elastic-net logistic,123
UM0578908,test,0.44020522732955014,GLMNet elastic-net logistic,123
UM0579015,train,0.4516122781435121,GLMNet elastic-net logistic,123
UM0579015,train,0.4516122781435121,GLMNet elastic-net logistic,123
UM0579049,test,0.2907784780212696,GLMNet elastic-net logistic,123
UM0579101,train,0.19895018623408864,GLMNet elastic-net logistic,123
UM0579101,train,0.19895018623408864,GLMNet elastic-net logistic,123
UM0579326,train,0.4595777781286354,GLMNet elastic-net logistic,123
UM0579419,train,0.1329943060730309,GLMNet elastic-net logistic,123
UM0579419,test,0.1329943060730309,GLMNet elastic-net logistic,123
UM0579445,train,0.08671273159357243,GLMNet elastic-net logistic,123
UM0579445,test,0.08671273159357243,GLMNet elastic-net logistic,123
UM0579488,train,0.05,GLMNet elastic-net logistic,123
UM0579488,test,0.05,GLMNet elastic-net logistic,123
UM0579581,train,0.13836546006821643,GLMNet elastic-net logistic,123
UM0579581,train,0.13836546006821643,GLMNet elastic-net logistic,123
UM0579766,test,0.2305061208624111,GLMNet elastic-net logistic,123
UM0579766,test,0.2305061208624111,GLMNet elastic-net logistic,123
UM0579892,train,0.19931411402330937,GLMNet elastic-net logistic,123
UM0579892,train,0.19931411402330937,GLMNet elastic-net logistic,123
UM0580048,train,0.26422446314234926,GLMNet elastic-net logistic,123
UM0580106,train,0.427998913581854,GLMNet elastic-net logistic,123
UM0580106,train,0.427998913581854,GLMNet elastic-net logistic,123
UM0580238,train,0.09093333530247404,GLMNet elastic-net logistic,123
UM0580238,train,0.09093333530247404,GLMNet elastic-net logistic,123
UM0580264,train,0.38081870819101576,GLMNet elastic-net logistic,123
UM0580264,test,0.35498172301517594,GLMNet elastic-net logistic,123
UM0580911,train,0.30482498362432914,GLMNet elastic-net logistic,123
UM0580911,train,0.2352910804495933,GLMNet elastic-net logistic,123
UM0580911,train,0.30482498362432914,GLMNet elastic-net logistic,123
UM0580951,train,0.11558903863364547,GLMNet elastic-net logistic,123
UM0580951,train,0.11558903863364547,GLMNet elastic-net logistic,123
UM0581058,test,0.19338903258987494,GLMNet elastic-net logistic,123
UM0581058,train,0.19338903258987494,GLMNet elastic-net logistic,123
UM0581236,train,0.44821479469233916,GLMNet elastic-net logistic,123
UM0581282,train,0.396777425666936,GLMNet elastic-net logistic,123
UM0581282,test,0.40090027366950487,GLMNet elastic-net logistic,123
UM0581356,train,0.36293153287339713,GLMNet elastic-net logistic,123
UM0581356,train,0.36293153287339713,GLMNet elastic-net logistic,123
UM0581390,train,0.15022968676327725,GLMNet elastic-net logistic,123
UM0581390,test,0.15243809033013167,GLMNet elastic-net logistic,123
UM0581527,test,0.20538912182946664,GLMNet elastic-net logistic,123
UM0581570,test,0.18255067300807762,GLMNet elastic-net logistic,123
UM0581570,test,0.18255067300807762,GLMNet elastic-net logistic,123
UM0581581,train,0.29683238404737533,GLMNet elastic-net logistic,123
UM0581581,train,0.29683238404737533,GLMNet elastic-net logistic,123
UM0581589,train,0.23065712013000064,GLMNet elastic-net logistic,123
UM0581589,train,0.23065712013000064,GLMNet elastic-net logistic,123
UM0581761,train,0.49551106779185977,GLMNet elastic-net logistic,123
UM0581761,train,0.49551106779185977,GLMNet elastic-net logistic,123
UM0581842,train,0.19507400988343623,GLMNet elastic-net logistic,123
UM0581842,train,0.19507400988343623,GLMNet elastic-net logistic,123
UM0581869,train,0.1824635000481672,GLMNet elastic-net logistic,123
UM0581869,test,0.1824635000481672,GLMNet elastic-net logistic,123
UM0581951,train,0.2136607849106029,GLMNet elastic-net logistic,123
UM0582278,test,0.08932549071552638,GLMNet elastic-net logistic,123
UM0582278,train,0.1960052008897886,GLMNet elastic-net logistic,123
UM0582278,test,0.1960052008897886,GLMNet elastic-net logistic,123
UM0582384,train,0.22105278055982805,GLMNet elastic-net logistic,123
UM0582384,train,0.21810613994652106,GLMNet elastic-net logistic,123
UM0582911,train,0.3792002672205124,GLMNet elastic-net logistic,123
UM0582911,train,0.44892961161268274,GLMNet elastic-net logistic,123
UM0582911,train,0.3751608355780895,GLMNet elastic-net logistic,123
UM0583511,test,0.21776240722154666,GLMNet elastic-net logistic,123
UM0583511,train,0.21776240722154666,GLMNet elastic-net logistic,123
UM0583574,train,0.17582566696729013,GLMNet elastic-net logistic,123
UM0583574,train,0.17582566696729013,GLMNet elastic-net logistic,123
UM0583845,test,0.19350591334706577,GLMNet elastic-net logistic,123
UM0583845,test,0.1879449691024754,GLMNet elastic-net logistic,123
UM0583845,train,0.19350591334706577,GLMNet elastic-net logistic,123
UM0584217,test,0.26418947896445516,GLMNet elastic-net logistic,123
UM0584318,train,0.284540552175718,GLMNet elastic-net logistic,123
UM0584329,train,0.25296659603953614,GLMNet elastic-net logistic,123
UM0584506,test,0.23790211466895597,GLMNet elastic-net logistic,123
UM0584506,test,0.23790211466895597,GLMNet elastic-net logistic,123
UM0585276,train,0.29455926078519873,GLMNet elastic-net logistic,123
UM0585276,test,0.29455926078519873,GLMNet elastic-net logistic,123
UM0585518,test,0.19305955123743657,GLMNet elastic-net logistic,123
UM0585657,train,0.3009999257683677,GLMNet elastic-net logistic,123
UM0585657,test,0.3009999257683677,GLMNet elastic-net logistic,123
UM0585661,train,0.3833774303026734,GLMNet elastic-net logistic,123
UM0585661,train,0.3833774303026734,GLMNet elastic-net logistic,123
UM0586310,train,0.13100746186216986,GLMNet elastic-net logistic,123
UM0586310,train,0.12906225168809868,GLMNet elastic-net logistic,123
UM0586468,test,0.16256490389553926,GLMNet elastic-net logistic,123
UM0586468,train,0.16256490389553926,GLMNet elastic-net logistic,123
UM0586871,train,0.4777540059457138,GLMNet elastic-net logistic,123
UM0586871,train,0.4777540059457138,GLMNet elastic-net logistic,123
UM0587103,train,0.11164922427560445,GLMNet elastic-net logistic,123
UM0587239,train,0.34470756698237415,GLMNet elastic-net logistic,123
UM0587271,test,0.4715384222681674,GLMNet elastic-net logistic,123
UM0587274,train,0.3533387639807333,GLMNet elastic-net logistic,123
UM0587274,test,0.3533387639807333,GLMNet elastic-net logistic,123
UM0587390,train,0.2767088224447987,GLMNet elastic-net logistic,123
UM0587571,train,0.1467179707547082,GLMNet elastic-net logistic,123
UM0588210,test,0.24540607002307874,GLMNet elastic-net logistic,123
UM0588246,train,0.25987528804938187,GLMNet elastic-net logistic,123
UM0588246,test,0.26319628165952536,GLMNet elastic-net logistic,123
UM0588311,train,0.08464290072988616,GLMNet elastic-net logistic,123
UM0588333,train,0.05,GLMNet elastic-net logistic,123
UM0588333,train,0.05,GLMNet elastic-net logistic,123
UM0588451,train,0.0793625056345964,GLMNet elastic-net logistic,123
UM0589018,test,0.10957710104423873,GLMNet elastic-net logistic,123
UM0589018,train,0.1079105770062591,GLMNet elastic-net logistic,123
UM0589249,test,0.2245053884559817,GLMNet elastic-net logistic,123
UM0589249,train,0.2245053884559817,GLMNet elastic-net logistic,123
UM0589265,train,0.22871771472413385,GLMNet elastic-net logistic,123
UM0589811,train,0.30162618157675836,GLMNet elastic-net logistic,123
UM0589811,train,0.29801641283553604,GLMNet elastic-net logistic,123
UM0589817,test,0.19873692889424818,GLMNet elastic-net logistic,123
UM0589987,train,0.2739490150117863,GLMNet elastic-net logistic,123
UM0590034,train,0.3170823616442323,GLMNet elastic-net logistic,123
UM0590034,train,0.3170823616442323,GLMNet elastic-net logistic,123
UM0590201,test,0.07615829606166301,GLMNet elastic-net logistic,123
UM0590201,train,0.07495724240025455,GLMNet elastic-net logistic,123
UM0590218,train,0.2020043067678824,GLMNet elastic-net logistic,123
UM0590218,train,0.20479038622480014,GLMNet elastic-net logistic,123
UM0590320,train,0.06785010751063346,GLMNet elastic-net logistic,123
UM0590320,test,0.06785010751063346,GLMNet elastic-net logistic,123
UM0590381,train,0.0965052740243771,GLMNet elastic-net logistic,123
UM0590435,train,0.30068575655943364,GLMNet elastic-net logistic,123
UM0590435,test,0.284993045020203,GLMNet elastic-net logistic,123
UM0590435,train,0.284993045020203,GLMNet elastic-net logistic,123
UM0590462,test,0.22337936170237918,GLMNet elastic-net logistic,123
UM0590462,train,0.22337936170237918,GLMNet elastic-net logistic,123
UM0590500,train,0.4320304840517101,GLMNet elastic-net logistic,123
UM0591677,test,0.24731702320623075,GLMNet elastic-net logistic,123
UM0591677,train,0.24731702320623075,GLMNet elastic-net logistic,123
UM0591698,train,0.29923901068320413,GLMNet elastic-net logistic,123
UM0591698,test,0.29923901068320413,GLMNet elastic-net logistic,123
UM0591810,train,0.3324145038895941,GLMNet elastic-net logistic,123
UM0591973,test,0.4000966718695691,GLMNet elastic-net logistic,123
UM0592411,train,0.061815857091418035,GLMNet elastic-net logistic,123
UM0592654,test,0.3280743506517569,GLMNet elastic-net logistic,123
UM0592715,train,0.40175590833695257,GLMNet elastic-net logistic,123
UM0593320,train,0.36118282465205376,GLMNet elastic-net logistic,123
UM0593462,test,0.24307919964283642,GLMNet elastic-net logistic,123
UM0593957,train,0.4064583486822469,GLMNet elastic-net logistic,123
UM0594041,test,0.36602734975143075,GLMNet elastic-net logistic,123
UM0594125,train,0.08872548240250275,GLMNet elastic-net logistic,123
UM0594137,train,0.10726044518601727,GLMNet elastic-net logistic,123
UM0594137,train,0.10726044518601727,GLMNet elastic-net logistic,123
UM0594193,train,0.05,GLMNet elastic-net logistic,123
UM0594193,train,0.05,GLMNet elastic-net logistic,123
UM0594578,train,0.3771153966078736,GLMNet elastic-net logistic,123
UM0594578,train,0.40546490366702204,GLMNet elastic-net logistic,123
UM0594578,train,0.3771153966078736,GLMNet elastic-net logistic,123
UM0594751,train,0.25874512967546875,GLMNet elastic-net logistic,123
UM0594755,train,0.08129590719349612,GLMNet elastic-net logistic,123
UM0594814,train,0.16454917910740127,GLMNet elastic-net logistic,123
UM0594814,train,0.16454917910740127,GLMNet elastic-net logistic,123
UM0595362,test,0.15250466659180298,GLMNet elastic-net logistic,123
UM0595362,train,0.15250466659180298,GLMNet elastic-net logistic,123
UM0595425,train,0.7322873490269737,GLMNet elastic-net logistic,123
UM0595425,train,0.7322873490269737,GLMNet elastic-net logistic,123
UM0595557,train,0.10584002039373762,GLMNet elastic-net logistic,123
UM0595597,train,0.11642336571622723,GLMNet elastic-net logistic,123
UM0595861,test,0.4969802866424833,GLMNet elastic-net logistic,123
UM0596073,train,0.09083354005252826,GLMNet elastic-net logistic,123
UM0596073,train,0.09083354005252826,GLMNet elastic-net logistic,123
UM0596078,train,0.2157667585282674,GLMNet elastic-net logistic,123
UM0596283,train,0.29469409405450103,GLMNet elastic-net logistic,123
UM0596283,train,0.29469409405450103,GLMNet elastic-net logistic,123
UM0596291,train,0.34846937020473884,GLMNet elastic-net logistic,123
UM0597049,train,0.05,GLMNet elastic-net logistic,123
UM0597049,train,0.05,GLMNet elastic-net logistic,123
UM0597114,train,0.24277484448888811,GLMNet elastic-net logistic,123
UM0597114,train,0.24277484448888811,GLMNet elastic-net logistic,123
UM0597277,train,0.18544808226199969,GLMNet elastic-net logistic,123
UM0597277,train,0.18544808226199969,GLMNet elastic-net logistic,123
UM0597302,test,0.12243885589292747,GLMNet elastic-net logistic,123
UM0597302,test,0.12243885589292747,GLMNet elastic-net logistic,123
UM0597311,test,0.11702902031452053,GLMNet elastic-net logistic,123
UM0597311,train,0.11702902031452053,GLMNet elastic-net logistic,123
UM0597657,train,0.22795430647781326,GLMNet elastic-net logistic,123
UM0597657,test,0.22795430647781326,GLMNet elastic-net logistic,123
UM0597678,train,0.08319624305514008,GLMNet elastic-net logistic,123
UM0597678,train,0.08319624305514008,GLMNet elastic-net logistic,123
UM0597738,test,0.3036689922471804,GLMNet elastic-net logistic,123
UM0597740,train,0.42622603829326644,GLMNet elastic-net logistic,123
UM0597740,test,0.4220262102693504,GLMNet elastic-net logistic,123
UM0597751,train,0.33240579014079036,GLMNet elastic-net logistic,123
UM0597751,test,0.33240579014079036,GLMNet elastic-net logistic,123
UM0597751,test,0.46803807831921307,GLMNet elastic-net logistic,123
UM0597830,test,0.43580971335991386,GLMNet elastic-net logistic,123
UM0598069,test,0.32438081328417306,GLMNet elastic-net logistic,123
UM0598069,train,0.32438081328417306,GLMNet elastic-net logistic,123
UM0598076,train,0.2967375216574169,GLMNet elastic-net logistic,123
UM0598076,train,0.2967375216574169,GLMNet elastic-net logistic,123
UM0598111,train,0.29511939332587656,GLMNet elastic-net logistic,123
UM0598111,test,0.29511939332587656,GLMNet elastic-net logistic,123
UM0598461,test,0.16934299180551726,GLMNet elastic-net logistic,123
UM0598461,train,0.16934299180551726,GLMNet elastic-net logistic,123
UM0598476,train,0.15766695223849012,GLMNet elastic-net logistic,123
UM0598476,train,0.15766695223849012,GLMNet elastic-net logistic,123
UM0598523,test,0.2713276112232452,GLMNet elastic-net logistic,123
UM0598759,test,0.41952116944006973,GLMNet elastic-net logistic,123
UM0598759,test,0.41952116944006973,GLMNet elastic-net logistic,123
UM0599799,test,0.4387268372738608,GLMNet elastic-net logistic,123
UM0599811,test,0.44404108515332275,GLMNet elastic-net logistic,123
UM0599811,test,0.4716206258034046,GLMNet elastic-net logistic,123
UM0600093,train,0.05,GLMNet elastic-net logistic,123
UM0600093,train,0.05,GLMNet elastic-net logistic,123
UM0600136,test,0.17570264417736914,GLMNet elastic-net logistic,123
UM0600136,test,0.17820697670632774,GLMNet elastic-net logistic,123
UM0600138,train,0.3298798747344083,GLMNet elastic-net logistic,123
UM0600138,test,0.3298798747344083,GLMNet elastic-net logistic,123
UM0600598,train,0.3681786065603616,GLMNet elastic-net logistic,123
UM0600598,test,0.3681786065603616,GLMNet elastic-net logistic,123
UM0601212,test,0.15556553218526606,GLMNet elastic-net logistic,123
UM0601212,test,0.15556553218526606,GLMNet elastic-net logistic,123
UM0601600,train,0.43529893343793713,GLMNet elastic-net logistic,123
UM0601600,train,0.43529893343793713,GLMNet elastic-net logistic,123
UM0601929,test,0.4254833049859547,GLMNet elastic-net logistic,123
UM0601929,train,0.42128542196738517,GLMNet elastic-net logistic,123
UM0602120,train,0.6092713592028065,GLMNet elastic-net logistic,123
UM0602120,train,0.6092713592028065,GLMNet elastic-net logistic,123
UM0602264,train,0.17385810895440634,GLMNet elastic-net logistic,123
UM0602265,train,0.48651534211229713,GLMNet elastic-net logistic,123
UM0602653,test,0.22261622037937406,GLMNet elastic-net logistic,123
UM0602653,train,0.22261622037937406,GLMNet elastic-net logistic,123
UM0602658,train,0.731679293180016,GLMNet elastic-net logistic,123
UM0602658,train,0.731679293180016,GLMNet elastic-net logistic,123
UM0602752,train,0.5187064348810606,GLMNet elastic-net logistic,123
UM0602752,train,0.5187064348810606,GLMNet elastic-net logistic,123
UM0602780,train,0.95,GLMNet elastic-net logistic,123
UM0602780,train,0.95,GLMNet elastic-net logistic,123
UM0602798,test,0.187945463498515,GLMNet elastic-net logistic,123
UM0602798,test,0.187945463498515,GLMNet elastic-net logistic,123
UM0602817,test,0.6273213431408352,GLMNet elastic-net logistic,123
UM0602862,train,0.44964480212141933,GLMNet elastic-net logistic,123
UM0603245,train,0.30099321686183417,GLMNet elastic-net logistic,123
UM0603269,train,0.5435027006151791,GLMNet elastic-net logistic,123
UM0603378,train,0.25826696023499485,GLMNet elastic-net logistic,123
UM0603378,train,0.25826696023499485,GLMNet elastic-net logistic,123
UM0603599,train,0.2200314187022834,GLMNet elastic-net logistic,123
UM0603599,train,0.2200314187022834,GLMNet elastic-net logistic,123
UM0603627,test,0.3602936668556503,GLMNet elastic-net logistic,123
UM0603627,train,0.3602936668556503,GLMNet elastic-net logistic,123
UM0603897,train,0.6342413990160157,GLMNet elastic-net logistic,123
UM0605045,train,0.5997508968689925,GLMNet elastic-net logistic,123
UM0605045,train,0.5997508968689925,GLMNet elastic-net logistic,123
UM0605110,train,0.6081130617465091,GLMNet elastic-net logistic,123
UM0605110,train,0.6280351126444318,GLMNet elastic-net logistic,123
UM0605110,train,0.6081130617465091,GLMNet elastic-net logistic,123
UM0605244,train,0.7256607855771331,GLMNet elastic-net logistic,123
UM0605672,test,0.58795121861042,GLMNet elastic-net logistic,123
UM0605672,train,0.58795121861042,GLMNet elastic-net logistic,123
UM0605889,test,0.5699662263367402,GLMNet elastic-net logistic,123
UM0605889,test,0.5699662263367402,GLMNet elastic-net logistic,123
UM0605928,test,0.5408237578472892,GLMNet elastic-net logistic,123
UM0607037,test,0.5157175856807498,GLMNet elastic-net logistic,123
UM0607037,train,0.5200109184053888,GLMNet elastic-net logistic,123
UM0607270,train,0.4580427866914565,GLMNet elastic-net logistic,123
UM0607406,train,0.12600228631643165,GLMNet elastic-net logistic,123
UM0607406,train,0.12600228631643165,GLMNet elastic-net logistic,123
UM0607508,train,0.5097939491992338,GLMNet elastic-net logistic,123
UM0607519,train,0.5338230893982746,GLMNet elastic-net logistic,123
UM0608193,test,0.95,GLMNet elastic-net logistic,123
UM0608193,train,0.95,GLMNet elastic-net logistic,123
UM0608709,test,0.5285608530373039,GLMNet elastic-net logistic,123
UM0608709,train,0.5285608530373039,GLMNet elastic-net logistic,123
UM0608748,test,0.6424465747268111,GLMNet elastic-net logistic,123
UM0608799,train,0.627497980377284,GLMNet elastic-net logistic,123
UM0608870,train,0.5584591795672716,GLMNet elastic-net logistic,123
UM0609300,train,0.662642034457429,GLMNet elastic-net logistic,123
UM0609301,train,0.34857991782582365,GLMNet elastic-net logistic,123
UM0609301,test,0.34857991782582365,GLMNet elastic-net logistic,123
UM0609625,train,0.878899967254608,GLMNet elastic-net logistic,123
UM0609914,train,0.31540084510518374,GLMNet elastic-net logistic,123
UM0609914,train,0.31540084510518374,GLMNet elastic-net logistic,123
UM0609982,train,0.5896102181526511,GLMNet elastic-net logistic,123
UM0610686,train,0.7125580259354485,GLMNet elastic-net logistic,123
UM0610698,test,0.2598174516610971,GLMNet elastic-net logistic,123
UM0610698,train,0.30295978163571646,GLMNet elastic-net logistic,123
UM0610698,test,0.30295978163571646,GLMNet elastic-net logistic,123
UM0610768,train,0.547816607933821,GLMNet elastic-net logistic,123
UM0611253,test,0.3021117311777555,GLMNet elastic-net logistic,123
UM0611253,train,0.3021117311777555,GLMNet elastic-net logistic,123
UM0611412,test,0.18367584774680565,GLMNet elastic-net logistic,123
UM0611659,train,0.23329908540332522,GLMNet elastic-net logistic,123
UM0611701,train,0.11635686357274416,GLMNet elastic-net logistic,123
UM0611701,train,0.11635686357274416,GLMNet elastic-net logistic,123
UM0611911,test,0.5109476347243017,GLMNet elastic-net logistic,123
UM0612298,train,0.3660919560172117,GLMNet elastic-net logistic,123
UM0612298,test,0.3660919560172117,GLMNet elastic-net logistic,123
UM0613026,test,0.3975958504286903,GLMNet elastic-net logistic,123
UM0613026,train,0.4017215391538506,GLMNet elastic-net logistic,123
UM0613320,train,0.3866592159192163,GLMNet elastic-net logistic,123
UM0613571,train,0.3081302249276885,GLMNet elastic-net logistic,123
UM0613571,train,0.3081302249276885,GLMNet elastic-net logistic,123
UM0613753,test,0.523133933025742,GLMNet elastic-net logistic,123
UM0613753,train,0.5018778521612423,GLMNet elastic-net logistic,123
UM0614009,train,0.46467367749092336,GLMNet elastic-net logistic,123
UM0614224,train,0.6411481591971218,GLMNet elastic-net logistic,123
UM0614224,train,0.6371823649971956,GLMNet elastic-net logistic,123
UM0614235,train,0.3999644041908905,GLMNet elastic-net logistic,123
UM0614235,train,0.3999644041908905,GLMNet elastic-net logistic,123
UM0614245,test,0.05,GLMNet elastic-net logistic,123
UM0614245,train,0.05,GLMNet elastic-net logistic,123
UM0615051,test,0.95,GLMNet elastic-net logistic,123
UM0615051,test,0.95,GLMNet elastic-net logistic,123
UM0615051,train,0.95,GLMNet elastic-net logistic,123
UM0615063,test,0.19410601751371423,GLMNet elastic-net logistic,123
UM0615138,train,0.5130562771050633,GLMNet elastic-net logistic,123
UM0615138,train,0.5130562771050633,GLMNet elastic-net logistic,123
UM0615426,train,0.396121598957456,GLMNet elastic-net logistic,123
UM0616060,train,0.1905917845949497,GLMNet elastic-net logistic,123
UM0616248,train,0.24179630148385198,GLMNet elastic-net logistic,123
UM0616568,test,0.41588773045102184,GLMNet elastic-net logistic,123
UM0616756,train,0.4921068221311781,GLMNet elastic-net logistic,123
UM0616756,train,0.4921068221311781,GLMNet elastic-net logistic,123
UM0616822,train,0.3110011490359435,GLMNet elastic-net logistic,123
UM0617768,train,0.24862001805327896,GLMNet elastic-net logistic,123
UM0617768,train,0.24542168416321156,GLMNet elastic-net logistic,123
UM0618053,train,0.6683178480822266,GLMNet elastic-net logistic,123
UM0618053,test,0.6683178480822266,GLMNet elastic-net logistic,123
UM0618126,train,0.4051005292543305,GLMNet elastic-net logistic,123
UM0618126,train,0.4092511869217394,GLMNet elastic-net logistic,123
UM0618366,train,0.33837346403346524,GLMNet elastic-net logistic,123
UM0618376,train,0.501018709729207,GLMNet elastic-net logistic,123
UM0618376,train,0.501018709729207,GLMNet elastic-net logistic,123
UM0618552,test,0.38518537006824816,GLMNet elastic-net logistic,123
UM0618552,train,0.38112132338056187,GLMNet elastic-net logistic,123
UM0618607,test,0.33696518053873126,GLMNet elastic-net logistic,123
UM0618607,test,0.33696518053873126,GLMNet elastic-net logistic,123
UM0618705,test,0.16556877055251965,GLMNet elastic-net logistic,123
UM0618705,test,0.16556877055251965,GLMNet elastic-net logistic,123
UM0618840,train,0.3828727480936538,GLMNet elastic-net logistic,123
UM0618840,train,0.3828727480936538,GLMNet elastic-net logistic,123
UM0619025,test,0.5472311874733277,GLMNet elastic-net logistic,123
UM0619025,train,0.5514881129333818,GLMNet elastic-net logistic,123
UM0619138,train,0.3166069721376348,GLMNet elastic-net logistic,123
UM0619138,train,0.3166069721376348,GLMNet elastic-net logistic,123
UM0619174,test,0.6263141535985217,GLMNet elastic-net logistic,123
UM0619174,train,0.6263141535985217,GLMNet elastic-net logistic,123
UM0619308,train,0.7013475163618795,GLMNet elastic-net logistic,123
UM0619308,train,0.5943493401631401,GLMNet elastic-net logistic,123
UM0619308,test,0.7013475163618795,GLMNet elastic-net logistic,123
UM0619354,train,0.26558495483293176,GLMNet elastic-net logistic,123
UM0619354,test,0.26558495483293176,GLMNet elastic-net logistic,123
UM0619488,train,0.5011872984537028,GLMNet elastic-net logistic,123
UM0619502,train,0.40988933854562287,GLMNet elastic-net logistic,123
UM0619671,train,0.8466559490942097,GLMNet elastic-net logistic,123
UM0619671,test,0.8466559490942097,GLMNet elastic-net logistic,123
UM0619756,test,0.469294090723858,GLMNet elastic-net logistic,123
UM0619804,train,0.2965745821813674,GLMNet elastic-net logistic,123
UM0619905,train,0.3371905461327271,GLMNet elastic-net logistic,123
UM0619905,train,0.33335831902012303,GLMNet elastic-net logistic,123
UM0619942,test,0.610694938178508,GLMNet elastic-net logistic,123
UM0620061,train,0.7069496255684873,GLMNet elastic-net logistic,123
UM0620360,train,0.3975167509551591,GLMNet elastic-net logistic,123
UM0620360,train,0.3975167509551591,GLMNet elastic-net logistic,123
UM0620391,train,0.4673051222281753,GLMNet elastic-net logistic,123
UM0620407,test,0.27068584422990083,GLMNet elastic-net logistic,123
UM0620569,train,0.39254501403179176,GLMNet elastic-net logistic,123
UM0620569,test,0.39254501403179176,GLMNet elastic-net logistic,123
UM0620681,test,0.6445499142658838,GLMNet elastic-net logistic,123
UM0620681,train,0.6406006405097744,GLMNet elastic-net logistic,123
UM0620900,train,0.4487889332754246,GLMNet elastic-net logistic,123
UM0620900,test,0.4530463281079587,GLMNet elastic-net logistic,123
UM0620983,train,0.1836772120688576,GLMNet elastic-net logistic,123
UM0620986,test,0.26660191849173526,GLMNet elastic-net logistic,123
UM0620986,test,0.26660191849173526,GLMNet elastic-net logistic,123
UM0620987,train,0.05,GLMNet elastic-net logistic,123
UM0620987,train,0.05,GLMNet elastic-net logistic,123
UM0621079,test,0.3431938844689078,GLMNet elastic-net logistic,123
UM0621079,train,0.3431938844689078,GLMNet elastic-net logistic,123
UM0621400,test,0.31090435315695913,GLMNet elastic-net logistic,123
UM0621400,test,0.31090435315695913,GLMNet elastic-net logistic,123
UM0621431,train,0.14972319713116405,GLMNet elastic-net logistic,123
UM0621431,train,0.14972319713116405,GLMNet elastic-net logistic,123
UM0621484,train,0.23472790009203498,GLMNet elastic-net logistic,123
UM0621672,train,0.37535407233694434,GLMNet elastic-net logistic,123
UM0621672,train,0.37535407233694434,GLMNet elastic-net logistic,123
UM0621777,train,0.35020616228659746,GLMNet elastic-net logistic,123
UM0621777,train,0.35020616228659746,GLMNet elastic-net logistic,123
UM0621840,test,0.6772488386965887,GLMNet elastic-net logistic,123
UM0621840,train,0.5952789027406591,GLMNet elastic-net logistic,123
UM0621840,train,0.5952789027406591,GLMNet elastic-net logistic,123
UM0621913,test,0.46309538560661173,GLMNet elastic-net logistic,123
UM0621913,train,0.46309538560661173,GLMNet elastic-net logistic,123
UM0622045,train,0.3984393941374977,GLMNet elastic-net logistic,123
UM0622083,train,0.4810536143361881,GLMNet elastic-net logistic,123
UM0622188,train,0.4537678799408465,GLMNet elastic-net logistic,123
UM0622188,train,0.4537678799408465,GLMNet elastic-net logistic,123
UM0622192,train,0.4961721353029531,GLMNet elastic-net logistic,123
UM0622192,test,0.4961721353029531,GLMNet elastic-net logistic,123
UM0622284,train,0.10391761934820468,GLMNet elastic-net logistic,123
UM0622284,train,0.10391761934820468,GLMNet elastic-net logistic,123
UM0622285,train,0.5064424431205914,GLMNet elastic-net logistic,123
UM0622285,train,0.5064424431205914,GLMNet elastic-net logistic,123
UM0622428,train,0.4425807244405957,GLMNet elastic-net logistic,123
UM0622428,test,0.4425807244405957,GLMNet elastic-net logistic,123
UM0622491,train,0.5727591725905391,GLMNet elastic-net logistic,123
UM0622491,train,0.5727591725905391,GLMNet elastic-net logistic,123
UM0622501,train,0.4712925318271227,GLMNet elastic-net logistic,123
UM0622501,train,0.38000994911470004,GLMNet elastic-net logistic,123
UM0622501,train,0.38000994911470004,GLMNet elastic-net logistic,123
UM0622558,train,0.2940019688449549,GLMNet elastic-net logistic,123
UM0622637,test,0.2784324561587035,GLMNet elastic-net logistic,123
UM0622637,train,0.2784324561587035,GLMNet elastic-net logistic,123
UM0622706,train,0.7230335155520409,GLMNet elastic-net logistic,123
UM0622716,test,0.4504936441541045,GLMNet elastic-net logistic,123
UM0622716,train,0.4504936441541045,GLMNet elastic-net logistic,123
UM0622905,train,0.5679241007607163,GLMNet elastic-net logistic,123
UM0622905,test,0.5679241007607163,GLMNet elastic-net logistic,123
UM0622912,test,0.12307372991927651,GLMNet elastic-net logistic,123
UM0623033,train,0.23401646157898218,GLMNet elastic-net logistic,123
UM0623033,train,0.23401646157898218,GLMNet elastic-net logistic,123
UM0623073,train,0.35178684390405224,GLMNet elastic-net logistic,123
UM0623073,train,0.41247880442704943,GLMNet elastic-net logistic,123
UM0623073,train,0.35178684390405224,GLMNet elastic-net logistic,123
UM0623097,test,0.29719402693801883,GLMNet elastic-net logistic,123
UM0623097,test,0.29719402693801883,GLMNet elastic-net logistic,123
UM0623229,train,0.3941502205786924,GLMNet elastic-net logistic,123
UM0623229,test,0.3941502205786924,GLMNet elastic-net logistic,123
UM0623237,train,0.20182259603803182,GLMNet elastic-net logistic,123
UM0623237,test,0.20182259603803182,GLMNet elastic-net logistic,123
UM0623250,train,0.5706176381363364,GLMNet elastic-net logistic,123
UM0623288,train,0.3309727382770482,GLMNet elastic-net logistic,123
UM0623288,train,0.3309727382770482,GLMNet elastic-net logistic,123
UM0623314,train,0.19737689351535911,GLMNet elastic-net logistic,123
UM0623314,train,0.19737689351535911,GLMNet elastic-net logistic,123
UM0623362,train,0.4492194643588027,GLMNet elastic-net logistic,123
UM0623362,test,0.4492194643588027,GLMNet elastic-net logistic,123
UM0623418,test,0.53853321664248,GLMNet elastic-net logistic,123
UM0623448,train,0.6010708795541116,GLMNet elastic-net logistic,123
UM0623448,train,0.6010708795541116,GLMNet elastic-net logistic,123
UM0623635,train,0.37716108017896355,GLMNet elastic-net logistic,123
UM0623635,train,0.37716108017896355,GLMNet elastic-net logistic,123
UM0623682,train,0.6701430344204008,GLMNet elastic-net logistic,123
UM0623682,train,0.6701430344204008,GLMNet elastic-net logistic,123
UM0623682,train,0.7052284677678018,GLMNet elastic-net logistic,123
UM0623696,train,0.6453530944246632,GLMNet elastic-net logistic,123
UM0623696,train,0.6123757220892599,GLMNet elastic-net logistic,123
UM0623696,train,0.6453530944246632,GLMNet elastic-net logistic,123
UM0623847,train,0.2724913224075709,GLMNet elastic-net logistic,123
UM0623847,train,0.2724913224075709,GLMNet elastic-net logistic,123
UM0623850,train,0.16941856935017585,GLMNet elastic-net logistic,123
UM0623850,train,0.16941856935017585,GLMNet elastic-net logistic,123
UM0623861,train,0.2062193758932155,GLMNet elastic-net logistic,123
UM0623861,train,0.26850111369924284,GLMNet elastic-net logistic,123
UM0623861,train,0.2062193758932155,GLMNet elastic-net logistic,123
UM0624207,train,0.23964826294190048,GLMNet elastic-net logistic,123
UM0624303,train,0.7152260136452848,GLMNet elastic-net logistic,123
UM0624303,train,0.47645166799689553,GLMNet elastic-net logistic,123
UM0624303,train,0.7152260136452848,GLMNet elastic-net logistic,123
UM0624487,train,0.5097033525133884,GLMNet elastic-net logistic,123
UM0624499,test,0.41605910788968314,GLMNet elastic-net logistic,123
UM0624499,train,0.41605910788968314,GLMNet elastic-net logistic,123
UM0624588,train,0.33395311851694803,GLMNet elastic-net logistic,123
UM0624588,test,0.33395311851694803,GLMNet elastic-net logistic,123
UM0624612,train,0.5547635821057111,GLMNet elastic-net logistic,123
UM0624612,train,0.5547635821057111,GLMNet elastic-net logistic,123
UM0624653,test,0.2542259847980631,GLMNet elastic-net logistic,123
UM0624716,train,0.39751926365445106,GLMNet elastic-net logistic,123
UM0624716,test,0.39751926365445106,GLMNet elastic-net logistic,123
UM0624813,train,0.48525807721672554,GLMNet elastic-net logistic,123
UM0624814,train,0.95,GLMNet elastic-net logistic,123
UM0624814,train,0.95,GLMNet elastic-net logistic,123
UM0624826,test,0.2463329961729,GLMNet elastic-net logistic,123
UM0624826,train,0.2463329961729,GLMNet elastic-net logistic,123
UM0624861,test,0.26611428786054037,GLMNet elastic-net logistic,123
UM0624861,train,0.26611428786054037,GLMNet elastic-net logistic,123
UM0624877,test,0.2778228680825379,GLMNet elastic-net logistic,123
UM0624914,test,0.16643179478982004,GLMNet elastic-net logistic,123
UM0624914,train,0.16643179478982004,GLMNet elastic-net logistic,123
UM0625073,train,0.7298882028871654,GLMNet elastic-net logistic,123
UM0625073,train,0.7298882028871654,GLMNet elastic-net logistic,123
UM0625073,train,0.7298882028871654,GLMNet elastic-net logistic,123
UM0625073,test,0.7298882028871654,GLMNet elastic-net logistic,123
UM0625073,train,0.7342625019992942,GLMNet elastic-net logistic,123
UM0625184,train,0.4313810125792477,GLMNet elastic-net logistic,123
UM0625184,train,0.4313810125792477,GLMNet elastic-net logistic,123
UM0625208,test,0.2571138522561978,GLMNet elastic-net logistic,123
UM0625259,train,0.4262933729116026,GLMNet elastic-net logistic,123
UM0625259,test,0.4262933729116026,GLMNet elastic-net logistic,123
UM0625278,train,0.37265739696571915,GLMNet elastic-net logistic,123
UM0625278,train,0.37265739696571915,GLMNet elastic-net logistic,123
UM0625306,test,0.20592555949992108,GLMNet elastic-net logistic,123
UM0625337,test,0.48326437312566617,GLMNet elastic-net logistic,123
UM0625344,train,0.6669711591946188,GLMNet elastic-net logistic,123
UM0625344,train,0.6669711591946188,GLMNet elastic-net logistic,123
UM0625374,train,0.4466092452751717,GLMNet elastic-net logistic,123
UM0625374,train,0.4466092452751717,GLMNet elastic-net logistic,123
UM0625377,train,0.3243646958495674,GLMNet elastic-net logistic,123
UM0625377,test,0.3243646958495674,GLMNet elastic-net logistic,123
UM0625388,train,0.47269749329404714,GLMNet elastic-net logistic,123
UM0625388,train,0.47269749329404714,GLMNet elastic-net logistic,123
UM0625402,train,0.6519797416030512,GLMNet elastic-net logistic,123
UM0625402,train,0.6519797416030512,GLMNet elastic-net logistic,123
UM0625424,train,0.6408266805907812,GLMNet elastic-net logistic,123
UM0625424,train,0.6408266805907812,GLMNet elastic-net logistic,123
UM0625752,train,0.5214140091075161,GLMNet elastic-net logistic,123
UM0625752,train,0.5214140091075161,GLMNet elastic-net logistic,123
UM0625886,train,0.2380309058298359,GLMNet elastic-net logistic,123
UM0625886,train,0.2380309058298359,GLMNet elastic-net logistic,123
UM0625993,train,0.1522170215058547,GLMNet elastic-net logistic,123
UM0625993,train,0.1522170215058547,GLMNet elastic-net logistic,123
UM0625997,train,0.26073846347267493,GLMNet elastic-net logistic,123
UM0625997,test,0.26073846347267493,GLMNet elastic-net logistic,123
UM0626014,test,0.22020912844269636,GLMNet elastic-net logistic,123
UM0626014,test,0.22020912844269636,GLMNet elastic-net logistic,123
UM0626025,train,0.2214562324254263,GLMNet elastic-net logistic,123
UM0626025,train,0.2214562324254263,GLMNet elastic-net logistic,123
UM0626132,train,0.47054789923585505,GLMNet elastic-net logistic,123
UM0626227,train,0.4601161943087373,GLMNet elastic-net logistic,123
UM0626234,test,0.3288555473402727,GLMNet elastic-net logistic,123
UM0626234,train,0.3288555473402727,GLMNet elastic-net logistic,123
UM0626262,test,0.3448601081969312,GLMNet elastic-net logistic,123
UM0626420,train,0.16248349552826394,GLMNet elastic-net logistic,123
UM0626420,test,0.16248349552826394,GLMNet elastic-net logistic,123
UM0626429,train,0.16762349538074173,GLMNet elastic-net logistic,123
UM0626429,train,0.16762349538074173,GLMNet elastic-net logistic,123
UM0626730,train,0.5578559150540482,GLMNet elastic-net logistic,123
UM0626730,test,0.5578559150540482,GLMNet elastic-net logistic,123
UM0626761,test,0.4826221199983518,GLMNet elastic-net logistic,123
UM0626761,train,0.4826221199983518,GLMNet elastic-net logistic,123
UM0627049,train,0.3648777788485308,GLMNet elastic-net logistic,123
UM0627049,train,0.3648777788485308,GLMNet elastic-net logistic,123
UM0627350,test,0.29732229424237927,GLMNet elastic-net logistic,123
UM0627350,train,0.29732229424237927,GLMNet elastic-net logistic,123
UM0627373,train,0.5905691240428523,GLMNet elastic-net logistic,123
UM0627373,test,0.5905691240428523,GLMNet elastic-net logistic,123
UM0627373,train,0.5240368976611426,GLMNet elastic-net logistic,123
UM0627384,test,0.5268969893023945,GLMNet elastic-net logistic,123
UM0627384,test,0.5268969893023945,GLMNet elastic-net logistic,123
UM0627667,train,0.4908517658168307,GLMNet elastic-net logistic,123
UM0627678,test,0.3218499420960511,GLMNet elastic-net logistic,123
UM0627678,train,0.33396923615866875,GLMNet elastic-net logistic,123
UM0627678,test,0.3218499420960511,GLMNet elastic-net logistic,123
UM0627726,train,0.31678431593889833,GLMNet elastic-net logistic,123
UM0627726,test,0.31678431593889833,GLMNet elastic-net logistic,123
UM0627734,train,0.2871515259417326,GLMNet elastic-net logistic,123
UM0627734,train,0.2871515259417326,GLMNet elastic-net logistic,123
UM0627768,test,0.4745460680552883,GLMNet elastic-net logistic,123
UM0627768,train,0.4745460680552883,GLMNet elastic-net logistic,123
UM0627915,test,0.5174204118963044,GLMNet elastic-net logistic,123
UM0627985,test,0.05,GLMNet elastic-net logistic,123
UM0628145,train,0.4414861834828622,GLMNet elastic-net logistic,123
UM0628145,test,0.43725057743049484,GLMNet elastic-net logistic,123
UM0628187,train,0.4131234978377621,GLMNet elastic-net logistic,123
UM0628187,test,0.4131234978377621,GLMNet elastic-net logistic,123
UM0628210,train,0.5626689711375134,GLMNet elastic-net logistic,123
UM0628210,test,0.5626689711375134,GLMNet elastic-net logistic,123
UM0628276,train,0.6790306721301659,GLMNet elastic-net logistic,123
UM0628606,test,0.4200893893749117,GLMNet elastic-net logistic,123
UM0628702,train,0.49881242720284036,GLMNet elastic-net logistic,123
UM0629058,test,0.645666260538299,GLMNet elastic-net logistic,123
UM0629058,train,0.645666260538299,GLMNet elastic-net logistic,123
UM0629058,train,0.645666260538299,GLMNet elastic-net logistic,123
UM0629058,train,0.645666260538299,GLMNet elastic-net logistic,123
UM0629282,test,0.44988339621974244,GLMNet elastic-net logistic,123
UM0629801,train,0.513928470857071,GLMNet elastic-net logistic,123
UM0629801,train,0.513928470857071,GLMNet elastic-net logistic,123
UM0629962,test,0.18326721594044804,GLMNet elastic-net logistic,123
UM0630116,train,0.273425194001953,GLMNet elastic-net logistic,123
UM0631325,test,0.26675057918956085,GLMNet elastic-net logistic,123
UM0631556,train,0.5877055027235689,GLMNet elastic-net logistic,123
UM0631698,test,0.42470536195440955,GLMNet elastic-net logistic,123
UM0631698,train,0.42470536195440955,GLMNet elastic-net logistic,123
UM0631977,train,0.7159024593135933,GLMNet elastic-net logistic,123
UM0632062,train,0.2107984177901473,GLMNet elastic-net logistic,123
UM0632062,train,0.2107984177901473,GLMNet elastic-net logistic,123
UM0632069,train,0.7855257717335572,GLMNet elastic-net logistic,123
UM0632069,train,0.7855257717335572,GLMNet elastic-net logistic,123
UM0632069,train,0.7450747330256247,GLMNet elastic-net logistic,123
UM0632113,train,0.38698516314762016,GLMNet elastic-net logistic,123
UM0632113,train,0.38698516314762016,GLMNet elastic-net logistic,123
UM0632509,train,0.26671875350828694,GLMNet elastic-net logistic,123
UM0632509,test,0.2633692008366738,GLMNet elastic-net logistic,123
UM0632789,train,0.5843386023422144,GLMNet elastic-net logistic,123
UM0632986,train,0.42986749628814286,GLMNet elastic-net logistic,123
UM0632986,train,0.42986749628814286,GLMNet elastic-net logistic,123
UM0633003,train,0.5049512760070419,GLMNet elastic-net logistic,123
UM0633084,train,0.3392424618477746,GLMNet elastic-net logistic,123
UM0633084,test,0.3392424618477746,GLMNet elastic-net logistic,123
UM0633124,train,0.7522942917743136,GLMNet elastic-net logistic,123
UM0633153,train,0.5702603733668021,GLMNet elastic-net logistic,123
UM0633155,test,0.5082565500608591,GLMNet elastic-net logistic,123
UM0633231,train,0.348874146296791,GLMNet elastic-net logistic,123
UM0633231,train,0.3449782454411576,GLMNet elastic-net logistic,123
UM0633266,train,0.3820256232294134,GLMNet elastic-net logistic,123
UM0633269,test,0.5141605312388734,GLMNet elastic-net logistic,123
UM0633269,train,0.36311905862786137,GLMNet elastic-net logistic,123
UM0633269,train,0.3671050095707604,GLMNet elastic-net logistic,123
UM0633316,test,0.5666468896596679,GLMNet elastic-net logistic,123
UM0633362,train,0.5179031787211725,GLMNet elastic-net logistic,123
UM0633362,test,0.5179031787211725,GLMNet elastic-net logistic,123
UM0633379,train,0.4023205729580514,GLMNet elastic-net logistic,123
UM0633379,test,0.39819282675483797,GLMNet elastic-net logistic,123
UM0633397,train,0.10070926866554826,GLMNet elastic-net logistic,123
UM0633462,test,0.6459752057609881,GLMNet elastic-net logistic,123
UM0633468,test,0.476077528084092,GLMNet elastic-net logistic,123
UM0633614,train,0.34765896894547466,GLMNet elastic-net logistic,123
UM0633614,train,0.34765896894547466,GLMNet elastic-net logistic,123
UM0633625,test,0.35154963921460103,GLMNet elastic-net logistic,123
UM0633625,train,0.35154963921460103,GLMNet elastic-net logistic,123
UM0633719,test,0.38767542134638105,GLMNet elastic-net logistic,123
UM0633719,train,0.39176511558593297,GLMNet elastic-net logistic,123
UM0633894,train,0.6335672555949331,GLMNet elastic-net logistic,123
UM0634023,train,0.42218354213426007,GLMNet elastic-net logistic,123
UM0634023,train,0.42218354213426007,GLMNet elastic-net logistic,123
UM0634071,train,0.6289369565666594,GLMNet elastic-net logistic,123
UM0634071,test,0.6289369565666594,GLMNet elastic-net logistic,123
UM0634235,train,0.16895561099578138,GLMNet elastic-net logistic,123
UM0634235,test,0.16655493813728856,GLMNet elastic-net logistic,123
UM0634239,train,0.17089017718844518,GLMNet elastic-net logistic,123
UM0634288,train,0.579089929083674,GLMNet elastic-net logistic,123
UM0634381,train,0.335173805964265,GLMNet elastic-net logistic,123
UM0634453,test,0.4237440428035288,GLMNet elastic-net logistic,123
UM0634501,train,0.95,GLMNet elastic-net logistic,123
UM0634501,test,0.95,GLMNet elastic-net logistic,123
UM0634562,train,0.15191084339195118,GLMNet elastic-net logistic,123
UM0634584,train,0.14896058208981275,GLMNet elastic-net logistic,123
UM0634584,train,0.14896058208981275,GLMNet elastic-net logistic,123
UM0634600,train,0.3845181641127075,GLMNet elastic-net logistic,123
UM0634600,train,0.3845181641127075,GLMNet elastic-net logistic,123
UM0634600,test,0.46409255158551044,GLMNet elastic-net logistic,123
UM0634601,train,0.42834020124634736,GLMNet elastic-net logistic,123
UM0634601,train,0.42834020124634736,GLMNet elastic-net logistic,123
UM0634627,train,0.5469043715054661,GLMNet elastic-net logistic,123
UM0634627,train,0.5469043715054661,GLMNet elastic-net logistic,123
UM0634741,train,0.4012390642386679,GLMNet elastic-net logistic,123
UM0634741,train,0.4012390642386679,GLMNet elastic-net logistic,123
UM0634747,train,0.598311550538784,GLMNet elastic-net logistic,123
UM0634771,train,0.4889777584573504,GLMNet elastic-net logistic,123
UM0634771,test,0.4889777584573504,GLMNet elastic-net logistic,123
UM0634807,test,0.46272849440232,GLMNet elastic-net logistic,123
UM0634842,train,0.29655738387634484,GLMNet elastic-net logistic,123
UM0634859,train,0.3189260744445168,GLMNet elastic-net logistic,123
UM0634886,test,0.28909449556887834,GLMNet elastic-net logistic,123
UM0634891,train,0.30004399553715744,GLMNet elastic-net logistic,123
UM0634891,train,0.3238902490450246,GLMNet elastic-net logistic,123
UM0634900,train,0.36878880874184655,GLMNet elastic-net logistic,123
UM0634900,train,0.36878880874184655,GLMNet elastic-net logistic,123
UM0634911,train,0.35401092791261624,GLMNet elastic-net logistic,123
UM0634940,train,0.37643992262629744,GLMNet elastic-net logistic,123
UM0634940,test,0.37643992262629744,GLMNet elastic-net logistic,123
UM0635009,train,0.15528475892910196,GLMNet elastic-net logistic,123
UM0635009,train,0.15528475892910196,GLMNet elastic-net logistic,123
UM0635009,train,0.5386756177459306,GLMNet elastic-net logistic,123
UM0635259,test,0.5104690024582614,GLMNet elastic-net logistic,123
UM0635259,train,0.5104690024582614,GLMNet elastic-net logistic,123
UM0635262,train,0.5016981662887409,GLMNet elastic-net logistic,123
UM0635262,train,0.5016981662887409,GLMNet elastic-net logistic,123
UM0635274,test,0.4897674010442558,GLMNet elastic-net logistic,123
UM0635274,train,0.4854712164298319,GLMNet elastic-net logistic,123
UM0635403,train,0.6038141514709874,GLMNet elastic-net logistic,123
UM0635422,train,0.3770640612464018,GLMNet elastic-net logistic,123
UM0635576,train,0.3491252115763572,GLMNet elastic-net logistic,123
UM0635576,train,0.3491252115763572,GLMNet elastic-net logistic,123
UM0635595,train,0.6100509504068837,GLMNet elastic-net logistic,123
UM0635595,train,0.6141337135995462,GLMNet elastic-net logistic,123
UM0635719,test,0.5288965712894667,GLMNet elastic-net logistic,123
UM0635719,train,0.5288965712894667,GLMNet elastic-net logistic,123
UM0635736,test,0.13397106782785279,GLMNet elastic-net logistic,123
UM0635736,train,0.13397106782785279,GLMNet elastic-net logistic,123
UM0635766,test,0.0832650103449244,GLMNet elastic-net logistic,123
UM0635766,test,0.0832650103449244,GLMNet elastic-net logistic,123
UM0635851,test,0.3526110047923383,GLMNet elastic-net logistic,123
UM0635851,train,0.3526110047923383,GLMNet elastic-net logistic,123
UM0635891,test,0.18573479738160734,GLMNet elastic-net logistic,123
UM0635917,train,0.2773285159641205,GLMNet elastic-net logistic,123
UM0635921,test,0.38464560097185463,GLMNet elastic-net logistic,123
UM0635974,train,0.95,GLMNet elastic-net logistic,123
UM0635998,test,0.285170479694304,GLMNet elastic-net logistic,123
UM0635998,train,0.285170479694304,GLMNet elastic-net logistic,123
UM0636004,test,0.4507680560688034,GLMNet elastic-net logistic,123
UM0636013,train,0.41970677515924637,GLMNet elastic-net logistic,123
UM0636013,test,0.41970677515924637,GLMNet elastic-net logistic,123
UM0636040,train,0.4575028003915691,GLMNet elastic-net logistic,123
UM0636040,train,0.4575028003915691,GLMNet elastic-net logistic,123
UM0636080,test,0.2532687883320202,GLMNet elastic-net logistic,123
UM0636118,train,0.1982708995645676,GLMNet elastic-net logistic,123
UM0636118,train,0.1982708995645676,GLMNet elastic-net logistic,123
UM0636250,test,0.3806735349192186,GLMNet elastic-net logistic,123
UM0636345,test,0.4099796604402944,GLMNet elastic-net logistic,123
UM0636465,train,0.2892883281927079,GLMNet elastic-net logistic,123
UM0636465,train,0.2892883281927079,GLMNet elastic-net logistic,123
UM0636607,train,0.48047150837124336,GLMNet elastic-net logistic,123
UM0636607,train,0.48047150837124336,GLMNet elastic-net logistic,123
UM0636718,train,0.4302422386737204,GLMNet elastic-net logistic,123
UM0636718,test,0.4302422386737204,GLMNet elastic-net logistic,123
UM0637051,test,0.2721463056436878,GLMNet elastic-net logistic,123
UM0637092,train,0.3786840842147539,GLMNet elastic-net logistic,123
UM0637092,train,0.3827382144010122,GLMNet elastic-net logistic,123
UM0637164,test,0.5205730512764816,GLMNet elastic-net logistic,123
UM0637164,train,0.5162800694559869,GLMNet elastic-net logistic,123
UM0637270,train,0.4474561314534975,GLMNet elastic-net logistic,123
UM0637270,test,0.4474561314534975,GLMNet elastic-net logistic,123
UM0637363,test,0.4861164134221932,GLMNet elastic-net logistic,123
UM0637363,test,0.4861164134221932,GLMNet elastic-net logistic,123
UM0637512,test,0.3415410248244272,GLMNet elastic-net logistic,123
UM0638017,train,0.44773385582270536,GLMNet elastic-net logistic,123
UM0638017,train,0.44773385582270536,GLMNet elastic-net logistic,123
UM0638112,train,0.25784764756129075,GLMNet elastic-net logistic,123
UM0638112,test,0.26115187244834714,GLMNet elastic-net logistic,123
UM0638137,train,0.06395576416771127,GLMNet elastic-net logistic,123
UM0638137,train,0.06395576416771127,GLMNet elastic-net logistic,123
UM0638250,train,0.12197887594614397,GLMNet elastic-net logistic,123
UM0638450,train,0.3315790019449129,GLMNet elastic-net logistic,123
UM0638450,test,0.3315790019449129,GLMNet elastic-net logistic,123
UM0638517,train,0.2926672347326652,GLMNet elastic-net logistic,123
UM0638609,train,0.10199378552475895,GLMNet elastic-net logistic,123
UM0638609,train,0.1561678342947591,GLMNet elastic-net logistic,123
UM0638609,test,0.10199378552475895,GLMNet elastic-net logistic,123
UM0638665,train,0.23432384220764307,GLMNet elastic-net logistic,123
UM0638698,train,0.3780711011827652,GLMNet elastic-net logistic,123
UM0638807,train,0.6780778209453384,GLMNet elastic-net logistic,123
UM0638904,train,0.95,GLMNet elastic-net logistic,123
UM0638959,test,0.2515117769067653,GLMNet elastic-net logistic,123
UM0639022,train,0.593120826528661,GLMNet elastic-net logistic,123
UM0639022,test,0.676464207017205,GLMNet elastic-net logistic,123
UM0639022,train,0.676464207017205,GLMNet elastic-net logistic,123
UM0639113,test,0.6376122455884817,GLMNet elastic-net logistic,123
UM0639125,test,0.49394521721888934,GLMNet elastic-net logistic,123
UM0639308,test,0.5292086891984301,GLMNet elastic-net logistic,123
UM0639308,train,0.5292086891984301,GLMNet elastic-net logistic,123
UM0639517,train,0.560062457989946,GLMNet elastic-net logistic,123
UM0639517,train,0.560062457989946,GLMNet elastic-net logistic,123
UM0639909,train,0.4570086643818006,GLMNet elastic-net logistic,123
UM0640222,train,0.42386805168752817,GLMNet elastic-net logistic,123
UM0640222,train,0.4032347533705816,GLMNet elastic-net logistic,123
UM0640424,train,0.23099134008420824,GLMNet elastic-net logistic,123
UM0640554,train,0.22107612081000624,GLMNet elastic-net logistic,123
UM0640554,train,0.22107612081000624,GLMNet elastic-net logistic,123
UM0640706,train,0.14221525629076032,GLMNet elastic-net logistic,123
UM0640706,train,0.14221525629076032,GLMNet elastic-net logistic,123
UM0640903,train,0.5035674691464741,GLMNet elastic-net logistic,123
UM0640903,test,0.5035674691464741,GLMNet elastic-net logistic,123
UM0641991,train,0.48918139739552546,GLMNet elastic-net logistic,123
UM0641991,train,0.48918139739552546,GLMNet elastic-net logistic,123
UM0642167,test,0.39350314034284223,GLMNet elastic-net logistic,123
UM0642250,train,0.38139227489165795,GLMNet elastic-net logistic,123
UM0642312,train,0.47990098332134645,GLMNet elastic-net logistic,123
UM0642506,test,0.2852986006753966,GLMNet elastic-net logistic,123
UM0642507,train,0.36874110941160293,GLMNet elastic-net logistic,123
UM0642507,train,0.28671959226288385,GLMNet elastic-net logistic,123
UM0642659,test,0.6054091397760755,GLMNet elastic-net logistic,123
UM0642659,train,0.5135732682079179,GLMNet elastic-net logistic,123
UM0642665,train,0.5439381753643863,GLMNet elastic-net logistic,123
UM0642665,train,0.5439381753643863,GLMNet elastic-net logistic,123
UM0642739,test,0.3649776721520201,GLMNet elastic-net logistic,123
UM0642739,test,0.3689722053342418,GLMNet elastic-net logistic,123
UM0642739,train,0.4265325129347924,GLMNet elastic-net logistic,123
UM0642779,train,0.4943109456566286,GLMNet elastic-net logistic,123
UM0643060,train,0.5289127806427733,GLMNet elastic-net logistic,123
UM0643060,test,0.5289127806427733,GLMNet elastic-net logistic,123
UM0643062,train,0.3762528064588357,GLMNet elastic-net logistic,123
UM0643087,train,0.2932623337530056,GLMNet elastic-net logistic,123
UM0643092,test,0.4621393618658674,GLMNet elastic-net logistic,123
UM0643092,train,0.4621393618658674,GLMNet elastic-net logistic,123
UM0643471,train,0.5025472398802747,GLMNet elastic-net logistic,123
UM0643471,train,0.4982484222198886,GLMNet elastic-net logistic,123
UM0643525,train,0.8967459886784046,GLMNet elastic-net logistic,123
UM0643525,train,0.8967459886784046,GLMNet elastic-net logistic,123
UM0643525,train,0.8743258160164946,GLMNet elastic-net logistic,123
UM0643583,test,0.4509891105587703,GLMNet elastic-net logistic,123
UM0643583,test,0.4509891105587703,GLMNet elastic-net logistic,123
UM0643624,test,0.3618026864897767,GLMNet elastic-net logistic,123
UM0644070,train,0.7347668405309489,GLMNet elastic-net logistic,123
UM0644070,train,0.7347668405309489,GLMNet elastic-net logistic,123
UM0644114,train,0.5035326246706097,GLMNet elastic-net logistic,123
UM0644119,test,0.5638909892692628,GLMNet elastic-net logistic,123
UM0644159,train,0.3172370526891751,GLMNet elastic-net logistic,123
UM0644159,test,0.3172370526891751,GLMNet elastic-net logistic,123
UM0644228,train,0.24093208330462942,GLMNet elastic-net logistic,123
UM0644244,train,0.15078536951737348,GLMNet elastic-net logistic,123
UM0644244,train,0.15078536951737348,GLMNet elastic-net logistic,123
UM0644270,train,0.6285982479484311,GLMNet elastic-net logistic,123
UM0644270,test,0.6285982479484311,GLMNet elastic-net logistic,123
UM0644299,train,0.42668309139451527,GLMNet elastic-net logistic,123
UM0644299,test,0.42668309139451527,GLMNet elastic-net logistic,123
UM0644343,test,0.5163016316737282,GLMNet elastic-net logistic,123
UM0644353,train,0.2460006040809763,GLMNet elastic-net logistic,123
UM0644467,test,0.4626837275033943,GLMNet elastic-net logistic,123
UM0644467,train,0.4626837275033943,GLMNet elastic-net logistic,123
UM0644516,train,0.3647641761010452,GLMNet elastic-net logistic,123
UM0644516,train,0.437261521266405,GLMNet elastic-net logistic,123
UM0644516,train,0.3647641761010452,GLMNet elastic-net logistic,123
UM0644561,train,0.6639510566023781,GLMNet elastic-net logistic,123
UM0644576,train,0.24597265689600809,GLMNet elastic-net logistic,123
UM0644576,train,0.24597265689600809,GLMNet elastic-net logistic,123
UM0644581,train,0.2340121916165985,GLMNet elastic-net logistic,123
UM0644581,train,0.2340121916165985,GLMNet elastic-net logistic,123
UM0644675,test,0.6057227738829419,GLMNet elastic-net logistic,123
UM0644699,test,0.27352015541054797,GLMNet elastic-net logistic,123
UM0644699,train,0.27352015541054797,GLMNet elastic-net logistic,123
UM0644755,train,0.43225809977555074,GLMNet elastic-net logistic,123
UM0644755,test,0.43225809977555074,GLMNet elastic-net logistic,123
UM0644774,train,0.2299290262722193,GLMNet elastic-net logistic,123
UM0644774,train,0.2299290262722193,GLMNet elastic-net logistic,123
UM0644965,test,0.481425457863088,GLMNet elastic-net logistic,123
UM0644965,test,0.481425457863088,GLMNet elastic-net logistic,123
UM0644971,test,0.09483811646409966,GLMNet elastic-net logistic,123
UM0644971,train,0.09483811646409966,GLMNet elastic-net logistic,123
UM0645038,train,0.24447340391080197,GLMNet elastic-net logistic,123
UM0645135,train,0.5326244925952339,GLMNet elastic-net logistic,123
UM0645135,train,0.5326244925952339,GLMNet elastic-net logistic,123
UM0645247,train,0.5738750563573329,GLMNet elastic-net logistic,123
UM0645247,test,0.5738750563573329,GLMNet elastic-net logistic,123
UM0645408,test,0.3487539078918262,GLMNet elastic-net logistic,123
UM0645561,train,0.95,GLMNet elastic-net logistic,123
UM0645659,test,0.5451932024544979,GLMNet elastic-net logistic,123
UM0645659,test,0.5451932024544979,GLMNet elastic-net logistic,123
UM0645721,test,0.95,GLMNet elastic-net logistic,123
UM0645721,train,0.95,GLMNet elastic-net logistic,123
UM0645754,train,0.5301082663994029,GLMNet elastic-net logistic,123
UM0645754,train,0.5301082663994029,GLMNet elastic-net logistic,123
UM0645772,test,0.6926010392486878,GLMNet elastic-net logistic,123
UM0645772,train,0.6889279839378734,GLMNet elastic-net logistic,123
UM0645918,train,0.3254271313579169,GLMNet elastic-net logistic,123
UM0645988,train,0.4749380210388407,GLMNet elastic-net logistic,123
UM0646111,test,0.6067827832366925,GLMNet elastic-net logistic,123
UM0646315,train,0.4574459758396295,GLMNet elastic-net logistic,123
UM0646315,train,0.4574459758396295,GLMNet elastic-net logistic,123
UM0646318,test,0.4550418863885173,GLMNet elastic-net logistic,123
UM0646318,train,0.5773484134703171,GLMNet elastic-net logistic,123
UM0646318,test,0.5773484134703171,GLMNet elastic-net logistic,123
UM0646386,test,0.40083885009598336,GLMNet elastic-net logistic,123
UM0646386,train,0.40083885009598336,GLMNet elastic-net logistic,123
UM0646433,train,0.584581313925693,GLMNet elastic-net logistic,123
UM0646433,train,0.584581313925693,GLMNet elastic-net logistic,123
UM0646449,train,0.42800980418434154,GLMNet elastic-net logistic,123
UM0646449,train,0.42800980418434154,GLMNet elastic-net logistic,123
UM0646477,test,0.47879038935722035,GLMNet elastic-net logistic,123
UM0646477,test,0.47879038935722035,GLMNet elastic-net logistic,123
UM0646849,train,0.4756289994603028,GLMNet elastic-net logistic,123
UM0646849,train,0.4756289994603028,GLMNet elastic-net logistic,123
UM0646906,train,0.46497875887184603,GLMNet elastic-net logistic,123
UM0646986,test,0.38869193876155034,GLMNet elastic-net logistic,123
UM0647051,train,0.2157728175161346,GLMNet elastic-net logistic,123
UM0647058,test,0.20869409961141575,GLMNet elastic-net logistic,123
UM0647058,test,0.20869409961141575,GLMNet elastic-net logistic,123
UM0647075,train,0.3519495918662929,GLMNet elastic-net logistic,123
UM0647075,train,0.3519495918662929,GLMNet elastic-net logistic,123
UM0647079,train,0.6972673409262208,GLMNet elastic-net logistic,123
UM0647079,test,0.6972673409262208,GLMNet elastic-net logistic,123
UM0647123,train,0.1605340552298074,GLMNet elastic-net logistic,123
UM0647123,train,0.1605340552298074,GLMNet elastic-net logistic,123
UM0647163,test,0.2634974160203123,GLMNet elastic-net logistic,123
UM0647187,train,0.3379133574119087,GLMNet elastic-net logistic,123
UM0647193,train,0.23285061899061982,GLMNet elastic-net logistic,123
UM0647403,test,0.4352061014091417,GLMNet elastic-net logistic,123
UM0647403,train,0.4352061014091417,GLMNet elastic-net logistic,123
UM0647462,train,0.5419264819786903,GLMNet elastic-net logistic,123
UM0647513,test,0.16941270237190842,GLMNet elastic-net logistic,123
UM0647513,train,0.16941270237190842,GLMNet elastic-net logistic,123
UM0647584,train,0.3896801220674857,GLMNet elastic-net logistic,123
UM0647584,train,0.3896801220674857,GLMNet elastic-net logistic,123
UM0647597,train,0.95,GLMNet elastic-net logistic,123
UM0647712,test,0.25576306406016597,GLMNet elastic-net logistic,123
UM0647712,test,0.25576306406016597,GLMNet elastic-net logistic,123
UM0647778,train,0.22326358145439304,GLMNet elastic-net logistic,123
UM0647981,train,0.25170452328441634,GLMNet elastic-net logistic,123
UM0648005,train,0.4120421442031252,GLMNet elastic-net logistic,123
UM0648005,train,0.4120421442031252,GLMNet elastic-net logistic,123
UM0648053,train,0.12558321043949985,GLMNet elastic-net logistic,123
UM0648053,train,0.12558321043949985,GLMNet elastic-net logistic,123
UM0648110,train,0.25168555615112465,GLMNet elastic-net logistic,123
UM0648110,test,0.25168555615112465,GLMNet elastic-net logistic,123
UM0648148,train,0.381246913130182,GLMNet elastic-net logistic,123
UM0648148,train,0.381246913130182,GLMNet elastic-net logistic,123
UM0648252,test,0.15727486708990335,GLMNet elastic-net logistic,123
UM0648254,test,0.29395211153444684,GLMNet elastic-net logistic,123
UM0648254,test,0.29395211153444684,GLMNet elastic-net logistic,123
UM0648270,train,0.4271476762647946,GLMNet elastic-net logistic,123
UM0648270,train,0.4271476762647946,GLMNet elastic-net logistic,123
UM0648283,test,0.40778591156634897,GLMNet elastic-net logistic,123
UM0648283,test,0.40778591156634897,GLMNet elastic-net logistic,123
UM0648283,test,0.40778591156634897,GLMNet elastic-net logistic,123
UM0648283,train,0.40778591156634897,GLMNet elastic-net logistic,123
UM0648283,test,0.6075424265070659,GLMNet elastic-net logistic,123
UM0648345,train,0.2368737501907739,GLMNet elastic-net logistic,123
UM0648345,train,0.2368737501907739,GLMNet elastic-net logistic,123
UM0648375,test,0.34831439205894194,GLMNet elastic-net logistic,123
UM0648375,train,0.34831439205894194,GLMNet elastic-net logistic,123
UM0648398,train,0.16177153780268116,GLMNet elastic-net logistic,123
UM0648428,test,0.33472259842708235,GLMNet elastic-net logistic,123
UM0648443,train,0.22649874765000985,GLMNet elastic-net logistic,123
UM0648532,train,0.17612357813564208,GLMNet elastic-net logistic,123
UM0648532,test,0.17612357813564208,GLMNet elastic-net logistic,123
UM0648630,train,0.477870748661671,GLMNet elastic-net logistic,123
UM0648630,train,0.477870748661671,GLMNet elastic-net logistic,123
UM0648632,train,0.4517280629746044,GLMNet elastic-net logistic,123
UM0648751,train,0.26011572953919293,GLMNet elastic-net logistic,123
UM0648751,train,0.26011572953919293,GLMNet elastic-net logistic,123
UM0648762,train,0.95,GLMNet elastic-net logistic,123
UM0648829,test,0.95,GLMNet elastic-net logistic,123
UM0648829,train,0.95,GLMNet elastic-net logistic,123
UM0648933,train,0.7583050693699612,GLMNet elastic-net logistic,123
UM0648933,test,0.7583050693699612,GLMNet elastic-net logistic,123
UM0649068,train,0.3259470598511517,GLMNet elastic-net logistic,123
UM0649068,train,0.4097401511752496,GLMNet elastic-net logistic,123
UM0649068,test,0.4097401511752496,GLMNet elastic-net logistic,123
UM0649150,train,0.39759709507940966,GLMNet elastic-net logistic,123
UM0649150,train,0.39759709507940966,GLMNet elastic-net logistic,123
UM0649182,test,0.09528686320140074,GLMNet elastic-net logistic,123
UM0649182,test,0.09528686320140074,GLMNet elastic-net logistic,123
UM0649292,train,0.19196981604096391,GLMNet elastic-net logistic,123
UM0649356,test,0.38903886594630394,GLMNet elastic-net logistic,123
UM0649387,train,0.29424247378164514,GLMNet elastic-net logistic,123
UM0649387,train,0.29424247378164514,GLMNet elastic-net logistic,123
UM0649399,train,0.22725546186562892,GLMNet elastic-net logistic,123
UM0649399,train,0.22725546186562892,GLMNet elastic-net logistic,123
UM0649529,train,0.21842207545011288,GLMNet elastic-net logistic,123
UM0649572,train,0.3446537840539229,GLMNet elastic-net logistic,123
UM0649574,train,0.44075244413474746,GLMNet elastic-net logistic,123
UM0649637,test,0.33224488275506525,GLMNet elastic-net logistic,123
UM0649637,train,0.33224488275506525,GLMNet elastic-net logistic,123
UM0649660,test,0.3459469937081245,GLMNet elastic-net logistic,123
UM0649660,train,0.3459469937081245,GLMNet elastic-net logistic,123
UM0649697,train,0.5119652835829721,GLMNet elastic-net logistic,123
UM0649697,test,0.5119652835829721,GLMNet elastic-net logistic,123
UM0649787,test,0.18150812430939303,GLMNet elastic-net logistic,123
UM0649787,train,0.18150812430939303,GLMNet elastic-net logistic,123
UM0649805,train,0.11639991442330197,GLMNet elastic-net logistic,123
UM0649805,train,0.11639991442330197,GLMNet elastic-net logistic,123
UM0649865,train,0.35768479224951905,GLMNet elastic-net logistic,123
UM0649865,train,0.35768479224951905,GLMNet elastic-net logistic,123
UM0649880,train,0.32535495724628005,GLMNet elastic-net logistic,123
UM0649966,test,0.148939822965927,GLMNet elastic-net logistic,123
UM0650086,train,0.4220581445619155,GLMNet elastic-net logistic,123
UM0650389,train,0.8958481420576093,GLMNet elastic-net logistic,123
UM0650389,test,0.8958481420576093,GLMNet elastic-net logistic,123
UM0650397,train,0.5760118795048359,GLMNet elastic-net logistic,123
UM0650425,train,0.44259702725816286,GLMNet elastic-net logistic,123
UM0650425,test,0.44259702725816286,GLMNet elastic-net logistic,123
UM0650439,train,0.48893104240394364,GLMNet elastic-net logistic,123
UM0650450,test,0.4993466170817469,GLMNet elastic-net logistic,123
UM0650450,train,0.4993466170817469,GLMNet elastic-net logistic,123
UM0650484,test,0.48565804178976996,GLMNet elastic-net logistic,123
UM0650488,train,0.5945142142229584,GLMNet elastic-net logistic,123
UM0650518,train,0.6348436898896186,GLMNet elastic-net logistic,123
UM0650594,train,0.566670898725768,GLMNet elastic-net logistic,123
UM0650715,train,0.05,GLMNet elastic-net logistic,123
UM0650850,train,0.12499617968891032,GLMNet elastic-net logistic,123
UM0650850,test,0.13008376730769217,GLMNet elastic-net logistic,123
UM0650850,train,0.12499617968891032,GLMNet elastic-net logistic,123
UM0651237,train,0.95,GLMNet elastic-net logistic,123
UM0651237,train,0.95,GLMNet elastic-net logistic,123
UM0651296,test,0.270786753174274,GLMNet elastic-net logistic,123
UM0651296,train,0.270786753174274,GLMNet elastic-net logistic,123
UM0651342,test,0.2685200414377463,GLMNet elastic-net logistic,123
UM0651342,test,0.2685200414377463,GLMNet elastic-net logistic,123
UM0651524,train,0.609582894195981,GLMNet elastic-net logistic,123
UM0651524,train,0.609582894195981,GLMNet elastic-net logistic,123
UM0651676,test,0.32806307040287863,GLMNet elastic-net logistic,123
UM0651920,test,0.46904031912677535,GLMNet elastic-net logistic,123
UM0651926,train,0.4167843344816879,GLMNet elastic-net logistic,123
UM0652294,train,0.4649788059297008,GLMNet elastic-net logistic,123
UM0652453,train,0.8930423547641496,GLMNet elastic-net logistic,123
UM0652453,train,0.8930423547641496,GLMNet elastic-net logistic,123
UM0652455,test,0.5438288027075423,GLMNet elastic-net logistic,123
UM0652455,train,0.5438288027075423,GLMNet elastic-net logistic,123
UM0652455,test,0.4773047993605175,GLMNet elastic-net logistic,123
UM0652653,train,0.4278357046625427,GLMNet elastic-net logistic,123
UM0652859,test,0.3764841410084608,GLMNet elastic-net logistic,123
UM0652859,train,0.3764841410084608,GLMNet elastic-net logistic,123
UM0652900,train,0.46514310987122154,GLMNet elastic-net logistic,123
UM0652900,train,0.46514310987122154,GLMNet elastic-net logistic,123
UM0652920,train,0.4797932776220858,GLMNet elastic-net logistic,123
UM0652920,test,0.4797932776220858,GLMNet elastic-net logistic,123
UM0653022,train,0.44706613615314167,GLMNet elastic-net logistic,123
UM0653152,train,0.4938050816690797,GLMNet elastic-net logistic,123
UM0653152,train,0.4938050816690797,GLMNet elastic-net logistic,123
UM0654489,test,0.6253740460491928,GLMNet elastic-net logistic,123
UM0654489,train,0.6253740460491928,GLMNet elastic-net logistic,123
UM0654732,train,0.6778486709364918,GLMNet elastic-net logistic,123
UM0654732,test,0.6740822913026224,GLMNet elastic-net logistic,123
UM0654804,train,0.35304876120566403,GLMNet elastic-net logistic,123
UM0654804,test,0.35304876120566403,GLMNet elastic-net logistic,123
UM0655191,train,0.541576686511637,GLMNet elastic-net logistic,123
UM0655191,test,0.541576686511637,GLMNet elastic-net logistic,123
UM0655264,train,0.31156555491965837,GLMNet elastic-net logistic,123
UM0655339,train,0.5718019820750984,GLMNet elastic-net logistic,123
UM0655354,train,0.20688586279297427,GLMNet elastic-net logistic,123
UM0655354,train,0.20688586279297427,GLMNet elastic-net logistic,123
UM0655404,train,0.5301333421562325,GLMNet elastic-net logistic,123
UM0655404,test,0.5344142516382797,GLMNet elastic-net logistic,123
UM0655562,train,0.6299067674506368,GLMNet elastic-net logistic,123
UM0655689,test,0.49524864165773447,GLMNet elastic-net logistic,123
UM0655690,test,0.3949974993653483,GLMNet elastic-net logistic,123
UM0655755,train,0.4955124675193366,GLMNet elastic-net logistic,123
UM0655755,train,0.4955124675193366,GLMNet elastic-net logistic,123
UM0655800,test,0.3350259444831061,GLMNet elastic-net logistic,123
UM0655813,train,0.46027281842590073,GLMNet elastic-net logistic,123
UM0655813,train,0.46027281842590073,GLMNet elastic-net logistic,123
UM0655999,train,0.6227930740904722,GLMNet elastic-net logistic,123
UM0655999,train,0.691286400744047,GLMNet elastic-net logistic,123
UM0655999,train,0.691286400744047,GLMNet elastic-net logistic,123
UM0656186,train,0.3933283319807655,GLMNet elastic-net logistic,123
UM0656186,train,0.3933283319807655,GLMNet elastic-net logistic,123
UM0656267,test,0.2614964289659388,GLMNet elastic-net logistic,123
UM0656364,test,0.14990837862675907,GLMNet elastic-net logistic,123
UM0656364,train,0.14990837862675907,GLMNet elastic-net logistic,123
UM0656435,test,0.48296293412148944,GLMNet elastic-net logistic,123
UM0656435,train,0.48725794225543256,GLMNet elastic-net logistic,123
UM0656505,train,0.4503601661166841,GLMNet elastic-net logistic,123
UM0656757,train,0.3306577579610991,GLMNet elastic-net logistic,123
UM0656985,train,0.2832243556477702,GLMNet elastic-net logistic,123
UM0657031,train,0.6916502822915896,GLMNet elastic-net logistic,123
UM0657064,test,0.5780765699864007,GLMNet elastic-net logistic,123
UM0657064,train,0.5780765699864007,GLMNet elastic-net logistic,123
UM0657064,train,0.7702093317246477,GLMNet elastic-net logistic,123
UM0657222,test,0.5136693831745942,GLMNet elastic-net logistic,123
UM0657222,train,0.5136693831745942,GLMNet elastic-net logistic,123
UM0657289,train,0.5042432492564629,GLMNet elastic-net logistic,123
UM0657289,train,0.41174041237352377,GLMNet elastic-net logistic,123
UM0657331,train,0.35014975918341895,GLMNet elastic-net logistic,123
UM0657331,train,0.35014975918341895,GLMNet elastic-net logistic,123
UM0657503,test,0.34837132174007335,GLMNet elastic-net logistic,123
UM0657503,train,0.34837132174007335,GLMNet elastic-net logistic,123
UM0657550,train,0.34703753554046557,GLMNet elastic-net logistic,123
UM0657550,test,0.34703753554046557,GLMNet elastic-net logistic,123
UM0657668,train,0.3405470005870834,GLMNet elastic-net logistic,123
UM0657819,train,0.4502913888991655,GLMNet elastic-net logistic,123
UM0657819,train,0.4502913888991655,GLMNet elastic-net logistic,123
UM0657878,test,0.5157922623096662,GLMNet elastic-net logistic,123
UM0657878,train,0.5200855490732846,GLMNet elastic-net logistic,123
UM0657899,train,0.4144839961601375,GLMNet elastic-net logistic,123
UM0657955,train,0.19224434976034144,GLMNet elastic-net logistic,123
UM0658001,train,0.14773847900379,GLMNet elastic-net logistic,123
UM0658001,test,0.14773847900379,GLMNet elastic-net logistic,123
UM0658023,test,0.6567969993752829,GLMNet elastic-net logistic,123
UM0658144,train,0.24208795323841328,GLMNet elastic-net logistic,123
UM0658197,train,0.28249851586788793,GLMNet elastic-net logistic,123
UM0658223,test,0.11604194586115338,GLMNet elastic-net logistic,123
UM0658223,train,0.11604194586115338,GLMNet elastic-net logistic,123
UM0658231,train,0.95,GLMNet elastic-net logistic,123
UM0658231,train,0.95,GLMNet elastic-net logistic,123
UM0658235,train,0.5101447472103722,GLMNet elastic-net logistic,123
UM0658434,train,0.4484604228021319,GLMNet elastic-net logistic,123
UM0658434,train,0.45271726077982355,GLMNet elastic-net logistic,123
UM0658524,train,0.5280846720886011,GLMNet elastic-net logistic,123
UM0658616,train,0.05,GLMNet elastic-net logistic,123
UM0658616,test,0.05,GLMNet elastic-net logistic,123
UM0658652,train,0.2807044043314432,GLMNet elastic-net logistic,123
UM0658652,train,0.2807044043314432,GLMNet elastic-net logistic,123
UM0658677,train,0.38486516825260686,GLMNet elastic-net logistic,123
UM0658677,train,0.38486516825260686,GLMNet elastic-net logistic,123
UM0658726,test,0.95,GLMNet elastic-net logistic,123
UM0658746,train,0.5010475179358059,GLMNet elastic-net logistic,123
UM0658746,train,0.5649303930310127,GLMNet elastic-net logistic,123
UM0658746,train,0.5010475179358059,GLMNet elastic-net logistic,123
UM0658840,train,0.48775460499830364,GLMNet elastic-net logistic,123
UM0658840,test,0.48775460499830364,GLMNet elastic-net logistic,123
UM0658866,test,0.4920249884200446,GLMNet elastic-net logistic,123
UM0658866,test,0.4963232251655915,GLMNet elastic-net logistic,123
UM0658954,train,0.6590815075172517,GLMNet elastic-net logistic,123
UM0658954,train,0.6590815075172517,GLMNet elastic-net logistic,123
UM0659086,test,0.5273543056123171,GLMNet elastic-net logistic,123
UM0659086,train,0.5273543056123171,GLMNet elastic-net logistic,123
UM0659515,test,0.4751437514884394,GLMNet elastic-net logistic,123
UM0659555,test,0.5782286563799856,GLMNet elastic-net logistic,123
UM0659555,test,0.5782286563799856,GLMNet elastic-net logistic,123
UM0659594,train,0.363575409845417,GLMNet elastic-net logistic,123
UM0659612,train,0.6423542009916648,GLMNet elastic-net logistic,123
UM0659612,train,0.6383942180022423,GLMNet elastic-net logistic,123
UM0659706,train,0.21210257104536664,GLMNet elastic-net logistic,123
UM0659706,test,0.21210257104536664,GLMNet elastic-net logistic,123
UM0659710,train,0.25275989789778514,GLMNet elastic-net logistic,123
UM0659710,train,0.24952599324296498,GLMNet elastic-net logistic,123
UM0659825,train,0.4610266261554041,GLMNet elastic-net logistic,123
UM0659825,test,0.4610266261554041,GLMNet elastic-net logistic,123
UM0659838,train,0.5003586354245357,GLMNet elastic-net logistic,123
UM0659838,train,0.5003586354245357,GLMNet elastic-net logistic,123
UM0659976,train,0.4628905452995341,GLMNet elastic-net logistic,123
UM0659977,test,0.6774342342978275,GLMNet elastic-net logistic,123
UM0659977,test,0.6051054348333362,GLMNet elastic-net logistic,123
UM0659977,test,0.6774342342978275,GLMNet elastic-net logistic,123
UM0660037,train,0.5460133142228376,GLMNet elastic-net logistic,123
UM0660037,train,0.5460133142228376,GLMNet elastic-net logistic,123
UM0660038,train,0.5669147499033772,GLMNet elastic-net logistic,123
UM0660038,train,0.5939724732083104,GLMNet elastic-net logistic,123
UM0660098,test,0.43151820642391586,GLMNet elastic-net logistic,123
UM0660165,train,0.5143624047641525,GLMNet elastic-net logistic,123
UM0660165,train,0.5143624047641525,GLMNet elastic-net logistic,123
UM0660221,train,0.5911969966117865,GLMNet elastic-net logistic,123
UM0660221,train,0.5870347373702173,GLMNet elastic-net logistic,123
UM0660373,train,0.404020074118087,GLMNet elastic-net logistic,123
UM0660373,train,0.404020074118087,GLMNet elastic-net logistic,123
UM0660378,train,0.5372506500553121,GLMNet elastic-net logistic,123
UM0660378,test,0.5864503558286195,GLMNet elastic-net logistic,123
UM0660378,train,0.5822739159461682,GLMNet elastic-net logistic,123
UM0660477,train,0.49207613305850767,GLMNet elastic-net logistic,123
UM0660535,train,0.4282482591611451,GLMNet elastic-net logistic,123
UM0660627,train,0.5509936643760848,GLMNet elastic-net logistic,123
UM0660627,train,0.5509936643760848,GLMNet elastic-net logistic,123
UM0660652,train,0.5292070222769452,GLMNet elastic-net logistic,123
UM0660664,train,0.05,GLMNet elastic-net logistic,123
UM0660664,train,0.05,GLMNet elastic-net logistic,123
UM0660696,test,0.4756659339199641,GLMNet elastic-net logistic,123
UM0660801,train,0.25721954266079244,GLMNet elastic-net logistic,123
UM0660974,train,0.95,GLMNet elastic-net logistic,123
UM0660974,train,0.95,GLMNet elastic-net logistic,123
UM0661374,train,0.4438729574167607,GLMNet elastic-net logistic,123
UM0661374,train,0.4438729574167607,GLMNet elastic-net logistic,123
UM0661523,train,0.3025197078644944,GLMNet elastic-net logistic,123
UM0661523,test,0.3416254123451154,GLMNet elastic-net logistic,123
UM0661523,train,0.3416254123451154,GLMNet elastic-net logistic,123
UM0661533,train,0.2121287525075102,GLMNet elastic-net logistic,123
UM0661662,train,0.5375064040904809,GLMNet elastic-net logistic,123
UM0661717,train,0.30505056737171427,GLMNet elastic-net logistic,123
UM0661717,train,0.30505056737171427,GLMNet elastic-net logistic,123
UM0661783,train,0.5426409839252336,GLMNet elastic-net logistic,123
UM0661783,test,0.5426409839252336,GLMNet elastic-net logistic,123
UM0661815,train,0.24808645431020507,GLMNet elastic-net logistic,123
UM0661879,test,0.48028217706969273,GLMNet elastic-net logistic,123
UM0661879,train,0.48028217706969273,GLMNet elastic-net logistic,123
UM0661923,test,0.5107564209194729,GLMNet elastic-net logistic,123
UM0662090,test,0.12965997484121272,GLMNet elastic-net logistic,123
UM0662322,train,0.05,GLMNet elastic-net logistic,123
UM0662380,test,0.8717326295609094,GLMNet elastic-net logistic,123
UM0662380,test,0.8717326295609094,GLMNet elastic-net logistic,123
UM0662733,train,0.39675167940206724,GLMNet elastic-net logistic,123
UM0662733,test,0.39675167940206724,GLMNet elastic-net logistic,123
UM0662898,train,0.5138895038121268,GLMNet elastic-net logistic,123
UM0662898,test,0.5138895038121268,GLMNet elastic-net logistic,123
UM0663039,train,0.10972200973733846,GLMNet elastic-net logistic,123
UM0663141,test,0.4583011792725482,GLMNet elastic-net logistic,123
UM0663653,train,0.2149996482967305,GLMNet elastic-net logistic,123
UM0663701,train,0.8341341284903944,GLMNet elastic-net logistic,123
UM0663894,test,0.5122378269781609,GLMNet elastic-net logistic,123
UM0663894,train,0.5122378269781609,GLMNet elastic-net logistic,123
UM0663910,train,0.43251286862000365,GLMNet elastic-net logistic,123
UM0663941,train,0.7104504872112615,GLMNet elastic-net logistic,123
UM0663941,train,0.7104504872112615,GLMNet elastic-net logistic,123
UM0664028,test,0.49048218459132525,GLMNet elastic-net logistic,123
UM0664028,test,0.49048218459132525,GLMNet elastic-net logistic,123
UM0664055,train,0.765169581067943,GLMNet elastic-net logistic,123
UM0664055,train,0.765169581067943,GLMNet elastic-net logistic,123
UM0664160,train,0.6072936402765013,GLMNet elastic-net logistic,123
UM0664160,test,0.6072936402765013,GLMNet elastic-net logistic,123
UM0664194,test,0.6101471486142951,GLMNet elastic-net logistic,123
UM0664194,train,0.6142295415197607,GLMNet elastic-net logistic,123
UM0664211,train,0.5889528261351691,GLMNet elastic-net logistic,123
UM0664399,train,0.19136705620248776,GLMNet elastic-net logistic,123
UM0664399,train,0.19136705620248776,GLMNet elastic-net logistic,123
UM0664594,train,0.5076408327353323,GLMNet elastic-net logistic,123
UM0664594,test,0.5076408327353323,GLMNet elastic-net logistic,123
UM0665024,train,0.3378985482803268,GLMNet elastic-net logistic,123
UM0665268,test,0.4748674945033257,GLMNet elastic-net logistic,123
UM0665499,train,0.15140960961170855,GLMNet elastic-net logistic,123
UM0665965,train,0.4221395670767103,GLMNet elastic-net logistic,123
UM0666848,train,0.2697576765158356,GLMNet elastic-net logistic,123
UM0666848,test,0.2697576765158356,GLMNet elastic-net logistic,123
UM0667598,train,0.5754359564709356,GLMNet elastic-net logistic,123
UM0667598,test,0.5796314060397427,GLMNet elastic-net logistic,123
UM0667644,train,0.45015067510017465,GLMNet elastic-net logistic,123
UM0667644,train,0.4215328357799926,GLMNet elastic-net logistic,123
UM0667644,train,0.45015067510017465,GLMNet elastic-net logistic,123
UM0667667,train,0.33513739590462366,GLMNet elastic-net logistic,123
UM0667667,test,0.33513739590462366,GLMNet elastic-net logistic,123
UM0667692,train,0.6033622362214758,GLMNet elastic-net logistic,123
UM0667692,train,0.5992398752931676,GLMNet elastic-net logistic,123
UM0667703,test,0.5201101589508361,GLMNet elastic-net logistic,123
UM0667798,test,0.67221950150256,GLMNet elastic-net logistic,123
UM0667798,train,0.668419502596024,GLMNet elastic-net logistic,123
UM0667884,train,0.18301361644022515,GLMNet elastic-net logistic,123
UM0667922,test,0.3833074514619579,GLMNet elastic-net logistic,123
UM0668018,test,0.7089360122665018,GLMNet elastic-net logistic,123
UM0668018,train,0.6311408121450676,GLMNet elastic-net logistic,123
UM0668018,train,0.6311408121450676,GLMNet elastic-net logistic,123
UM0668332,train,0.4523498262644063,GLMNet elastic-net logistic,123
UM0668338,train,0.5814602189127178,GLMNet elastic-net logistic,123
UM0668338,train,0.57726971007978,GLMNet elastic-net logistic,123
UM0668419,train,0.4096078062478772,GLMNet elastic-net logistic,123
UM0668465,test,0.19833950549337892,GLMNet elastic-net logistic,123
UM0668465,train,0.19833950549337892,GLMNet elastic-net logistic,123
UM0668606,test,0.3318433615283565,GLMNet elastic-net logistic,123
UM0668606,test,0.3318433615283565,GLMNet elastic-net logistic,123
UM0668713,train,0.05,GLMNet elastic-net logistic,123
UM0668713,test,0.05,GLMNet elastic-net logistic,123
UM0668766,train,0.10894823838945678,GLMNet elastic-net logistic,123
UM0668781,test,0.2993338878550714,GLMNet elastic-net logistic,123
UM0668782,train,0.32393002046809555,GLMNet elastic-net logistic,123
UM0668782,train,0.32393002046809555,GLMNet elastic-net logistic,123
UM0668889,train,0.5721371373945817,GLMNet elastic-net logistic,123
UM0668928,train,0.4917910818595664,GLMNet elastic-net logistic,123
UM0668928,train,0.4917910818595664,GLMNet elastic-net logistic,123
UM0668958,test,0.05,GLMNet elastic-net logistic,123
UM0668958,train,0.05,GLMNet elastic-net logistic,123
UM0669066,train,0.6343349297037637,GLMNet elastic-net logistic,123
UM0669066,train,0.6343349297037637,GLMNet elastic-net logistic,123
UM0669114,train,0.3993448987007601,GLMNet elastic-net logistic,123
UM0669239,test,0.5300190690623263,GLMNet elastic-net logistic,123
UM0669239,train,0.5300190690623263,GLMNet elastic-net logistic,123
UM0669289,test,0.44259514940533334,GLMNet elastic-net logistic,123
UM0669387,test,0.2750172112131353,GLMNet elastic-net logistic,123
UM0669394,train,0.22036766563532673,GLMNet elastic-net logistic,123
UM0669394,train,0.22036766563532673,GLMNet elastic-net logistic,123
UM0669406,train,0.3066075202847259,GLMNet elastic-net logistic,123
UM0669406,train,0.24339408842937904,GLMNet elastic-net logistic,123
UM0669406,train,0.3066075202847259,GLMNet elastic-net logistic,123
UM0669465,train,0.19108609650685598,GLMNet elastic-net logistic,123
UM0669465,test,0.19108609650685598,GLMNet elastic-net logistic,123
UM0669512,train,0.24427903155227282,GLMNet elastic-net logistic,123
UM0669525,train,0.5699794561908398,GLMNet elastic-net logistic,123
UM0669525,train,0.5699794561908398,GLMNet elastic-net logistic,123
UM0669594,train,0.5802166734960872,GLMNet elastic-net logistic,123
UM0669672,train,0.4554559998075089,GLMNet elastic-net logistic,123
UM0669672,train,0.4511946404752383,GLMNet elastic-net logistic,123
UM0669681,test,0.3400487515214835,GLMNet elastic-net logistic,123
UM0669721,train,0.95,GLMNet elastic-net logistic,123
UM0669721,test,0.95,GLMNet elastic-net logistic,123
UM0669755,train,0.5929135232241539,GLMNet elastic-net logistic,123
UM0669897,train,0.25231362231938903,GLMNet elastic-net logistic,123
UM0669897,train,0.2555713518438553,GLMNet elastic-net logistic,123
UM0670046,train,0.36589551924768493,GLMNet elastic-net logistic,123
UM0670046,train,0.36191519106152936,GLMNet elastic-net logistic,123
UM0670090,train,0.25033373983711793,GLMNet elastic-net logistic,123
UM0670090,train,0.25033373983711793,GLMNet elastic-net logistic,123
UM0670098,train,0.3746010885962814,GLMNet elastic-net logistic,123
UM0670098,train,0.3746010885962814,GLMNet elastic-net logistic,123
UM0670125,test,0.3524481928423302,GLMNet elastic-net logistic,123
UM0670143,train,0.3736529576623113,GLMNet elastic-net logistic,123
UM0670143,train,0.3736529576623113,GLMNet elastic-net logistic,123
UM0670154,train,0.5283347095417574,GLMNet elastic-net logistic,123
UM0670154,test,0.5283347095417574,GLMNet elastic-net logistic,123
UM0670272,train,0.4712571394794392,GLMNet elastic-net logistic,123
UM0670272,test,0.4712571394794392,GLMNet elastic-net logistic,123
UM0670341,train,0.4597614175052578,GLMNet elastic-net logistic,123
UM0670341,train,0.4597614175052578,GLMNet elastic-net logistic,123
UM0670423,train,0.7047649324491035,GLMNet elastic-net logistic,123
UM0670423,test,0.7047649324491035,GLMNet elastic-net logistic,123
UM0670486,train,0.1638104436821192,GLMNet elastic-net logistic,123
UM0670589,train,0.5054914775926955,GLMNet elastic-net logistic,123
UM0670589,test,0.5054914775926955,GLMNet elastic-net logistic,123
UM0670790,train,0.3235455674780842,GLMNet elastic-net logistic,123
UM0670790,train,0.3235455674780842,GLMNet elastic-net logistic,123
UM0670849,test,0.24489654242226452,GLMNet elastic-net logistic,123
UM0670886,train,0.05,GLMNet elastic-net logistic,123
UM0670886,train,0.05,GLMNet elastic-net logistic,123
UM0670943,train,0.5922759619982824,GLMNet elastic-net logistic,123
UM0670943,train,0.5922759619982824,GLMNet elastic-net logistic,123
UM0670955,test,0.5311491470694812,GLMNet elastic-net logistic,123
UM0670955,train,0.5311491470694812,GLMNet elastic-net logistic,123
UM0670957,train,0.5224364225029368,GLMNet elastic-net logistic,123
UM0670990,train,0.32992476947375055,GLMNet elastic-net logistic,123
UM0670995,train,0.42057192489875345,GLMNet elastic-net logistic,123
UM0671036,train,0.33148016907313604,GLMNet elastic-net logistic,123
UM0671036,train,0.32768075629192706,GLMNet elastic-net logistic,123
UM0671072,test,0.2613404383410668,GLMNet elastic-net logistic,123
UM0671072,test,0.2646734597546623,GLMNet elastic-net logistic,123
UM0671207,test,0.5601714669137728,GLMNet elastic-net logistic,123
UM0671207,train,0.5601714669137728,GLMNet elastic-net logistic,123
UM0671227,train,0.5393140863648567,GLMNet elastic-net logistic,123
UM0671227,train,0.5393140863648567,GLMNet elastic-net logistic,123
UM0671309,train,0.29729433363222785,GLMNet elastic-net logistic,123
UM0671402,train,0.4592000364692406,GLMNet elastic-net logistic,123
UM0671402,test,0.4592000364692406,GLMNet elastic-net logistic,123
UM0671418,train,0.47730372388568765,GLMNet elastic-net logistic,123
UM0671584,test,0.40748340845636305,GLMNet elastic-net logistic,123
UM0671584,test,0.4116415871173187,GLMNet elastic-net logistic,123
UM0671679,train,0.6519056958331524,GLMNet elastic-net logistic,123
UM0671695,test,0.40125167684603796,GLMNet elastic-net logistic,123
UM0671727,train,0.3912918624871377,GLMNet elastic-net logistic,123
UM0671727,train,0.3912918624871377,GLMNet elastic-net logistic,123
UM0671735,train,0.415635416769555,GLMNet elastic-net logistic,123
UM0671888,train,0.24465763208413824,GLMNet elastic-net logistic,123
UM0671888,train,0.24465763208413824,GLMNet elastic-net logistic,123
UM0671896,test,0.28581080671535286,GLMNet elastic-net logistic,123
UM0671896,train,0.28231379870173307,GLMNet elastic-net logistic,123
UM0671902,test,0.36722509176966367,GLMNet elastic-net logistic,123
UM0671902,train,0.36722509176966367,GLMNet elastic-net logistic,123
UM0672108,train,0.506033828534945,GLMNet elastic-net logistic,123
UM0672171,train,0.5140802698124316,GLMNet elastic-net logistic,123
UM0672171,test,0.5140802698124316,GLMNet elastic-net logistic,123
UM0672215,train,0.5579865090953608,GLMNet elastic-net logistic,123
UM0672215,train,0.5579865090953608,GLMNet elastic-net logistic,123
UM0672348,train,0.4274223524926154,GLMNet elastic-net logistic,123
UM0672348,train,0.4274223524926154,GLMNet elastic-net logistic,123
UM0672367,test,0.6038999876434521,GLMNet elastic-net logistic,123
UM0672431,test,0.18868441346553982,GLMNet elastic-net logistic,123
UM0672431,test,0.18868441346553982,GLMNet elastic-net logistic,123
UM0672493,test,0.6182363301674985,GLMNet elastic-net logistic,123
UM0672493,train,0.5786921196012977,GLMNet elastic-net logistic,123
UM0672493,train,0.6182363301674985,GLMNet elastic-net logistic,123
UM0672661,train,0.3233773890577586,GLMNet elastic-net logistic,123
UM0672662,train,0.2306931504372676,GLMNet elastic-net logistic,123
UM0672756,train,0.6322288069575127,GLMNet elastic-net logistic,123
UM0672756,train,0.6322288069575127,GLMNet elastic-net logistic,123
UM0672800,train,0.6789185733674566,GLMNet elastic-net logistic,123
UM0672846,train,0.5144362539742567,GLMNet elastic-net logistic,123
UM0672846,test,0.5144362539742567,GLMNet elastic-net logistic,123
UM0672854,train,0.46980513266212964,GLMNet elastic-net logistic,123
UM0672854,test,0.46980513266212964,GLMNet elastic-net logistic,123
UM0672885,train,0.378993309176902,GLMNet elastic-net logistic,123
UM0672885,train,0.378993309176902,GLMNet elastic-net logistic,123
UM0673033,test,0.440606969993536,GLMNet elastic-net logistic,123
UM0673033,train,0.440606969993536,GLMNet elastic-net logistic,123
UM0673097,train,0.3643229398600066,GLMNet elastic-net logistic,123
UM0673097,train,0.3603499970868882,GLMNet elastic-net logistic,123
UM0673109,test,0.31491252336801345,GLMNet elastic-net logistic,123
UM0673167,train,0.40615101960256833,GLMNet elastic-net logistic,123
UM0673167,test,0.40615101960256833,GLMNet elastic-net logistic,123
UM0673412,train,0.95,GLMNet elastic-net logistic,123
UM0673563,train,0.12906510144259659,GLMNet elastic-net logistic,123
UM0673563,train,0.12906510144259659,GLMNet elastic-net logistic,123
UM0673618,test,0.625765369768092,GLMNet elastic-net logistic,123
UM0673618,train,0.625765369768092,GLMNet elastic-net logistic,123
UM0673705,test,0.4207300455608253,GLMNet elastic-net logistic,123
UM0673705,train,0.4207300455608253,GLMNet elastic-net logistic,123
UM0673840,train,0.6433669656748546,GLMNet elastic-net logistic,123
UM0673840,test,0.6433669656748546,GLMNet elastic-net logistic,123
UM0673840,train,0.472782114856409,GLMNet elastic-net logistic,123
UM0673846,train,0.32188056922260533,GLMNet elastic-net logistic,123
UM0673861,train,0.35252959844410076,GLMNet elastic-net logistic,123
UM0673861,train,0.35252959844410076,GLMNet elastic-net logistic,123
UM0673872,train,0.20875037556102008,GLMNet elastic-net logistic,123
UM0673946,test,0.41377081834772206,GLMNet elastic-net logistic,123
UM0673946,train,0.41377081834772206,GLMNet elastic-net logistic,123
UM0674209,test,0.2747867112766432,GLMNet elastic-net logistic,123
UM0674209,test,0.2747867112766432,GLMNet elastic-net logistic,123
UM0674369,train,0.05,GLMNet elastic-net logistic,123
UM0674369,test,0.05,GLMNet elastic-net logistic,123
UM0674426,train,0.7145224795459347,GLMNet elastic-net logistic,123
UM0674459,train,0.40748416254331504,GLMNet elastic-net logistic,123
UM0674496,train,0.3564624088294525,GLMNet elastic-net logistic,123
UM0674588,train,0.5705408479360058,GLMNet elastic-net logistic,123
UM0674614,train,0.5058680327265116,GLMNet elastic-net logistic,123
UM0674614,train,0.5058680327265116,GLMNet elastic-net logistic,123
UM0674618,train,0.2921758087960033,GLMNet elastic-net logistic,123
UM0674618,test,0.2921758087960033,GLMNet elastic-net logistic,123
UM0674798,train,0.5272469894404915,GLMNet elastic-net logistic,123
UM0674878,test,0.46151203521043815,GLMNet elastic-net logistic,123
UM0674878,train,0.46151203521043815,GLMNet elastic-net logistic,123
UM0674947,train,0.2812302059069556,GLMNet elastic-net logistic,123
UM0674947,test,0.2812302059069556,GLMNet elastic-net logistic,123
UM0675058,test,0.33101175184873877,GLMNet elastic-net logistic,123
UM0675058,train,0.33101175184873877,GLMNet elastic-net logistic,123
UM0675418,test,0.42649753847495264,GLMNet elastic-net logistic,123
UM0675418,train,0.42649753847495264,GLMNet elastic-net logistic,123
UM0675600,train,0.5049446146244505,GLMNet elastic-net logistic,123
UM0675871,train,0.2613741831433938,GLMNet elastic-net logistic,123
UM0676032,train,0.38060058034091493,GLMNet elastic-net logistic,123
UM0676285,train,0.5174490616197451,GLMNet elastic-net logistic,123
UM0676390,test,0.2840073836706688,GLMNet elastic-net logistic,123
UM0676461,test,0.3587239148821273,GLMNet elastic-net logistic,123
UM0676461,train,0.3587239148821273,GLMNet elastic-net logistic,123
UM0676563,test,0.4354141124846439,GLMNet elastic-net logistic,123
UM0676563,train,0.4354141124846439,GLMNet elastic-net logistic,123
UM0676662,train,0.5431865009732495,GLMNet elastic-net logistic,123
UM0676720,train,0.5278846577895772,GLMNet elastic-net logistic,123
UM0676807,test,0.47165546777723627,GLMNet elastic-net logistic,123
UM0676807,test,0.47165546777723627,GLMNet elastic-net logistic,123
UM0676855,train,0.256731604528793,GLMNet elastic-net logistic,123
UM0676855,train,0.2785052198334542,GLMNet elastic-net logistic,123
UM0676957,train,0.40301261150437173,GLMNet elastic-net logistic,123
UM0676957,train,0.40301261150437173,GLMNet elastic-net logistic,123
UM0677341,train,0.2631528632665137,GLMNet elastic-net logistic,123
UM0677341,train,0.2631528632665137,GLMNet elastic-net logistic,123
UM0678841,train,0.7371398737526691,GLMNet elastic-net logistic,123
UM0679017,train,0.4689408310268539,GLMNet elastic-net logistic,123
UM0679017,train,0.4689408310268539,GLMNet elastic-net logistic,123
UM0679446,train,0.2745144376922288,GLMNet elastic-net logistic,123
UM0679446,train,0.2745144376922288,GLMNet elastic-net logistic,123
UM0679478,train,0.2676239116453516,GLMNet elastic-net logistic,123
UM0680144,test,0.37635170249855815,GLMNet elastic-net logistic,123
UM0680144,train,0.37635170249855815,GLMNet elastic-net logistic,123
UM0680144,train,0.2610635352959805,GLMNet elastic-net logistic,123
UM0680171,train,0.26585661556530155,GLMNet elastic-net logistic,123
UM0680202,train,0.23509586904926855,GLMNet elastic-net logistic,123
UM0680248,train,0.18836974814996568,GLMNet elastic-net logistic,123
UM0680248,train,0.18836974814996568,GLMNet elastic-net logistic,123
UM0680314,train,0.27688929872938023,GLMNet elastic-net logistic,123
UM0680314,train,0.2085491247322389,GLMNet elastic-net logistic,123
UM0680507,train,0.3552886902992093,GLMNet elastic-net logistic,123
UM0680507,train,0.5602219921292755,GLMNet elastic-net logistic,123
UM0680507,train,0.3552886902992093,GLMNet elastic-net logistic,123
UM0680542,test,0.32481887037075285,GLMNet elastic-net logistic,123
UM0680630,train,0.32421528597653765,GLMNet elastic-net logistic,123
UM0680703,train,0.3109770890020234,GLMNet elastic-net logistic,123
UM0680703,train,0.3109770890020234,GLMNet elastic-net logistic,123
UM0680957,test,0.22830084055125144,GLMNet elastic-net logistic,123
UM0681197,test,0.05,GLMNet elastic-net logistic,123
UM0681265,train,0.3233261849398257,GLMNet elastic-net logistic,123
UM0681265,train,0.3233261849398257,GLMNet elastic-net logistic,123
UM0681566,test,0.5595243137547635,GLMNet elastic-net logistic,123
UM0681590,train,0.3861763656320878,GLMNet elastic-net logistic,123
UM0681656,test,0.5588306273620248,GLMNet elastic-net logistic,123
UM0681683,train,0.5457928677317079,GLMNet elastic-net logistic,123
UM0681683,train,0.43546135897232885,GLMNet elastic-net logistic,123
UM0681683,train,0.5457928677317079,GLMNet elastic-net logistic,123
UM0681692,train,0.5478653835957095,GLMNet elastic-net logistic,123
UM0681692,test,0.5478653835957095,GLMNet elastic-net logistic,123
UM0681803,train,0.41154865681731495,GLMNet elastic-net logistic,123
UM0682009,test,0.3969656503039076,GLMNet elastic-net logistic,123
UM0682070,train,0.4938898078213971,GLMNet elastic-net logistic,123
UM0682070,test,0.5216603562607068,GLMNet elastic-net logistic,123
UM0682259,train,0.12916396727190255,GLMNet elastic-net logistic,123
UM0682297,train,0.35667027174984817,GLMNet elastic-net logistic,123
UM0682305,train,0.7295719828482442,GLMNet elastic-net logistic,123
UM0682305,train,0.7295719828482442,GLMNet elastic-net logistic,123
UM0682349,train,0.6003002977391728,GLMNet elastic-net logistic,123
UM0682349,train,0.6003002977391728,GLMNet elastic-net logistic,123
UM0682827,test,0.14909220348558894,GLMNet elastic-net logistic,123
UM0683044,test,0.28173592848747714,GLMNet elastic-net logistic,123
UM0683052,train,0.33682186016979115,GLMNet elastic-net logistic,123
UM0683052,train,0.33682186016979115,GLMNet elastic-net logistic,123
UM0683067,train,0.4197211440884291,GLMNet elastic-net logistic,123
UM0683067,train,0.4197211440884291,GLMNet elastic-net logistic,123
UM0683202,train,0.27710306598820045,GLMNet elastic-net logistic,123
UM0683202,train,0.27710306598820045,GLMNet elastic-net logistic,123
UM0683217,train,0.26091172021353115,GLMNet elastic-net logistic,123
UM0683303,test,0.06614047201235045,GLMNet elastic-net logistic,123
UM0683348,test,0.7519930275182644,GLMNet elastic-net logistic,123
UM0683348,test,0.7519930275182644,GLMNet elastic-net logistic,123
UM0683363,train,0.15511849800970146,GLMNet elastic-net logistic,123
UM0683365,train,0.4155799482544259,GLMNet elastic-net logistic,123
UM0683382,train,0.3746025845598218,GLMNet elastic-net logistic,123
UM0683382,test,0.3746025845598218,GLMNet elastic-net logistic,123
UM0683401,train,0.95,GLMNet elastic-net logistic,123
UM0683401,train,0.95,GLMNet elastic-net logistic,123
UM0683406,train,0.42413643070089785,GLMNet elastic-net logistic,123
UM0683406,test,0.42413643070089785,GLMNet elastic-net logistic,123
UM0683437,train,0.14222185739435478,GLMNet elastic-net logistic,123
UM0683437,test,0.14222185739435478,GLMNet elastic-net logistic,123
UM0683502,train,0.1897036075344357,GLMNet elastic-net logistic,123
UM0683502,test,0.1897036075344357,GLMNet elastic-net logistic,123
UM0683523,test,0.3185926726233896,GLMNet elastic-net logistic,123
UM0683523,test,0.3185926726233896,GLMNet elastic-net logistic,123
UM0683534,train,0.05,GLMNet elastic-net logistic,123
UM0683551,train,0.19352900797178832,GLMNet elastic-net logistic,123
UM0683551,train,0.19352900797178832,GLMNet elastic-net logistic,123
UM0683969,train,0.2522002104611337,GLMNet elastic-net logistic,123
UM0683969,train,0.2522002104611337,GLMNet elastic-net logistic,123
UM0684165,train,0.33951846597966695,GLMNet elastic-net logistic,123
UM0684289,train,0.2600469618979962,GLMNet elastic-net logistic,123
UM0684403,train,0.15000162716887439,GLMNet elastic-net logistic,123
UM0684481,test,0.5436353447492177,GLMNet elastic-net logistic,123
UM0684602,test,0.27367832169811795,GLMNet elastic-net logistic,123
UM0684602,train,0.27367832169811795,GLMNet elastic-net logistic,123
UM0684702,test,0.26189884708639377,GLMNet elastic-net logistic,123
UM0684702,train,0.26523643295412025,GLMNet elastic-net logistic,123
UM0684705,train,0.09725431141114978,GLMNet elastic-net logistic,123
UM0685067,train,0.4985863471746716,GLMNet elastic-net logistic,123
UM0685067,train,0.4985863471746716,GLMNet elastic-net logistic,123
UM0685067,train,0.2923731010419752,GLMNet elastic-net logistic,123
UM0685179,train,0.36077318477328674,GLMNet elastic-net logistic,123
UM0685254,train,0.49502084828487736,GLMNet elastic-net logistic,123
UM0685254,train,0.49502084828487736,GLMNet elastic-net logistic,123
UM0685344,test,0.1280513877327975,GLMNet elastic-net logistic,123
UM0685420,train,0.18855210256646884,GLMNet elastic-net logistic,123
UM0685420,train,0.18855210256646884,GLMNet elastic-net logistic,123
UM0685490,train,0.21882823024378412,GLMNet elastic-net logistic,123
UM0685497,train,0.26932539158807506,GLMNet elastic-net logistic,123
UM0685497,test,0.26932539158807506,GLMNet elastic-net logistic,123
UM0685552,train,0.20969197656172678,GLMNet elastic-net logistic,123
UM0685552,train,0.20969197656172678,GLMNet elastic-net logistic,123
UM0685894,train,0.23061807567757675,GLMNet elastic-net logistic,123
UM0685941,train,0.6553492258693413,GLMNet elastic-net logistic,123
UM0686046,train,0.696754036761034,GLMNet elastic-net logistic,123
UM0686069,test,0.27356991367599576,GLMNet elastic-net logistic,123
UM0686088,train,0.5325200297975061,GLMNet elastic-net logistic,123
UM0686088,train,0.5325200297975061,GLMNet elastic-net logistic,123
UM0686101,train,0.35642953587622006,GLMNet elastic-net logistic,123
UM0686142,train,0.563505719302955,GLMNet elastic-net logistic,123
UM0686454,train,0.3313301331241083,GLMNet elastic-net logistic,123
UM0686564,train,0.26505030158061266,GLMNet elastic-net logistic,123
UM0686565,test,0.4049841250496716,GLMNet elastic-net logistic,123
UM0686630,test,0.303181348987078,GLMNet elastic-net logistic,123
UM0686829,test,0.5546754101316576,GLMNet elastic-net logistic,123
UM0686829,train,0.5546754101316576,GLMNet elastic-net logistic,123
UM0686858,test,0.30377409288705437,GLMNet elastic-net logistic,123
UM0686858,train,0.30377409288705437,GLMNet elastic-net logistic,123
UM0686990,train,0.33891559422252177,GLMNet elastic-net logistic,123
UM0687006,train,0.19549282875774357,GLMNet elastic-net logistic,123
UM0687006,train,0.19549282875774357,GLMNet elastic-net logistic,123
UM0687012,train,0.08151828641989887,GLMNet elastic-net logistic,123
UM0687073,train,0.3335626118398248,GLMNet elastic-net logistic,123
UM0687073,train,0.3335626118398248,GLMNet elastic-net logistic,123
UM0687084,train,0.20488220004449034,GLMNet elastic-net logistic,123
UM0687084,train,0.20488220004449034,GLMNet elastic-net logistic,123
UM0687207,train,0.4104228886138347,GLMNet elastic-net logistic,123
UM0687207,test,0.4104228886138347,GLMNet elastic-net logistic,123
UM0687273,test,0.5199417588985844,GLMNet elastic-net logistic,123
UM0687389,test,0.2363304582940133,GLMNet elastic-net logistic,123
UM0687389,train,0.2363304582940133,GLMNet elastic-net logistic,123
UM0687411,train,0.20190192662583129,GLMNet elastic-net logistic,123
UM0687411,train,0.20190192662583129,GLMNet elastic-net logistic,123
UM0687513,train,0.4199562355039063,GLMNet elastic-net logistic,123
UM0687532,train,0.2618046317881856,GLMNet elastic-net logistic,123
UM0687664,test,0.36526617596796923,GLMNet elastic-net logistic,123
UM0687664,train,0.36526617596796923,GLMNet elastic-net logistic,123
UM0687751,train,0.5015351136453304,GLMNet elastic-net logistic,123
UM0687751,train,0.5015351136453304,GLMNet elastic-net logistic,123
UM0687952,train,0.13404927479485937,GLMNet elastic-net logistic,123
UM0687952,test,0.13404927479485937,GLMNet elastic-net logistic,123
UM0688024,train,0.05,GLMNet elastic-net logistic,123
UM0688024,train,0.05,GLMNet elastic-net logistic,123
UM0688216,train,0.95,GLMNet elastic-net logistic,123
UM0688216,train,0.95,GLMNet elastic-net logistic,123
UM0688216,test,0.95,GLMNet elastic-net logistic,123
UM0688263,test,0.2908981300124846,GLMNet elastic-net logistic,123
UM0688263,test,0.40222332844493225,GLMNet elastic-net logistic,123
UM0688263,train,0.2908981300124846,GLMNet elastic-net logistic,123
UM0688325,train,0.578226531003471,GLMNet elastic-net logistic,123
UM0688325,test,0.5576214347334664,GLMNet elastic-net logistic,123
UM0688325,train,0.5576214347334664,GLMNet elastic-net logistic,123
UM0688359,train,0.18300503855027392,GLMNet elastic-net logistic,123
UM0688359,train,0.18300503855027392,GLMNet elastic-net logistic,123
UM0688388,train,0.2556181230109494,GLMNet elastic-net logistic,123
UM0688416,train,0.64770708967051,GLMNet elastic-net logistic,123
UM0688416,train,0.6516207415154985,GLMNet elastic-net logistic,123
UM0688416,train,0.6516207415154985,GLMNet elastic-net logistic,123
UM0688416,train,0.64770708967051,GLMNet elastic-net logistic,123
UM0688520,train,0.28092636002409344,GLMNet elastic-net logistic,123
UM0688750,train,0.46089430922521585,GLMNet elastic-net logistic,123
UM0688750,test,0.46089430922521585,GLMNet elastic-net logistic,123
UM0688848,train,0.05,GLMNet elastic-net logistic,123
UM0688848,train,0.05,GLMNet elastic-net logistic,123
UM0689042,train,0.577535790025932,GLMNet elastic-net logistic,123
UM0689160,test,0.7269527372814865,GLMNet elastic-net logistic,123
UM0689160,test,0.7269527372814865,GLMNet elastic-net logistic,123
UM0689307,train,0.898529920144932,GLMNet elastic-net logistic,123
UM0689307,train,0.898529920144932,GLMNet elastic-net logistic,123
UM0689544,test,0.8956354706417313,GLMNet elastic-net logistic,123
UM0689854,train,0.48964610146165005,GLMNet elastic-net logistic,123
UM0689919,train,0.26262945577130054,GLMNet elastic-net logistic,123
UM0689919,train,0.2193786938234962,GLMNet elastic-net logistic,123
UM0689919,test,0.2193786938234962,GLMNet elastic-net logistic,123
UM0689951,train,0.14428159792997944,GLMNet elastic-net logistic,123
UM0689951,train,0.14428159792997944,GLMNet elastic-net logistic,123
UM0690001,train,0.29243892832953444,GLMNet elastic-net logistic,123
UM0690044,train,0.05,GLMNet elastic-net logistic,123
UM0690087,train,0.6864010982438576,GLMNet elastic-net logistic,123
UM0690217,test,0.6697944422635728,GLMNet elastic-net logistic,123
UM0690231,train,0.21927094830569455,GLMNet elastic-net logistic,123
UM0690231,train,0.21927094830569455,GLMNet elastic-net logistic,123
UM0690361,train,0.3233108728624756,GLMNet elastic-net logistic,123
UM0690361,train,0.3233108728624756,GLMNet elastic-net logistic,123
UM0690453,train,0.3430076167466756,GLMNet elastic-net logistic,123
UM0690604,train,0.5098812868149344,GLMNet elastic-net logistic,123
UM0690632,test,0.19374084320461107,GLMNet elastic-net logistic,123
UM0690632,test,0.19374084320461107,GLMNet elastic-net logistic,123
UM0690937,test,0.5069273886668935,GLMNet elastic-net logistic,123
UM0690937,train,0.5112247925541002,GLMNet elastic-net logistic,123
UM0690953,train,0.30706130710668883,GLMNet elastic-net logistic,123
UM0690953,train,0.3107321379417927,GLMNet elastic-net logistic,123
UM0691002,test,0.29309737940673014,GLMNet elastic-net logistic,123
UM0691024,train,0.2480845474642234,GLMNet elastic-net logistic,123
UM0691024,test,0.2480845474642234,GLMNet elastic-net logistic,123
UM0691032,train,0.3906132523932003,GLMNet elastic-net logistic,123
UM0691183,train,0.05,GLMNet elastic-net logistic,123
UM0691183,train,0.05,GLMNet elastic-net logistic,123
UM0691247,train,0.3726775751327366,GLMNet elastic-net logistic,123
UM0691319,test,0.5384209627075857,GLMNet elastic-net logistic,123
UM0691448,train,0.16750419624196636,GLMNet elastic-net logistic,123
UM0691448,train,0.16512004880568334,GLMNet elastic-net logistic,123
UM0691946,train,0.5875859881360108,GLMNet elastic-net logistic,123
UM0691978,train,0.2204328143298426,GLMNet elastic-net logistic,123
UM0691989,test,0.3703442407138812,GLMNet elastic-net logistic,123
UM0692059,train,0.47888907532976005,GLMNet elastic-net logistic,123
UM0692156,train,0.3258580375894773,GLMNet elastic-net logistic,123
UM0692156,train,0.34481976793993907,GLMNet elastic-net logistic,123
UM0692166,test,0.3394584130794454,GLMNet elastic-net logistic,123
UM0692166,train,0.3394584130794454,GLMNet elastic-net logistic,123
UM0692172,train,0.3570113354744435,GLMNet elastic-net logistic,123
UM0692185,train,0.24811380829623458,GLMNet elastic-net logistic,123
UM0692185,test,0.24811380829623458,GLMNet elastic-net logistic,123
UM0692424,train,0.43518351958892026,GLMNet elastic-net logistic,123
UM0692455,train,0.44245708645492926,GLMNet elastic-net logistic,123
UM0692455,train,0.4382194741502272,GLMNet elastic-net logistic,123
UM0692565,test,0.43320922305409376,GLMNet elastic-net logistic,123
UM0692622,train,0.13152241932590197,GLMNet elastic-net logistic,123
UM0692622,train,0.13152241932590197,GLMNet elastic-net logistic,123
UM0692689,train,0.09390021936069268,GLMNet elastic-net logistic,123
UM0693066,test,0.2351110977282522,GLMNet elastic-net logistic,123
UM0693113,train,0.17157697529387914,GLMNet elastic-net logistic,123
UM0693113,test,0.17157697529387914,GLMNet elastic-net logistic,123
UM0693475,train,0.3465911200597499,GLMNet elastic-net logistic,123
UM0693502,test,0.7984296949112255,GLMNet elastic-net logistic,123
UM0693502,train,0.7956480684229811,GLMNet elastic-net logistic,123
UM0693560,train,0.5600084708092532,GLMNet elastic-net logistic,123
UM0693623,test,0.7807755793274004,GLMNet elastic-net logistic,123
UM0693623,test,0.7807755793274004,GLMNet elastic-net logistic,123
UM0693630,train,0.5020474118185588,GLMNet elastic-net logistic,123
UM0693750,train,0.8110551133317561,GLMNet elastic-net logistic,123
UM0693750,train,0.855209589477825,GLMNet elastic-net logistic,123
UM0693750,test,0.855209589477825,GLMNet elastic-net logistic,123
UM0693931,test,0.4324863660712773,GLMNet elastic-net logistic,123
UM0693931,train,0.4324863660712773,GLMNet elastic-net logistic,123
UM0694117,train,0.44808134035466646,GLMNet elastic-net logistic,123
UM0694117,train,0.44808134035466646,GLMNet elastic-net logistic,123
UM0694197,train,0.7182802011695589,GLMNet elastic-net logistic,123
UM0694219,train,0.34727093463035036,GLMNet elastic-net logistic,123
UM0694219,test,0.34727093463035036,GLMNet elastic-net logistic,123
UM0694300,train,0.13616606866538647,GLMNet elastic-net logistic,123
UM0694373,train,0.36761298225552214,GLMNet elastic-net logistic,123
UM0694373,train,0.36761298225552214,GLMNet elastic-net logistic,123
UM0694428,train,0.48284738440391034,GLMNet elastic-net logistic,123
UM0694473,test,0.7237539947632202,GLMNet elastic-net logistic,123
UM0694473,test,0.5878161811719375,GLMNet elastic-net logistic,123
UM0694473,test,0.7237539947632202,GLMNet elastic-net logistic,123
UM0694570,test,0.3269751316787266,GLMNet elastic-net logistic,123
UM0694570,test,0.3269751316787266,GLMNet elastic-net logistic,123
UM0694577,train,0.19476738355075382,GLMNet elastic-net logistic,123
UM0694577,train,0.19476738355075382,GLMNet elastic-net logistic,123
UM0694583,test,0.4616688175058469,GLMNet elastic-net logistic,123
UM0694583,train,0.4616688175058469,GLMNet elastic-net logistic,123
UM0694692,train,0.35312090598349233,GLMNet elastic-net logistic,123
UM0694777,train,0.32429697451798983,GLMNet elastic-net logistic,123
UM0694777,train,0.32429697451798983,GLMNet elastic-net logistic,123
UM0694832,test,0.24292224420309927,GLMNet elastic-net logistic,123
UM0694851,train,0.6913612178277811,GLMNet elastic-net logistic,123
UM0694851,test,0.6913612178277811,GLMNet elastic-net logistic,123
UM0695024,train,0.409854692847386,GLMNet elastic-net logistic,123
UM0695124,train,0.3798516491117712,GLMNet elastic-net logistic,123
UM0695124,test,0.3798516491117712,GLMNet elastic-net logistic,123
UM0695147,test,0.5690308673829994,GLMNet elastic-net logistic,123
UM0695198,train,0.08234067680024798,GLMNet elastic-net logistic,123
UM0695201,train,0.44162929155905206,GLMNet elastic-net logistic,123
UM0695201,train,0.44162929155905206,GLMNet elastic-net logistic,123
UM0695242,train,0.537627895118989,GLMNet elastic-net logistic,123
UM0695278,train,0.3991239911168857,GLMNet elastic-net logistic,123
UM0695278,train,0.3991239911168857,GLMNet elastic-net logistic,123
UM0695297,train,0.1856726402764292,GLMNet elastic-net logistic,123
UM0695297,train,0.1856726402764292,GLMNet elastic-net logistic,123
UM0695323,train,0.40616640677840216,GLMNet elastic-net logistic,123
UM0695323,train,0.40616640677840216,GLMNet elastic-net logistic,123
UM0695359,train,0.30793878891466264,GLMNet elastic-net logistic,123
UM0695359,train,0.30428638934704655,GLMNet elastic-net logistic,123
UM0695360,train,0.5643911816333732,GLMNet elastic-net logistic,123
UM0695360,test,0.5686139529296336,GLMNet elastic-net logistic,123
UM0695366,train,0.7007884769902702,GLMNet elastic-net logistic,123
UM0695381,train,0.30459016466129973,GLMNet elastic-net logistic,123
UM0695440,train,0.667575545161109,GLMNet elastic-net logistic,123
UM0695440,train,0.667575545161109,GLMNet elastic-net logistic,123
UM0695518,test,0.2964863133779936,GLMNet elastic-net logistic,123
UM0695557,train,0.7313184673186216,GLMNet elastic-net logistic,123
UM0695557,train,0.7313184673186216,GLMNet elastic-net logistic,123
UM0695564,test,0.8744222994374702,GLMNet elastic-net logistic,123
UM0695622,test,0.45155178066511836,GLMNet elastic-net logistic,123
UM0695665,train,0.7757795664737751,GLMNet elastic-net logistic,123
UM0695760,train,0.6404168873348781,GLMNet elastic-net logistic,123
UM0695761,train,0.4506258379075825,GLMNet elastic-net logistic,123
UM0695761,train,0.4506258379075825,GLMNet elastic-net logistic,123
UM0695790,train,0.3867947829265307,GLMNet elastic-net logistic,123
UM0695790,train,0.3867947829265307,GLMNet elastic-net logistic,123
UM0695882,train,0.20647556229028385,GLMNet elastic-net logistic,123
UM0695899,train,0.5368912012386882,GLMNet elastic-net logistic,123
UM0695940,test,0.34420343519091495,GLMNet elastic-net logistic,123
UM0695940,test,0.34420343519091495,GLMNet elastic-net logistic,123
UM0695981,train,0.95,GLMNet elastic-net logistic,123
UM0695981,test,0.95,GLMNet elastic-net logistic,123
UM0695981,test,0.95,GLMNet elastic-net logistic,123
UM0696039,train,0.4791941169484505,GLMNet elastic-net logistic,123
UM0696039,train,0.4791941169484505,GLMNet elastic-net logistic,123
UM0696046,train,0.584065660557574,GLMNet elastic-net logistic,123
UM0696046,test,0.2980207438976342,GLMNet elastic-net logistic,123
UM0696046,test,0.29443593230562276,GLMNet elastic-net logistic,123
UM0696062,train,0.5729189027936074,GLMNet elastic-net logistic,123
UM0696095,train,0.6154968395872452,GLMNet elastic-net logistic,123
UM0696322,test,0.14164236766498,GLMNet elastic-net logistic,123
UM0696322,train,0.14164236766498,GLMNet elastic-net logistic,123
UM0696322,test,0.27190303436672636,GLMNet elastic-net logistic,123
UM0696380,train,0.5687657265296039,GLMNet elastic-net logistic,123
UM0696380,train,0.5645433031498447,GLMNet elastic-net logistic,123
UM0696380,train,0.4542379467172958,GLMNet elastic-net logistic,123
UM0696383,train,0.35912757153678926,GLMNet elastic-net logistic,123
UM0696399,test,0.6785107461808004,GLMNet elastic-net logistic,123
UM0696422,train,0.3306440540084056,GLMNet elastic-net logistic,123
UM0696422,train,0.3306440540084056,GLMNet elastic-net logistic,123
UM0696544,train,0.17416883449153472,GLMNet elastic-net logistic,123
UM0696690,train,0.28458645093922347,GLMNet elastic-net logistic,123
UM0696800,train,0.8430599629708324,GLMNet elastic-net logistic,123
UM0697049,train,0.4856534253480979,GLMNet elastic-net logistic,123
UM0697049,train,0.4023219971350431,GLMNet elastic-net logistic,123
UM0697049,train,0.4023219971350431,GLMNet elastic-net logistic,123
UM0697060,test,0.5918059290495562,GLMNet elastic-net logistic,123
UM0697060,test,0.5918059290495562,GLMNet elastic-net logistic,123
UM0697060,test,0.5791090504528879,GLMNet elastic-net logistic,123
UM0697064,train,0.46207190263356573,GLMNet elastic-net logistic,123
UM0697064,train,0.46207190263356573,GLMNet elastic-net logistic,123
UM0697092,test,0.4880117247754007,GLMNet elastic-net logistic,123
UM0697092,test,0.4880117247754007,GLMNet elastic-net logistic,123
UM0697092,train,0.4880117247754007,GLMNet elastic-net logistic,123
UM0697092,train,0.4880117247754007,GLMNet elastic-net logistic,123
UM0697103,train,0.6447239132003391,GLMNet elastic-net logistic,123
UM0697107,train,0.3396331420408264,GLMNet elastic-net logistic,123
UM0697107,train,0.3396331420408264,GLMNet elastic-net logistic,123
UM0697128,train,0.3016820722260493,GLMNet elastic-net logistic,123
UM0697343,train,0.8173956041361603,GLMNet elastic-net logistic,123
UM0697343,train,0.8173956041361603,GLMNet elastic-net logistic,123
UM0697346,train,0.5270063256376933,GLMNet elastic-net logistic,123
UM0697351,test,0.7621642873551064,GLMNet elastic-net logistic,123
UM0697354,train,0.3899284841535882,GLMNet elastic-net logistic,123
UM0697354,train,0.39402665191178493,GLMNet elastic-net logistic,123
UM0697443,train,0.5222364379390679,GLMNet elastic-net logistic,123
UM0697443,train,0.5222364379390679,GLMNet elastic-net logistic,123
UM0697454,test,0.5937005141810177,GLMNet elastic-net logistic,123
UM0697454,test,0.5978416149683998,GLMNet elastic-net logistic,123
UM0697477,train,0.5044199916774289,GLMNet elastic-net logistic,123
UM0697504,train,0.36368606359785005,GLMNet elastic-net logistic,123
UM0697551,train,0.4407345159884923,GLMNet elastic-net logistic,123
UM0697599,train,0.5159512701881279,GLMNet elastic-net logistic,123
UM0697599,train,0.5159512701881279,GLMNet elastic-net logistic,123
UM0697814,train,0.531155843428969,GLMNet elastic-net logistic,123
UM0697950,train,0.4097623985125992,GLMNet elastic-net logistic,123
UM0697950,train,0.4097623985125992,GLMNet elastic-net logistic,123
UM0697967,train,0.42519813455214955,GLMNet elastic-net logistic,123
UM0697967,train,0.42519813455214955,GLMNet elastic-net logistic,123
UM0697983,train,0.6940809070561432,GLMNet elastic-net logistic,123
UM0697983,test,0.6940809070561432,GLMNet elastic-net logistic,123
UM0698056,train,0.5739390087068328,GLMNet elastic-net logistic,123
UM0698056,train,0.5739390087068328,GLMNet elastic-net logistic,123
UM0698089,test,0.45743866220708473,GLMNet elastic-net logistic,123
UM0698089,train,0.45743866220708473,GLMNet elastic-net logistic,123
UM0698167,train,0.7249924866909971,GLMNet elastic-net logistic,123
UM0698167,train,0.721550867934809,GLMNet elastic-net logistic,123
UM0698167,test,0.44612044342658563,GLMNet elastic-net logistic,123
UM0698191,train,0.15712537171567467,GLMNet elastic-net logistic,123
UM0698191,test,0.15712537171567467,GLMNet elastic-net logistic,123
UM0698229,train,0.7054385338566077,GLMNet elastic-net logistic,123
UM0698229,train,0.7054385338566077,GLMNet elastic-net logistic,123
UM0698260,train,0.41324436707744117,GLMNet elastic-net logistic,123
UM0698261,test,0.501377750647378,GLMNet elastic-net logistic,123
UM0698277,train,0.6329846888477338,GLMNet elastic-net logistic,123
UM0698277,train,0.6369702245100032,GLMNet elastic-net logistic,123
UM0698278,train,0.5242451326861406,GLMNet elastic-net logistic,123
UM0698278,train,0.5285319788120942,GLMNet elastic-net logistic,123
UM0698343,train,0.33427256364089325,GLMNet elastic-net logistic,123
UM0698343,train,0.33427256364089325,GLMNet elastic-net logistic,123
UM0698373,train,0.4464554654435258,GLMNet elastic-net logistic,123
UM0698381,test,0.4845131945964979,GLMNet elastic-net logistic,123
UM0698381,test,0.4845131945964979,GLMNet elastic-net logistic,123
UM0698384,train,0.5827292475454121,GLMNet elastic-net logistic,123
UM0698392,test,0.28895073572275903,GLMNet elastic-net logistic,123
UM0698392,train,0.28895073572275903,GLMNet elastic-net logistic,123
UM0698394,train,0.5464179799389383,GLMNet elastic-net logistic,123
UM0698394,train,0.5464179799389383,GLMNet elastic-net logistic,123
UM0698394,train,0.45699317452792987,GLMNet elastic-net logistic,123
UM0698440,train,0.28215016932067444,GLMNet elastic-net logistic,123
UM0698572,test,0.7454926686344355,GLMNet elastic-net logistic,123
UM0698575,test,0.5787348812981455,GLMNet elastic-net logistic,123
UM0698653,train,0.36467429470836593,GLMNet elastic-net logistic,123
UM0698737,train,0.8125012912863722,GLMNet elastic-net logistic,123
UM0698770,train,0.28303746302109384,GLMNet elastic-net logistic,123
UM0698770,train,0.28303746302109384,GLMNet elastic-net logistic,123
UM0698776,train,0.5208404961332657,GLMNet elastic-net logistic,123
UM0698776,train,0.5208404961332657,GLMNet elastic-net logistic,123
UM0698832,train,0.95,GLMNet elastic-net logistic,123
UM0698864,test,0.5466973805977705,GLMNet elastic-net logistic,123
UM0698985,test,0.41943695986549223,GLMNet elastic-net logistic,123
UM0699079,test,0.43072578020116736,GLMNet elastic-net logistic,123
UM0699499,train,0.584908089669249,GLMNet elastic-net logistic,123
UM0699567,train,0.5610974111802085,GLMNet elastic-net logistic,123
UM0699636,train,0.2330992184278201,GLMNet elastic-net logistic,123
UM0699636,train,0.2330992184278201,GLMNet elastic-net logistic,123
UM0699790,test,0.426011137304893,GLMNet elastic-net logistic,123
UM0699790,train,0.426011137304893,GLMNet elastic-net logistic,123
UM0699842,train,0.5130959466320251,GLMNet elastic-net logistic,123
UM0699850,train,0.5321329140821448,GLMNet elastic-net logistic,123
UM0699850,test,0.5278495606991818,GLMNet elastic-net logistic,123
UM0699908,train,0.6109536668124789,GLMNet elastic-net logistic,123
UM0699908,train,0.37415165168540376,GLMNet elastic-net logistic,123
UM0699908,train,0.37818679399121413,GLMNet elastic-net logistic,123
UM0700215,train,0.3093468488832135,GLMNet elastic-net logistic,123
UM0700215,train,0.3093468488832135,GLMNet elastic-net logistic,123
UM0700253,train,0.40988316743029934,GLMNet elastic-net logistic,123
UM0700316,train,0.3632155479470381,GLMNet elastic-net logistic,123
UM0700639,test,0.4609854411825188,GLMNet elastic-net logistic,123
UM0700639,train,0.3302582006557879,GLMNet elastic-net logistic,123
UM0700639,train,0.3302582006557879,GLMNet elastic-net logistic,123
UM0700723,train,0.05,GLMNet elastic-net logistic,123
UM0700802,test,0.26100505457503215,GLMNet elastic-net logistic,123
UM0700817,test,0.758644518566091,GLMNet elastic-net logistic,123
UM0700909,train,0.3459755038567965,GLMNet elastic-net logistic,123
UM0700909,train,0.3459755038567965,GLMNet elastic-net logistic,123
UM0701078,train,0.3929505202497538,GLMNet elastic-net logistic,123
UM0701078,train,0.3929505202497538,GLMNet elastic-net logistic,123
UM0701204,train,0.31270012133487807,GLMNet elastic-net logistic,123
UM0701204,train,0.31270012133487807,GLMNet elastic-net logistic,123
UM0701212,test,0.3456332961662392,GLMNet elastic-net logistic,123
UM0701327,test,0.4001359022678358,GLMNet elastic-net logistic,123
UM0701368,train,0.2795923845417709,GLMNet elastic-net logistic,123
UM0701368,train,0.2795923845417709,GLMNet elastic-net logistic,123
UM0701382,test,0.6063670686195056,GLMNet elastic-net logistic,123
UM0701495,test,0.2506203852898511,GLMNet elastic-net logistic,123
UM0701495,train,0.2506203852898511,GLMNet elastic-net logistic,123
UM0701594,train,0.5123825312293641,GLMNet elastic-net logistic,123
UM0701627,train,0.3359930413171522,GLMNet elastic-net logistic,123
UM0701627,train,0.3359930413171522,GLMNet elastic-net logistic,123
UM0701675,train,0.05,GLMNet elastic-net logistic,123
UM0701675,train,0.05,GLMNet elastic-net logistic,123
UM0701717,train,0.20951224676467237,GLMNet elastic-net logistic,123
UM0701717,test,0.20951224676467237,GLMNet elastic-net logistic,123
UM0701726,train,0.31928624167516434,GLMNet elastic-net logistic,123
UM0701935,train,0.3554898746867849,GLMNet elastic-net logistic,123
UM0701935,train,0.3554898746867849,GLMNet elastic-net logistic,123
UM0701993,test,0.4715240430185395,GLMNet elastic-net logistic,123
UM0702263,train,0.4444205308738258,GLMNet elastic-net logistic,123
UM0702303,test,0.32733785885307515,GLMNet elastic-net logistic,123
UM0702303,train,0.32733785885307515,GLMNet elastic-net logistic,123
UM0702303,train,0.32733785885307515,GLMNet elastic-net logistic,123
UM0702303,train,0.32733785885307515,GLMNet elastic-net logistic,123
UM0702339,train,0.3111215745181719,GLMNet elastic-net logistic,123
UM0702339,train,0.3074481951797608,GLMNet elastic-net logistic,123
UM0702380,train,0.2108240157752792,GLMNet elastic-net logistic,123
UM0702380,test,0.2108240157752792,GLMNet elastic-net logistic,123
UM0702387,train,0.11743004400079567,GLMNet elastic-net logistic,123
UM0702407,train,0.36612379763084313,GLMNet elastic-net logistic,123
UM0702407,test,0.36612379763084313,GLMNet elastic-net logistic,123
UM0702410,train,0.6510137599846724,GLMNet elastic-net logistic,123
UM0702793,train,0.6092919677881311,GLMNet elastic-net logistic,123
UM0702793,test,0.6092919677881311,GLMNet elastic-net logistic,123
UM0702820,train,0.3395447598062777,GLMNet elastic-net logistic,123
UM0702917,train,0.3809933993365038,GLMNet elastic-net logistic,123
UM0703001,test,0.5051318598443835,GLMNet elastic-net logistic,123
UM0703122,test,0.2902472627378721,GLMNet elastic-net logistic,123
UM0703122,test,0.2902472627378721,GLMNet elastic-net logistic,123
UM0703174,test,0.5071060771753061,GLMNet elastic-net logistic,123
UM0703237,test,0.3273217392717685,GLMNet elastic-net logistic,123
UM0703237,train,0.3273217392717685,GLMNet elastic-net logistic,123
UM0703301,train,0.30366453136107374,GLMNet elastic-net logistic,123
UM0703429,train,0.16045312647255447,GLMNet elastic-net logistic,123
UM0703429,train,0.16045312647255447,GLMNet elastic-net logistic,123
UM0703489,test,0.3646558974782305,GLMNet elastic-net logistic,123
UM0703489,test,0.3646558974782305,GLMNet elastic-net logistic,123
UM0703727,train,0.4073672111739362,GLMNet elastic-net logistic,123
UM0703861,train,0.31065930406529935,GLMNet elastic-net logistic,123
UM0703861,train,0.31065930406529935,GLMNet elastic-net logistic,123
UM0703895,train,0.4338127727528251,GLMNet elastic-net logistic,123
UM0703918,train,0.3134172786497854,GLMNet elastic-net logistic,123
UM0703918,train,0.322887469641508,GLMNet elastic-net logistic,123
UM0703918,train,0.322887469641508,GLMNet elastic-net logistic,123
UM0704827,test,0.4633368986622778,GLMNet elastic-net logistic,123
UM0704827,train,0.4633368986622778,GLMNet elastic-net logistic,123
UM0705175,train,0.5283625571752779,GLMNet elastic-net logistic,123
UM0705176,train,0.95,GLMNet elastic-net logistic,123
UM0705176,train,0.95,GLMNet elastic-net logistic,123
UM0705207,train,0.44270123240856135,GLMNet elastic-net logistic,123
UM0705207,train,0.43846312069140697,GLMNet elastic-net logistic,123
UM0705230,train,0.4473255092350055,GLMNet elastic-net logistic,123
UM0705230,train,0.4473255092350055,GLMNet elastic-net logistic,123
UM0705398,train,0.3148760819072718,GLMNet elastic-net logistic,123
UM0705398,train,0.3148760819072718,GLMNet elastic-net logistic,123
UM0705624,test,0.3465104319647084,GLMNet elastic-net logistic,123
UM0705627,train,0.707122596534842,GLMNet elastic-net logistic,123
UM0705711,train,0.24230444021105432,GLMNet elastic-net logistic,123
UM0705711,train,0.24230444021105432,GLMNet elastic-net logistic,123
UM0705721,train,0.37441468763982555,GLMNet elastic-net logistic,123
UM0705721,train,0.37441468763982555,GLMNet elastic-net logistic,123
UM0705780,test,0.6494170783653236,GLMNet elastic-net logistic,123
UM0705780,train,0.6454921389183417,GLMNet elastic-net logistic,123
UM0705784,train,0.234388355837262,GLMNet elastic-net logistic,123
UM0705784,train,0.234388355837262,GLMNet elastic-net logistic,123
UM0705894,train,0.4571511568489428,GLMNet elastic-net logistic,123
UM0705948,test,0.197186543285499,GLMNet elastic-net logistic,123
UM0705948,train,0.197186543285499,GLMNet elastic-net logistic,123
UM0705951,train,0.34689548060182734,GLMNet elastic-net logistic,123
UM0705951,train,0.37651176694775457,GLMNet elastic-net logistic,123
UM0706036,train,0.30810095690561234,GLMNet elastic-net logistic,123
UM0706219,train,0.4665894443547317,GLMNet elastic-net logistic,123
UM0706219,train,0.6542731090983086,GLMNet elastic-net logistic,123
UM0706219,train,0.4665894443547317,GLMNet elastic-net logistic,123
UM0706232,train,0.5774150507416302,GLMNet elastic-net logistic,123
UM0706232,train,0.6122508324309324,GLMNet elastic-net logistic,123
UM0706232,test,0.6122508324309324,GLMNet elastic-net logistic,123
UM0706346,train,0.3783384081123393,GLMNet elastic-net logistic,123
UM0706346,test,0.3783384081123393,GLMNet elastic-net logistic,123
UM0706349,train,0.30869805129976424,GLMNet elastic-net logistic,123
UM0706444,train,0.23932193661615295,GLMNet elastic-net logistic,123
UM0706444,train,0.23932193661615295,GLMNet elastic-net logistic,123
UM0706772,test,0.3974673833187588,GLMNet elastic-net logistic,123
UM0706935,test,0.4526526790786473,GLMNet elastic-net logistic,123
UM0707008,train,0.2869065631921546,GLMNet elastic-net logistic,123
UM0707132,train,0.36005539179326423,GLMNet elastic-net logistic,123
UM0707132,test,0.36005539179326423,GLMNet elastic-net logistic,123
UM0707245,train,0.41023774123531515,GLMNet elastic-net logistic,123
UM0707245,train,0.41023774123531515,GLMNet elastic-net logistic,123
UM0707279,train,0.4740514839237474,GLMNet elastic-net logistic,123
UM0707279,train,0.4740514839237474,GLMNet elastic-net logistic,123
UM0707582,train,0.06110680545362048,GLMNet elastic-net logistic,123
UM0707582,test,0.06110680545362048,GLMNet elastic-net logistic,123
UM0707818,train,0.5234569171679199,GLMNet elastic-net logistic,123
UM0707818,test,0.5234569171679199,GLMNet elastic-net logistic,123
UM0707867,test,0.29849761981431566,GLMNet elastic-net logistic,123
UM0707905,test,0.45695905924542807,GLMNet elastic-net logistic,123
UM0708191,train,0.3207762836988767,GLMNet elastic-net logistic,123
UM0708782,test,0.45024809005789934,GLMNet elastic-net logistic,123
UM0708815,train,0.38098532503853316,GLMNet elastic-net logistic,123
UM0708815,test,0.38098532503853316,GLMNet elastic-net logistic,123
UM0708828,train,0.4284986582771658,GLMNet elastic-net logistic,123
UM0708907,train,0.38798243696595336,GLMNet elastic-net logistic,123
UM0708907,train,0.3920732961890654,GLMNet elastic-net logistic,123
UM0709211,train,0.2237696845316933,GLMNet elastic-net logistic,123
UM0709211,test,0.22677064882552567,GLMNet elastic-net logistic,123
UM0709280,train,0.3372518599447948,GLMNet elastic-net logistic,123
UM0709303,train,0.40055376848833796,GLMNet elastic-net logistic,123
UM0709303,test,0.40055376848833796,GLMNet elastic-net logistic,123
UM0709325,train,0.17200079681088212,GLMNet elastic-net logistic,123
UM0709325,train,0.17200079681088212,GLMNet elastic-net logistic,123
UM0709481,train,0.3413679226731509,GLMNet elastic-net logistic,123
UM0709481,train,0.3358809840860416,GLMNet elastic-net logistic,123
UM0709481,test,0.3358809840860416,GLMNet elastic-net logistic,123
UM0709521,test,0.47027169067769814,GLMNet elastic-net logistic,123
UM0709718,train,0.28277073883589815,GLMNet elastic-net logistic,123
UM0709942,test,0.4108923294164467,GLMNet elastic-net logistic,123
UM0709942,train,0.4108923294164467,GLMNet elastic-net logistic,123
UM0710024,train,0.22868472894544406,GLMNet elastic-net logistic,123
UM0710024,train,0.22868472894544406,GLMNet elastic-net logistic,123
UM0710054,test,0.3769682103549616,GLMNet elastic-net logistic,123
UM0710077,train,0.5516573673415597,GLMNet elastic-net logistic,123
UM0710167,train,0.26204154162107024,GLMNet elastic-net logistic,123
UM0710167,test,0.26204154162107024,GLMNet elastic-net logistic,123
UM0710169,train,0.39512263329356834,GLMNet elastic-net logistic,123
UM0710197,train,0.18084222730151034,GLMNet elastic-net logistic,123
UM0710197,train,0.18084222730151034,GLMNet elastic-net logistic,123
UM0710233,test,0.7673010465715585,GLMNet elastic-net logistic,123
UM0710233,train,0.7673010465715585,GLMNet elastic-net logistic,123
UM0710252,train,0.44002945215740846,GLMNet elastic-net logistic,123
UM0710252,train,0.4442707255508305,GLMNet elastic-net logistic,123
UM0710371,train,0.32931198869487366,GLMNet elastic-net logistic,123
UM0710371,test,0.32931198869487366,GLMNet elastic-net logistic,123
UM0710504,test,0.3760871181031497,GLMNet elastic-net logistic,123
UM0710653,test,0.2044631738536204,GLMNet elastic-net logistic,123
UM0710653,train,0.2044631738536204,GLMNet elastic-net logistic,123
UM0710887,train,0.25793941993990693,GLMNet elastic-net logistic,123
UM0710887,train,0.25793941993990693,GLMNet elastic-net logistic,123
UM0710894,train,0.27405068206916505,GLMNet elastic-net logistic,123
UM0710955,train,0.95,GLMNet elastic-net logistic,123
UM0710955,train,0.95,GLMNet elastic-net logistic,123
UM0710974,test,0.39177495001086876,GLMNet elastic-net logistic,123
UM0710974,train,0.39177495001086876,GLMNet elastic-net logistic,123
UM0711020,test,0.5837476312290237,GLMNet elastic-net logistic,123
UM0711020,test,0.2037602344176853,GLMNet elastic-net logistic,123
UM0711020,train,0.2037602344176853,GLMNet elastic-net logistic,123
UM0711102,test,0.6058659205228281,GLMNet elastic-net logistic,123
UM0711131,train,0.4431928569963462,GLMNet elastic-net logistic,123
UM0711131,train,0.4431928569963462,GLMNet elastic-net logistic,123
UM0711265,test,0.17760719111322518,GLMNet elastic-net logistic,123
UM0711265,test,0.17760719111322518,GLMNet elastic-net logistic,123
UM0711658,train,0.2245988971995325,GLMNet elastic-net logistic,123
UM0712157,train,0.20745851220446423,GLMNet elastic-net logistic,123
UM0712157,train,0.20745851220446423,GLMNet elastic-net logistic,123
UM0712368,train,0.4915122300794908,GLMNet elastic-net logistic,123
UM0712444,train,0.2563229056981864,GLMNet elastic-net logistic,123
UM0712444,train,0.25961442656627465,GLMNet elastic-net logistic,123
UM0712506,test,0.24599357041398878,GLMNet elastic-net logistic,123
UM0712506,train,0.41501538416069733,GLMNet elastic-net logistic,123
UM0712506,test,0.24599357041398878,GLMNet elastic-net logistic,123
UM0712692,train,0.24794245396290668,GLMNet elastic-net logistic,123
UM0712896,test,0.5117618120653118,GLMNet elastic-net logistic,123
UM0712932,test,0.05,GLMNet elastic-net logistic,123
UM0712932,test,0.05,GLMNet elastic-net logistic,123
UM0713352,test,0.2485236684119594,GLMNet elastic-net logistic,123
UM0713618,train,0.490697687276767,GLMNet elastic-net logistic,123
UM0713623,train,0.15377617068048563,GLMNet elastic-net logistic,123
UM0713623,train,0.15377617068048563,GLMNet elastic-net logistic,123
UM0713632,train,0.5917507946787303,GLMNet elastic-net logistic,123
UM0713632,train,0.5917507946787303,GLMNet elastic-net logistic,123
UM0713761,train,0.5568274668076151,GLMNet elastic-net logistic,123
UM0713761,train,0.5568274668076151,GLMNet elastic-net logistic,123
UM0713763,train,0.3325626642259112,GLMNet elastic-net logistic,123
UM0713763,test,0.3325626642259112,GLMNet elastic-net logistic,123
UM0713931,test,0.5710040402904056,GLMNet elastic-net logistic,123
UM0713931,train,0.2947970615913778,GLMNet elastic-net logistic,123
UM0713931,test,0.2947970615913778,GLMNet elastic-net logistic,123
UM0714066,test,0.2271681435411779,GLMNet elastic-net logistic,123
UM0714066,test,0.2271681435411779,GLMNet elastic-net logistic,123
UM0714329,test,0.18910538763616336,GLMNet elastic-net logistic,123
UM0714329,test,0.18910538763616336,GLMNet elastic-net logistic,123
UM0714351,train,0.2785816616379925,GLMNet elastic-net logistic,123
UM0714351,train,0.2785816616379925,GLMNet elastic-net logistic,123
UM0714356,train,0.2943628117495008,GLMNet elastic-net logistic,123
UM0714356,train,0.2943628117495008,GLMNet elastic-net logistic,123
UM0714409,test,0.4249880679723474,GLMNet elastic-net logistic,123
UM0714467,test,0.05,GLMNet elastic-net logistic,123
UM0714467,test,0.05,GLMNet elastic-net logistic,123
UM0714632,test,0.2020275299010446,GLMNet elastic-net logistic,123
UM0714702,train,0.12870643210570099,GLMNet elastic-net logistic,123
UM0714830,train,0.41409263882670583,GLMNet elastic-net logistic,123
UM0714830,train,0.41409263882670583,GLMNet elastic-net logistic,123
UM0714832,train,0.32937223757999906,GLMNet elastic-net logistic,123
UM0714832,test,0.32937223757999906,GLMNet elastic-net logistic,123
UM0715101,test,0.34698683469150254,GLMNet elastic-net logistic,123
UM0715101,train,0.34698683469150254,GLMNet elastic-net logistic,123
UM0715322,train,0.32247278996388196,GLMNet elastic-net logistic,123
UM0715322,train,0.32247278996388196,GLMNet elastic-net logistic,123
UM0715363,test,0.05,GLMNet elastic-net logistic,123
UM0715363,test,0.05,GLMNet elastic-net logistic,123
UM0715474,train,0.7471288284340316,GLMNet elastic-net logistic,123
UM0715594,train,0.34808411739738965,GLMNet elastic-net logistic,123
UM0715594,train,0.3519962446912672,GLMNet elastic-net logistic,123
UM0715696,train,0.4767438714048075,GLMNet elastic-net logistic,123
UM0715696,train,0.4767438714048075,GLMNet elastic-net logistic,123
UM0715748,train,0.22824598229498988,GLMNet elastic-net logistic,123
UM0715807,train,0.5424212098267674,GLMNet elastic-net logistic,123
UM0715838,train,0.5031530592442791,GLMNet elastic-net logistic,123
UM0715838,train,0.5031530592442791,GLMNet elastic-net logistic,123
UM0715919,train,0.22978288710447664,GLMNet elastic-net logistic,123
UM0715919,train,0.22978288710447664,GLMNet elastic-net logistic,123
UM0715937,test,0.22670425849636888,GLMNet elastic-net logistic,123
UM0715937,train,0.22670425849636888,GLMNet elastic-net logistic,123
UM0715945,train,0.95,GLMNet elastic-net logistic,123
UM0715945,train,0.95,GLMNet elastic-net logistic,123
UM0715998,train,0.6078471972178303,GLMNet elastic-net logistic,123
UM0715998,train,0.4022320285549459,GLMNet elastic-net logistic,123
UM0715998,train,0.4022320285549459,GLMNet elastic-net logistic,123
UM0716059,train,0.32373699528491245,GLMNet elastic-net logistic,123
UM0716059,test,0.32373699528491245,GLMNet elastic-net logistic,123
UM0716060,train,0.3806878137802198,GLMNet elastic-net logistic,123
UM0716060,train,0.3806878137802198,GLMNet elastic-net logistic,123
UM0716086,train,0.05,GLMNet elastic-net logistic,123
UM0716331,train,0.39248962573497315,GLMNet elastic-net logistic,123
UM0716331,test,0.39248962573497315,GLMNet elastic-net logistic,123
UM0716340,train,0.317032226805267,GLMNet elastic-net logistic,123
UM0716379,test,0.45082605487013483,GLMNet elastic-net logistic,123
UM0716384,train,0.4440756138530217,GLMNet elastic-net logistic,123
UM0716384,train,0.4440756138530217,GLMNet elastic-net logistic,123
UM0716404,train,0.44640818596898274,GLMNet elastic-net logistic,123
UM0716407,train,0.3525208315551866,GLMNet elastic-net logistic,123
UM0716407,train,0.3525208315551866,GLMNet elastic-net logistic,123
UM0716579,train,0.6568976348516384,GLMNet elastic-net logistic,123
UM0716579,train,0.6530116963843148,GLMNet elastic-net logistic,123
UM0716623,train,0.5095801737913329,GLMNet elastic-net logistic,123
UM0716659,train,0.2564788751353521,GLMNet elastic-net logistic,123
UM0716659,train,0.2564788751353521,GLMNet elastic-net logistic,123
UM0716709,train,0.620999543675668,GLMNet elastic-net logistic,123
UM0716709,train,0.620999543675668,GLMNet elastic-net logistic,123
UM0716737,train,0.10510667095234218,GLMNet elastic-net logistic,123
UM0716737,train,0.10510667095234218,GLMNet elastic-net logistic,123
UM0716763,train,0.23433121168168738,GLMNet elastic-net logistic,123
UM0716980,train,0.05,GLMNet elastic-net logistic,123
UM0716998,test,0.35405890805915885,GLMNet elastic-net logistic,123
UM0716998,train,0.35405890805915885,GLMNet elastic-net logistic,123
UM0717000,test,0.3780807603052912,GLMNet elastic-net logistic,123
UM0717000,train,0.3780807603052912,GLMNet elastic-net logistic,123
UM0717056,train,0.24199481073871024,GLMNet elastic-net logistic,123
UM0717056,train,0.24199481073871024,GLMNet elastic-net logistic,123
UM0717070,test,0.423305895907822,GLMNet elastic-net logistic,123
UM0717070,test,0.4191138238002327,GLMNet elastic-net logistic,123
UM0717077,test,0.3269820308661139,GLMNet elastic-net logistic,123
UM0717077,train,0.3269820308661139,GLMNet elastic-net logistic,123
UM0717307,test,0.1513663503033167,GLMNet elastic-net logistic,123
UM0717425,train,0.474619363061975,GLMNet elastic-net logistic,123
UM0717425,train,0.474619363061975,GLMNet elastic-net logistic,123
UM0717848,train,0.464789759282473,GLMNet elastic-net logistic,123
UM0717927,train,0.4371634979804945,GLMNet elastic-net logistic,123
UM0717927,train,0.4371634979804945,GLMNet elastic-net logistic,123
UM0717976,test,0.2050112324197982,GLMNet elastic-net logistic,123
UM0718056,train,0.6206461694660348,GLMNet elastic-net logistic,123
UM0718056,test,0.6206461694660348,GLMNet elastic-net logistic,123
UM0718516,train,0.37687377574268566,GLMNet elastic-net logistic,123
UM0718516,train,0.37687377574268566,GLMNet elastic-net logistic,123
UM0719035,train,0.3530592299332794,GLMNet elastic-net logistic,123
UM0719035,train,0.3530592299332794,GLMNet elastic-net logistic,123
UM0719048,train,0.2650748216372546,GLMNet elastic-net logistic,123
UM0719048,train,0.2650748216372546,GLMNet elastic-net logistic,123
UM0719054,train,0.5795339419788135,GLMNet elastic-net logistic,123
UM0719135,train,0.5478768306460308,GLMNet elastic-net logistic,123
UM0719146,train,0.3145895574727381,GLMNet elastic-net logistic,123
UM0719397,test,0.9101334117763615,GLMNet elastic-net logistic,123
UM0719397,train,0.9101334117763615,GLMNet elastic-net logistic,123
UM0719426,test,0.9092674136088468,GLMNet elastic-net logistic,123
UM0719630,train,0.7151325839486404,GLMNet elastic-net logistic,123
UM0719734,train,0.30570644886185844,GLMNet elastic-net logistic,123
UM0719734,train,0.30570644886185844,GLMNet elastic-net logistic,123
UM0719927,train,0.16201234064239142,GLMNet elastic-net logistic,123
UM0719927,train,0.1643604500596466,GLMNet elastic-net logistic,123
UM0719952,train,0.24685146263132404,GLMNet elastic-net logistic,123
UM0719952,train,0.24685146263132404,GLMNet elastic-net logistic,123
UM0719975,train,0.37839742594156306,GLMNet elastic-net logistic,123
UM0720020,test,0.4316784886615131,GLMNet elastic-net logistic,123
UM0720031,train,0.5005654238413533,GLMNet elastic-net logistic,123
UM0720031,train,0.5005654238413533,GLMNet elastic-net logistic,123
UM0720033,test,0.4248693922927026,GLMNet elastic-net logistic,123
UM0720130,train,0.6541477321159904,GLMNet elastic-net logistic,123
UM0720130,test,0.6541477321159904,GLMNet elastic-net logistic,123
UM0720269,test,0.9138877471858781,GLMNet elastic-net logistic,123
UM0720335,train,0.7716914462356179,GLMNet elastic-net logistic,123
UM0720355,test,0.6148624255456628,GLMNet elastic-net logistic,123
UM0720440,test,0.8187002730754881,GLMNet elastic-net logistic,123
UM0720440,train,0.8187002730754881,GLMNet elastic-net logistic,123
UM0722218,train,0.95,GLMNet elastic-net logistic,123
UM0722218,train,0.95,GLMNet elastic-net logistic,123
UM0722243,test,0.934929318191747,GLMNet elastic-net logistic,123
UM0722243,train,0.934929318191747,GLMNet elastic-net logistic,123
UM0722243,train,0.9325125037368456,GLMNet elastic-net logistic,123
UM0722347,train,0.33351637404244755,GLMNet elastic-net logistic,123
UM0722347,train,0.33351637404244755,GLMNet elastic-net logistic,123
UM0722364,train,0.95,GLMNet elastic-net logistic,123
UM0722486,test,0.44109803253762353,GLMNet elastic-net logistic,123
UM0722486,train,0.44109803253762353,GLMNet elastic-net logistic,123
UM0722497,train,0.9381628670218243,GLMNet elastic-net logistic,123
UM0722497,train,0.9381628670218243,GLMNet elastic-net logistic,123
UM0722503,train,0.492469409929794,GLMNet elastic-net logistic,123
UM0722507,train,0.40388354733686266,GLMNet elastic-net logistic,123
UM0722640,train,0.8971171555083196,GLMNet elastic-net logistic,123
UM0722640,train,0.9066866331959191,GLMNet elastic-net logistic,123
UM0722640,test,0.8971171555083196,GLMNet elastic-net logistic,123
UM0722852,train,0.6830919828709279,GLMNet elastic-net logistic,123
UM0722852,train,0.6398905719387189,GLMNet elastic-net logistic,123
UM0722852,train,0.6398905719387189,GLMNet elastic-net logistic,123
UM0722913,train,0.4489264613253048,GLMNet elastic-net logistic,123
UM0722913,test,0.4489264613253048,GLMNet elastic-net logistic,123
UM0723171,test,0.8484292860030965,GLMNet elastic-net logistic,123
UM0723171,train,0.8484292860030965,GLMNet elastic-net logistic,123
UM0723401,train,0.3706518817886145,GLMNet elastic-net logistic,123
UM0723401,test,0.3706518817886145,GLMNet elastic-net logistic,123
UM0723431,train,0.2832899076598182,GLMNet elastic-net logistic,123
UM0723431,train,0.2832899076598182,GLMNet elastic-net logistic,123
UM0723544,test,0.8696172654209035,GLMNet elastic-net logistic,123
UM0723544,train,0.8696172654209035,GLMNet elastic-net logistic,123
UM0723665,train,0.95,GLMNet elastic-net logistic,123
UM0723665,test,0.95,GLMNet elastic-net logistic,123
UM0723903,train,0.2132320234592564,GLMNet elastic-net logistic,123
UM0723908,test,0.6270011409684504,GLMNet elastic-net logistic,123
UM0724538,train,0.5614282649897563,GLMNet elastic-net logistic,123
UM0724538,test,0.5614282649897563,GLMNet elastic-net logistic,123
UM0724600,train,0.5347198783187673,GLMNet elastic-net logistic,123
UM0725035,train,0.25206108174549874,GLMNet elastic-net logistic,123
UM0725194,train,0.9188965313463581,GLMNet elastic-net logistic,123
UM0725194,test,0.9201688337089788,GLMNet elastic-net logistic,123
UM0725204,train,0.29487115707533756,GLMNet elastic-net logistic,123
UM0725448,train,0.8609354651683944,GLMNet elastic-net logistic,123
UM0725513,test,0.2493854760540388,GLMNet elastic-net logistic,123
UM0725513,train,0.2493854760540388,GLMNet elastic-net logistic,123
UM0725681,train,0.333672390908964,GLMNet elastic-net logistic,123
UM0725681,test,0.333672390908964,GLMNet elastic-net logistic,123
UM0725681,test,0.5088459386097088,GLMNet elastic-net logistic,123
UM0725751,train,0.8928345697487098,GLMNet elastic-net logistic,123
UM0725751,train,0.8928345697487098,GLMNet elastic-net logistic,123
UM0725770,test,0.95,GLMNet elastic-net logistic,123
UM0725770,train,0.95,GLMNet elastic-net logistic,123
UM0725863,test,0.5843263314402565,GLMNet elastic-net logistic,123
UM0725863,test,0.5843263314402565,GLMNet elastic-net logistic,123
UM0725932,test,0.9114082267932063,GLMNet elastic-net logistic,123
UM0725932,train,0.9114082267932063,GLMNet elastic-net logistic,123
UM0726037,train,0.635717703596464,GLMNet elastic-net logistic,123
UM0726037,test,0.635717703596464,GLMNet elastic-net logistic,123
UM0726062,train,0.38358452802673204,GLMNet elastic-net logistic,123
UM0726295,train,0.24690068814518482,GLMNet elastic-net logistic,123
UM0726295,train,0.24371729810668008,GLMNet elastic-net logistic,123
UM0726497,train,0.38169383571592763,GLMNet elastic-net logistic,123
UM0726497,test,0.38169383571592763,GLMNet elastic-net logistic,123
UM0726620,train,0.5790516228591022,GLMNet elastic-net logistic,123
UM0727232,train,0.1360277052631496,GLMNet elastic-net logistic,123
UM0727232,test,0.1360277052631496,GLMNet elastic-net logistic,123
UM0727825,train,0.2874037268929235,GLMNet elastic-net logistic,123
UM0727825,test,0.2874037268929235,GLMNet elastic-net logistic,123
UM0727827,train,0.8143835736122527,GLMNet elastic-net logistic,123
UM0727827,train,0.8143835736122527,GLMNet elastic-net logistic,123
UM0727983,test,0.6622962888003479,GLMNet elastic-net logistic,123
UM0727983,train,0.6622962888003479,GLMNet elastic-net logistic,123
UM0728143,train,0.5409431605804647,GLMNet elastic-net logistic,123
UM0728187,test,0.4472969709932112,GLMNet elastic-net logistic,123
UM0728187,train,0.4472969709932112,GLMNet elastic-net logistic,123
UM0728187,test,0.6587565505172558,GLMNet elastic-net logistic,123
UM0728192,train,0.39584786703988545,GLMNet elastic-net logistic,123
UM0728212,train,0.7184528221023289,GLMNet elastic-net logistic,123
UM0728230,train,0.8245026521311909,GLMNet elastic-net logistic,123
UM0728497,test,0.8983437894262272,GLMNet elastic-net logistic,123
UM0728497,test,0.8983437894262272,GLMNet elastic-net logistic,123
UM0728854,train,0.9358406589952885,GLMNet elastic-net logistic,123
UM0728888,train,0.17163505789754618,GLMNet elastic-net logistic,123
UM0728888,test,0.17163505789754618,GLMNet elastic-net logistic,123
UM0728910,train,0.6584443292443658,GLMNet elastic-net logistic,123
UM0728910,train,0.6584443292443658,GLMNet elastic-net logistic,123
UM0728949,train,0.3737313306628475,GLMNet elastic-net logistic,123
UM0728949,test,0.3737313306628475,GLMNet elastic-net logistic,123
UM0728964,train,0.33989852279396965,GLMNet elastic-net logistic,123
UM0728964,train,0.33989852279396965,GLMNet elastic-net logistic,123
UM0729315,test,0.26913168854422476,GLMNet elastic-net logistic,123
UM0729315,test,0.26913168854422476,GLMNet elastic-net logistic,123
UM0729315,train,0.3521683410798393,GLMNet elastic-net logistic,123
UM0730652,train,0.927615594910459,GLMNet elastic-net logistic,123
UM0730652,train,0.9256936242509393,GLMNet elastic-net logistic,123
UM0730652,train,0.9256936242509393,GLMNet elastic-net logistic,123
UM0730668,train,0.9380435653391546,GLMNet elastic-net logistic,123
UM0730668,train,0.9380435653391546,GLMNet elastic-net logistic,123
UM0730796,test,0.7331720034610377,GLMNet elastic-net logistic,123
UM0730955,train,0.4172985356516446,GLMNet elastic-net logistic,123
UM0730955,train,0.4172985356516446,GLMNet elastic-net logistic,123
UM0731039,train,0.9252056410602955,GLMNet elastic-net logistic,123
UM0731039,train,0.9263868987105323,GLMNet elastic-net logistic,123
UM0731128,test,0.5667680249280257,GLMNet elastic-net logistic,123
UM0731141,test,0.463567772519709,GLMNet elastic-net logistic,123
UM0731200,train,0.5661138471864368,GLMNet elastic-net logistic,123
UM0731200,test,0.5661138471864368,GLMNet elastic-net logistic,123
UM0731200,train,0.5769478263822797,GLMNet elastic-net logistic,123
UM0731251,test,0.5434354146357738,GLMNet elastic-net logistic,123
UM0731251,train,0.5434354146357738,GLMNet elastic-net logistic,123
UM0731295,test,0.43975634937686614,GLMNet elastic-net logistic,123
UM0731303,test,0.5163064845682863,GLMNet elastic-net logistic,123
UM0731303,train,0.5163064845682863,GLMNet elastic-net logistic,123
UM0731304,test,0.5744351657580766,GLMNet elastic-net logistic,123
UM0731500,test,0.8744848303858301,GLMNet elastic-net logistic,123
UM0731500,test,0.8744848303858301,GLMNet elastic-net logistic,123
UM0731544,train,0.9409172478116337,GLMNet elastic-net logistic,123
UM0731638,train,0.41779135904182185,GLMNet elastic-net logistic,123
UM0731638,train,0.41779135904182185,GLMNet elastic-net logistic,123
UM0731835,train,0.7175276519226054,GLMNet elastic-net logistic,123
UM0731993,train,0.9335625831420077,GLMNet elastic-net logistic,123
UM0732019,train,0.9259456548604568,GLMNet elastic-net logistic,123
UM0732110,test,0.3250199087839694,GLMNet elastic-net logistic,123
UM0732131,test,0.3468724414304874,GLMNet elastic-net logistic,123
UM0732183,train,0.3873821020341638,GLMNet elastic-net logistic,123
UM0732183,test,0.3873821020341638,GLMNet elastic-net logistic,123
UM0732187,test,0.3442446898656696,GLMNet elastic-net logistic,123
UM0732187,test,0.3442446898656696,GLMNet elastic-net logistic,123
UM0732253,train,0.45380992427637773,GLMNet elastic-net logistic,123
UM0732253,train,0.45380992427637773,GLMNet elastic-net logistic,123
UM0732282,train,0.3839077687393631,GLMNet elastic-net logistic,123
UM0732282,train,0.3839077687393631,GLMNet elastic-net logistic,123
UM0732753,train,0.34513885382990883,GLMNet elastic-net logistic,123
UM0732758,train,0.273814423185921,GLMNet elastic-net logistic,123
UM0732758,test,0.273814423185921,GLMNet elastic-net logistic,123
UM0733210,train,0.599394875076221,GLMNet elastic-net logistic,123
UM0733343,test,0.5044477858333071,GLMNet elastic-net logistic,123
UM0733343,test,0.5044477858333071,GLMNet elastic-net logistic,123
UM0733357,train,0.5051374172791937,GLMNet elastic-net logistic,123
UM0733357,train,0.5051374172791937,GLMNet elastic-net logistic,123
UM0733475,train,0.8899146782473951,GLMNet elastic-net logistic,123
UM0733475,train,0.8965341283837011,GLMNet elastic-net logistic,123
UM0733475,train,0.8899146782473951,GLMNet elastic-net logistic,123
UM0733663,train,0.8381261302641971,GLMNet elastic-net logistic,123
UM0733663,train,0.8381261302641971,GLMNet elastic-net logistic,123
UM0733663,test,0.8844564238774564,GLMNet elastic-net logistic,123
UM0733838,test,0.43977564718883017,GLMNet elastic-net logistic,123
UM0733838,test,0.43977564718883017,GLMNet elastic-net logistic,123
UM0733903,train,0.8508363021100409,GLMNet elastic-net logistic,123
UM0733903,test,0.8508363021100409,GLMNet elastic-net logistic,123
UM0733903,train,0.8344584802315532,GLMNet elastic-net logistic,123
UM0734136,train,0.818873272780276,GLMNet elastic-net logistic,123
UM0734136,train,0.8285010905170801,GLMNet elastic-net logistic,123
UM0734136,train,0.818873272780276,GLMNet elastic-net logistic,123
UM0734170,train,0.3350968525344826,GLMNet elastic-net logistic,123
UM0734210,train,0.37946764574034925,GLMNet elastic-net logistic,123
UM0734210,train,0.37946764574034925,GLMNet elastic-net logistic,123
UM0734259,test,0.3383796170924649,GLMNet elastic-net logistic,123
UM0734373,test,0.48333302386432886,GLMNet elastic-net logistic,123
UM0734373,train,0.5268642754899873,GLMNet elastic-net logistic,123
UM0734373,train,0.48333302386432886,GLMNet elastic-net logistic,123
UM0734440,train,0.29814396295400275,GLMNet elastic-net logistic,123
UM0734574,train,0.05,GLMNet elastic-net logistic,123
UM0734574,train,0.05,GLMNet elastic-net logistic,123
UM0734617,test,0.8863320507734498,GLMNet elastic-net logistic,123
UM0734617,train,0.8863320507734498,GLMNet elastic-net logistic,123
UM0734653,train,0.8540255804985597,GLMNet elastic-net logistic,123
UM0734937,test,0.38828607758127315,GLMNet elastic-net logistic,123
UM0734937,test,0.38828607758127315,GLMNet elastic-net logistic,123
UM0734985,train,0.5542685520768592,GLMNet elastic-net logistic,123
UM0734988,train,0.45359566549029545,GLMNet elastic-net logistic,123
UM0735048,train,0.48953129160710646,GLMNet elastic-net logistic,123
UM0735048,test,0.48953129160710646,GLMNet elastic-net logistic,123
UM0735113,train,0.5077794788193108,GLMNet elastic-net logistic,123
UM0736326,train,0.38695788404351533,GLMNet elastic-net logistic,123
UM0736333,test,0.6290024363631305,GLMNet elastic-net logistic,123
UM0736429,train,0.41973032835861496,GLMNet elastic-net logistic,123
UM0736429,test,0.41973032835861496,GLMNet elastic-net logistic,123
UM0736613,test,0.4648732863823054,GLMNet elastic-net logistic,123
UM0736613,test,0.4648732863823054,GLMNet elastic-net logistic,123
UM0736670,train,0.5558868440259103,GLMNet elastic-net logistic,123
UM0736671,train,0.4175309877813126,GLMNet elastic-net logistic,123
UM0736671,train,0.4175309877813126,GLMNet elastic-net logistic,123
UM0736717,test,0.4454160725187643,GLMNet elastic-net logistic,123
UM0736717,test,0.4454160725187643,GLMNet elastic-net logistic,123
UM0736854,test,0.4685196510606065,GLMNet elastic-net logistic,123
UM0736891,train,0.8514610583534304,GLMNet elastic-net logistic,123
UM0736891,test,0.8514610583534304,GLMNet elastic-net logistic,123
UM0736923,test,0.3202879977750407,GLMNet elastic-net logistic,123
UM0736923,train,0.3202879977750407,GLMNet elastic-net logistic,123
UM0737097,test,0.6005828106287796,GLMNet elastic-net logistic,123
UM0737097,train,0.6005828106287796,GLMNet elastic-net logistic,123
UM0737121,train,0.3672451501047247,GLMNet elastic-net logistic,123
UM0737200,train,0.39152366637000535,GLMNet elastic-net logistic,123
UM0737200,train,0.39152366637000535,GLMNet elastic-net logistic,123
UM0737408,test,0.5359360537611674,GLMNet elastic-net logistic,123
UM0737507,test,0.4699922944573704,GLMNet elastic-net logistic,123
UM0737696,test,0.4311367231962719,GLMNet elastic-net logistic,123
UM0737696,test,0.4311367231962719,GLMNet elastic-net logistic,123
UM0737716,train,0.4614234265477797,GLMNet elastic-net logistic,123
UM0737716,train,0.4614234265477797,GLMNet elastic-net logistic,123
UM0737716,train,0.5628496858433334,GLMNet elastic-net logistic,123
UM0737766,train,0.9017470636795486,GLMNet elastic-net logistic,123
UM0737766,train,0.9017470636795486,GLMNet elastic-net logistic,123
UM0738239,test,0.8861487368730646,GLMNet elastic-net logistic,123
UM0738564,train,0.9083203834002539,GLMNet elastic-net logistic,123
UM0738564,train,0.9097423014364678,GLMNet elastic-net logistic,123
UM0738965,test,0.95,GLMNet elastic-net logistic,123
UM0738965,test,0.95,GLMNet elastic-net logistic,123
UM0739164,train,0.6630962107908135,GLMNet elastic-net logistic,123
UM0739477,train,0.8635887377411552,GLMNet elastic-net logistic,123
UM0739477,train,0.8635887377411552,GLMNet elastic-net logistic,123
UM0739584,train,0.41598559656861894,GLMNet elastic-net logistic,123
UM0739629,train,0.4383990654426429,GLMNet elastic-net logistic,123
UM0739629,train,0.4383990654426429,GLMNet elastic-net logistic,123
UM0740318,train,0.8420288695436261,GLMNet elastic-net logistic,123
UM0740318,train,0.8420288695436261,GLMNet elastic-net logistic,123
UM0740318,test,0.9143471141578033,GLMNet elastic-net logistic,123
UM0740360,train,0.9453530636710767,GLMNet elastic-net logistic,123
UM0740518,test,0.355318050116059,GLMNet elastic-net logistic,123
UM0740518,test,0.355318050116059,GLMNet elastic-net logistic,123
UM0740795,train,0.8806807021976824,GLMNet elastic-net logistic,123
UM0740795,test,0.8806807021976824,GLMNet elastic-net logistic,123
UM0741068,train,0.9290564998451296,GLMNet elastic-net logistic,123
UM0741068,train,0.9279147474377863,GLMNet elastic-net logistic,123
UM0741068,train,0.9279147474377863,GLMNet elastic-net logistic,123
UM0741068,train,0.9290564998451296,GLMNet elastic-net logistic,123
UM0741095,train,0.8836370224344896,GLMNet elastic-net logistic,123
UM0741095,test,0.8836370224344896,GLMNet elastic-net logistic,123
UM0741095,train,0.9032560164084812,GLMNet elastic-net logistic,123
UM0741389,test,0.8864299226330304,GLMNet elastic-net logistic,123
UM0741496,test,0.8945344131951721,GLMNet elastic-net logistic,123
UM0741710,train,0.4054053547423042,GLMNet elastic-net logistic,123
UM0741710,test,0.4054053547423042,GLMNet elastic-net logistic,123
UM0741710,test,0.5285523548154138,GLMNet elastic-net logistic,123
UM0741844,train,0.4415340644714225,GLMNet elastic-net logistic,123
UM0741844,train,0.44577829526838647,GLMNet elastic-net logistic,123
UM0741883,train,0.2790562074236921,GLMNet elastic-net logistic,123
UM0741883,test,0.2790562074236921,GLMNet elastic-net logistic,123
UM0742417,train,0.511587668335928,GLMNet elastic-net logistic,123
UM0742621,test,0.23311582806870954,GLMNet elastic-net logistic,123
UM0742684,test,0.504749233895092,GLMNet elastic-net logistic,123
UM0742684,train,0.504749233895092,GLMNet elastic-net logistic,123
UM0743617,test,0.15362471165576155,GLMNet elastic-net logistic,123
UM0744422,test,0.5851283208323035,GLMNet elastic-net logistic,123
UM0744430,test,0.5186889165989413,GLMNet elastic-net logistic,123
UM0744430,train,0.5730219751725018,GLMNet elastic-net logistic,123
UM0744430,test,0.5730219751725018,GLMNet elastic-net logistic,123
UM0744541,test,0.6417526618810121,GLMNet elastic-net logistic,123
UM0744541,test,0.6417526618810121,GLMNet elastic-net logistic,123
UM0744573,train,0.4908786314072623,GLMNet elastic-net logistic,123
UM0744701,test,0.7489115265510974,GLMNet elastic-net logistic,123
UM0744701,train,0.7456642345964263,GLMNet elastic-net logistic,123
UM0744790,train,0.7805152680951843,GLMNet elastic-net logistic,123
UM0744790,train,0.7805152680951843,GLMNet elastic-net logistic,123
UM0744790,train,0.7805152680951843,GLMNet elastic-net logistic,123
UM0744790,test,0.7805152680951843,GLMNet elastic-net logistic,123
UM0744947,train,0.5200237824270374,GLMNet elastic-net logistic,123
UM0744947,train,0.5200237824270374,GLMNet elastic-net logistic,123
UM0744986,train,0.4820507572967678,GLMNet elastic-net logistic,123
UM0745203,test,0.3934850854489786,GLMNet elastic-net logistic,123
UM0745219,test,0.45934809374849095,GLMNet elastic-net logistic,123
UM0745370,test,0.8000846389525926,GLMNet elastic-net logistic,123
UM0745370,test,0.7973200529810874,GLMNet elastic-net logistic,123
UM0745395,test,0.535837559931307,GLMNet elastic-net logistic,123
UM0745399,test,0.5021590142281436,GLMNet elastic-net logistic,123
UM0745399,train,0.5021590142281436,GLMNet elastic-net logistic,123
UM0745412,train,0.5867132896318326,GLMNet elastic-net logistic,123
UM0745412,train,0.5867132896318326,GLMNet elastic-net logistic,123
UM0745517,train,0.5031156161231384,GLMNet elastic-net logistic,123
UM0745517,test,0.5031156161231384,GLMNet elastic-net logistic,123
UM0745580,train,0.7332712088004,GLMNet elastic-net logistic,123
UM0745580,test,0.7332712088004,GLMNet elastic-net logistic,123
UM0745623,test,0.40665283909495775,GLMNet elastic-net logistic,123
UM0745623,train,0.40665283909495775,GLMNet elastic-net logistic,123
UM0745663,train,0.6107374950776063,GLMNet elastic-net logistic,123
UM0745663,train,0.6107374950776063,GLMNet elastic-net logistic,123
UM0745761,test,0.4537399443812037,GLMNet elastic-net logistic,123
UM0745818,train,0.6614301533956832,GLMNet elastic-net logistic,123
UM0746034,train,0.8352414086108728,GLMNet elastic-net logistic,123
UM0746310,test,0.599955498333678,GLMNet elastic-net logistic,123
UM0746337,train,0.3434408222371496,GLMNet elastic-net logistic,123
UM0746382,train,0.48510720632230586,GLMNet elastic-net logistic,123
UM0746519,train,0.05,GLMNet elastic-net logistic,123
UM0746519,train,0.05,GLMNet elastic-net logistic,123
UM0746740,test,0.6832409305778442,GLMNet elastic-net logistic,123
UM0746772,test,0.18136913077406988,GLMNet elastic-net logistic,123
UM0746786,train,0.42975105188742707,GLMNet elastic-net logistic,123
UM0746786,train,0.42975105188742707,GLMNet elastic-net logistic,123
UM0746790,train,0.3990599011108466,GLMNet elastic-net logistic,123
UM0747290,train,0.3043492141467065,GLMNet elastic-net logistic,123
UM0747345,train,0.5590974626709115,GLMNet elastic-net logistic,123
UM0747345,train,0.5590974626709115,GLMNet elastic-net logistic,123
UM0747435,test,0.33440694442141544,GLMNet elastic-net logistic,123
UM0747586,train,0.4483902097664467,GLMNet elastic-net logistic,123
UM0747586,test,0.45264692824409103,GLMNet elastic-net logistic,123
UM0747586,train,0.4483902097664467,GLMNet elastic-net logistic,123
UM0747586,train,0.45264692824409103,GLMNet elastic-net logistic,123
UM0747631,train,0.5008472627773123,GLMNet elastic-net logistic,123
UM0747704,train,0.5540810263378455,GLMNet elastic-net logistic,123
UM0747704,test,0.5540810263378455,GLMNet elastic-net logistic,123
UM0747842,train,0.21917354020438107,GLMNet elastic-net logistic,123
UM0747858,train,0.46035242027866635,GLMNet elastic-net logistic,123
UM0748015,test,0.8892881996397333,GLMNet elastic-net logistic,123
UM0748080,train,0.3544660052210331,GLMNet elastic-net logistic,123
UM0748280,test,0.5996121802795709,GLMNet elastic-net logistic,123
UM0748280,test,0.23006523931409628,GLMNet elastic-net logistic,123
UM0748280,train,0.5996121802795709,GLMNet elastic-net logistic,123
UM0748662,train,0.4061679136324048,GLMNet elastic-net logistic,123
UM0748662,train,0.4061679136324048,GLMNet elastic-net logistic,123
UM0748889,train,0.4611743358561285,GLMNet elastic-net logistic,123
UM0748889,train,0.4654500110218591,GLMNet elastic-net logistic,123
UM0749030,train,0.6543715966708439,GLMNet elastic-net logistic,123
UM0749030,train,0.6827945245226802,GLMNet elastic-net logistic,123
UM0749145,test,0.8093415462529429,GLMNet elastic-net logistic,123
UM0749196,test,0.48564783632257735,GLMNet elastic-net logistic,123
UM0749251,test,0.6236530077750879,GLMNet elastic-net logistic,123
UM0749297,train,0.6979619054342275,GLMNet elastic-net logistic,123
UM0749384,train,0.5001701419994226,GLMNet elastic-net logistic,123
UM0749582,train,0.5501614510754501,GLMNet elastic-net logistic,123
UM0749582,train,0.36378453917346265,GLMNet elastic-net logistic,123
UM0749582,train,0.36378453917346265,GLMNet elastic-net logistic,123
UM0749693,train,0.3330267572017644,GLMNet elastic-net logistic,123
UM0749747,test,0.4001950579850695,GLMNet elastic-net logistic,123
UM0749747,train,0.4001950579850695,GLMNet elastic-net logistic,123
UM0749891,train,0.5809914718896874,GLMNet elastic-net logistic,123
UM0749898,train,0.5850520147873185,GLMNet elastic-net logistic,123
UM0749898,train,0.5850520147873185,GLMNet elastic-net logistic,123
UM0749898,train,0.5850520147873185,GLMNet elastic-net logistic,123
UM0749898,train,0.5850520147873185,GLMNet elastic-net logistic,123
UM0749899,train,0.37199927080974426,GLMNet elastic-net logistic,123
UM0749899,train,0.37199927080974426,GLMNet elastic-net logistic,123
UM0750010,test,0.5133671372119377,GLMNet elastic-net logistic,123
UM0750411,train,0.8212551462131485,GLMNet elastic-net logistic,123
UM0750527,test,0.44964674305198826,GLMNet elastic-net logistic,123
UM0750527,train,0.44964674305198826,GLMNet elastic-net logistic,123
UM0750551,train,0.7220182727140274,GLMNet elastic-net logistic,123
UM0750551,train,0.7254563125041047,GLMNet elastic-net logistic,123
UM0750556,train,0.6378524998337591,GLMNet elastic-net logistic,123
UM0750580,test,0.5624893659106106,GLMNet elastic-net logistic,123
UM0750754,test,0.4659843799485728,GLMNet elastic-net logistic,123
UM0750809,train,0.35184865304408175,GLMNet elastic-net logistic,123
UM0750809,train,0.35184865304408175,GLMNet elastic-net logistic,123
UM0750867,train,0.37830560197947055,GLMNet elastic-net logistic,123
UM0750869,test,0.6506769880322119,GLMNet elastic-net logistic,123
UM0750963,train,0.6818374752594634,GLMNet elastic-net logistic,123
UM0750987,test,0.5500057695634483,GLMNet elastic-net logistic,123
UM0750987,train,0.5500057695634483,GLMNet elastic-net logistic,123
UM0751016,train,0.43110827021487425,GLMNet elastic-net logistic,123
UM0751016,test,0.43110827021487425,GLMNet elastic-net logistic,123
UM0751031,train,0.40716322926795007,GLMNet elastic-net logistic,123
UM0751031,train,0.40716322926795007,GLMNet elastic-net logistic,123
UM0751543,train,0.6604741418797969,GLMNet elastic-net logistic,123
UM0751543,test,0.6566075354798363,GLMNet elastic-net logistic,123
UM0751812,train,0.5662373398420678,GLMNet elastic-net logistic,123
UM0751849,train,0.7529325251355992,GLMNet elastic-net logistic,123
UM0751849,train,0.7497198572077086,GLMNet elastic-net logistic,123
UM0751938,test,0.6593023228599243,GLMNet elastic-net logistic,123
UM0751938,train,0.6593023228599243,GLMNet elastic-net logistic,123
UM0751938,train,0.4682364541840015,GLMNet elastic-net logistic,123
UM0752022,train,0.7312818274353725,GLMNet elastic-net logistic,123
UM0752022,train,0.7312818274353725,GLMNet elastic-net logistic,123
UM0752022,train,0.7278893757966407,GLMNet elastic-net logistic,123
UM0752022,train,0.7278893757966407,GLMNet elastic-net logistic,123
UM0752050,test,0.44031904441813,GLMNet elastic-net logistic,123
UM0752050,train,0.44031904441813,GLMNet elastic-net logistic,123
UM0752078,train,0.32832865060670985,GLMNet elastic-net logistic,123
UM0752085,test,0.3699634573111989,GLMNet elastic-net logistic,123
UM0752111,train,0.4963195014118482,GLMNet elastic-net logistic,123
UM0752111,train,0.4963195014118482,GLMNet elastic-net logistic,123
UM0752111,test,0.5804719941192763,GLMNet elastic-net logistic,123
UM0752203,train,0.6039673691736127,GLMNet elastic-net logistic,123
UM0752203,test,0.6039673691736127,GLMNet elastic-net logistic,123
UM0752294,train,0.694149059022087,GLMNet elastic-net logistic,123
UM0752309,train,0.6754715589673949,GLMNet elastic-net logistic,123
UM0752309,train,0.6754715589673949,GLMNet elastic-net logistic,123
UM0752353,train,0.506334116400615,GLMNet elastic-net logistic,123
UM0752392,train,0.45207586962786406,GLMNet elastic-net logistic,123
UM0752392,train,0.4563386312578551,GLMNet elastic-net logistic,123
UM0752409,train,0.4808104898500238,GLMNet elastic-net logistic,123
UM0752409,train,0.5298226376270774,GLMNet elastic-net logistic,123
UM0752431,train,0.95,GLMNet elastic-net logistic,123
UM0752450,test,0.48032452754313737,GLMNet elastic-net logistic,123
UM0752451,train,0.5368666234095265,GLMNet elastic-net logistic,123
UM0752451,test,0.5368666234095265,GLMNet elastic-net logistic,123
UM0752471,train,0.47185001168049817,GLMNet elastic-net logistic,123
UM0752754,train,0.8576200498391297,GLMNet elastic-net logistic,123
UM0752839,test,0.5274922503201799,GLMNet elastic-net logistic,123
UM0752839,test,0.5274922503201799,GLMNet elastic-net logistic,123
UM0752888,train,0.5343977082525346,GLMNet elastic-net logistic,123
UM0753068,train,0.5078596811816877,GLMNet elastic-net logistic,123
UM0753068,test,0.5078596811816877,GLMNet elastic-net logistic,123
UM0753357,train,0.4274946987913384,GLMNet elastic-net logistic,123
UM0753357,train,0.4274946987913384,GLMNet elastic-net logistic,123
UM0753357,test,0.4992760516895536,GLMNet elastic-net logistic,123
UM0753416,train,0.1722287001790245,GLMNet elastic-net logistic,123
UM0753614,train,0.7788117643609274,GLMNet elastic-net logistic,123
UM0753851,train,0.40862119659055807,GLMNet elastic-net logistic,123
UM0753851,train,0.40862119659055807,GLMNet elastic-net logistic,123
UM0753940,test,0.3059867185244176,GLMNet elastic-net logistic,123
UM0753940,train,0.3059867185244176,GLMNet elastic-net logistic,123
UM0754029,train,0.5375109716173965,GLMNet elastic-net logistic,123
UM0754062,train,0.7152325124328812,GLMNet elastic-net logistic,123
UM0754062,train,0.7152325124328812,GLMNet elastic-net logistic,123
UM0754152,train,0.8405537408693504,GLMNet elastic-net logistic,123
UM0754216,test,0.3029214750506655,GLMNet elastic-net logistic,123
UM0754219,train,0.7922509269099873,GLMNet elastic-net logistic,123
UM0754503,train,0.2408461704689667,GLMNet elastic-net logistic,123
UM0754706,train,0.45943507565376757,GLMNet elastic-net logistic,123
UM0754773,train,0.5636618580380232,GLMNet elastic-net logistic,123
UM0754773,train,0.5636618580380232,GLMNet elastic-net logistic,123
UM0754903,train,0.5789545803526356,GLMNet elastic-net logistic,123
UM0754903,test,0.5789545803526356,GLMNet elastic-net logistic,123
UM0755008,train,0.49913326485161097,GLMNet elastic-net logistic,123
UM0755046,test,0.6986483237777096,GLMNet elastic-net logistic,123
UM0755173,test,0.6819635570748104,GLMNet elastic-net logistic,123
UM0755173,test,0.5204353738093068,GLMNet elastic-net logistic,123
UM0755173,train,0.6819635570748104,GLMNet elastic-net logistic,123
UM0755415,train,0.8755325763065953,GLMNet elastic-net logistic,123
UM0755654,train,0.6081338470910279,GLMNet elastic-net logistic,123
UM0755770,train,0.48839221421117135,GLMNet elastic-net logistic,123
UM0755770,train,0.48839221421117135,GLMNet elastic-net logistic,123
UM0755844,test,0.45498278559373184,GLMNet elastic-net logistic,123
UM0755844,train,0.45498278559373184,GLMNet elastic-net logistic,123
UM0755982,train,0.571630553782115,GLMNet elastic-net logistic,123
UM0756144,test,0.8182208598592681,GLMNet elastic-net logistic,123
UM0756144,train,0.8182208598592681,GLMNet elastic-net logistic,123
UM0756144,test,0.7985106921023218,GLMNet elastic-net logistic,123
UM0756459,test,0.5354927299524475,GLMNet elastic-net logistic,123
UM0756481,train,0.43830546873339177,GLMNet elastic-net logistic,123
UM0756481,test,0.41987582178699867,GLMNet elastic-net logistic,123
UM0756481,train,0.43830546873339177,GLMNet elastic-net logistic,123
UM0756482,train,0.05,GLMNet elastic-net logistic,123
UM0756601,test,0.3660696251383786,GLMNet elastic-net logistic,123
UM0756701,train,0.8273048268208275,GLMNet elastic-net logistic,123
UM0756701,train,0.8273048268208275,GLMNet elastic-net logistic,123
UM0756701,train,0.8136806084619709,GLMNet elastic-net logistic,123
UM0756744,train,0.42944557209359246,GLMNet elastic-net logistic,123
UM0756819,train,0.4595274756866843,GLMNet elastic-net logistic,123
UM0757505,train,0.3616244113796768,GLMNet elastic-net logistic,123
UM0757505,train,0.3616244113796768,GLMNet elastic-net logistic,123
UM0757505,test,0.6270044646130201,GLMNet elastic-net logistic,123
UM0757562,test,0.5301239199494453,GLMNet elastic-net logistic,123
UM0757562,test,0.5301239199494453,GLMNet elastic-net logistic,123
UM0757562,train,0.5094616917485388,GLMNet elastic-net logistic,123
UM0758257,train,0.95,GLMNet elastic-net logistic,123
UM0758358,train,0.19831054978740614,GLMNet elastic-net logistic,123
UM0758940,train,0.6021381922660317,GLMNet elastic-net logistic,123
UM0759036,train,0.6395795464885238,GLMNet elastic-net logistic,123
UM0759036,train,0.643533796952853,GLMNet elastic-net logistic,123
UM0759497,train,0.35656318452156893,GLMNet elastic-net logistic,123
UM0760908,test,0.20635936932858132,GLMNet elastic-net logistic,123
UM0760908,train,0.20635936932858132,GLMNet elastic-net logistic,123
UM0761353,test,0.05,GLMNet elastic-net logistic,123
UM0761928,test,0.223955738922446,GLMNet elastic-net logistic,123
UM0762449,test,0.3405163256346491,GLMNet elastic-net logistic,123
UM0762449,train,0.3405163256346491,GLMNet elastic-net logistic,123
UM0762507,train,0.05,GLMNet elastic-net logistic,123
UM0762507,train,0.05,GLMNet elastic-net logistic,123
UM0762626,train,0.20210209887830163,GLMNet elastic-net logistic,123
UM0762626,train,0.20210209887830163,GLMNet elastic-net logistic,123
UM0762639,train,0.95,GLMNet elastic-net logistic,123
UM0763086,test,0.7533287645832436,GLMNet elastic-net logistic,123
UM0763127,test,0.779576514003608,GLMNet elastic-net logistic,123
UM0763805,train,0.05,GLMNet elastic-net logistic,123
UM0763805,test,0.05,GLMNet elastic-net logistic,123
UM0763989,test,0.95,GLMNet elastic-net logistic,123
UM0763989,train,0.95,GLMNet elastic-net logistic,123
UM0764128,test,0.3633287541694844,GLMNet elastic-net logistic,123
UM0764904,train,0.95,GLMNet elastic-net logistic,123
UM0765424,train,0.05,GLMNet elastic-net logistic,123
UM0765424,test,0.05,GLMNet elastic-net logistic,123
UM0766757,test,0.5984423577606138,GLMNet elastic-net logistic,123
UM0766757,train,0.5984423577606138,GLMNet elastic-net logistic,123
UM0766761,train,0.95,GLMNet elastic-net logistic,123
UM0766802,train,0.4468433427491468,GLMNet elastic-net logistic,123
UM0767188,train,0.95,GLMNet elastic-net logistic,123
UM0767188,train,0.95,GLMNet elastic-net logistic,123
UM0767480,train,0.42644153578429916,GLMNet elastic-net logistic,123
UM0767776,train,0.95,GLMNet elastic-net logistic,123
UM0767830,test,0.95,GLMNet elastic-net logistic,123
UM0767830,train,0.95,GLMNet elastic-net logistic,123
UM0768590,train,0.2221202768644572,GLMNet elastic-net logistic,123
UM0768590,train,0.2550197805758924,GLMNet elastic-net logistic,123
UM0768590,train,0.2550197805758924,GLMNet elastic-net logistic,123
UM0768665,train,0.3551334015836214,GLMNet elastic-net logistic,123
UM0768665,train,0.3551334015836214,GLMNet elastic-net logistic,123
UM0768751,train,0.6179326393210207,GLMNet elastic-net logistic,123
UM0768791,train,0.2550719906660332,GLMNet elastic-net logistic,123
UM0768791,train,0.2550719906660332,GLMNet elastic-net logistic,123
UM0768791,test,0.49312243357956714,GLMNet elastic-net logistic,123
UM0768889,test,0.41603989057978596,GLMNet elastic-net logistic,123
UM0768889,train,0.41603989057978596,GLMNet elastic-net logistic,123
UM0768933,train,0.40988783283187036,GLMNet elastic-net logistic,123
UM0769429,train,0.95,GLMNet elastic-net logistic,123
UM0769766,test,0.7070854943610988,GLMNet elastic-net logistic,123
UM0769766,test,0.7070854943610988,GLMNet elastic-net logistic,123
UM0769865,test,0.6793483456078713,GLMNet elastic-net logistic,123
UM0769865,train,0.6793483456078713,GLMNet elastic-net logistic,123
UM0769977,train,0.5195356124111186,GLMNet elastic-net logistic,123
UM0769979,train,0.5655321551704507,GLMNet elastic-net logistic,123
UM0770029,train,0.3976639002922372,GLMNet elastic-net logistic,123
UM0770029,test,0.3976639002922372,GLMNet elastic-net logistic,123
UM0770057,train,0.6452509053914639,GLMNet elastic-net logistic,123
UM0770102,train,0.4006112426982655,GLMNet elastic-net logistic,123
UM0770102,train,0.4006112426982655,GLMNet elastic-net logistic,123
UM0770107,train,0.5116862667075608,GLMNet elastic-net logistic,123
UM0770107,test,0.5367764672939531,GLMNet elastic-net logistic,123
UM0770107,train,0.5116862667075608,GLMNet elastic-net logistic,123
UM0770127,train,0.5229034495182836,GLMNet elastic-net logistic,123
UM0770127,train,0.5229034495182836,GLMNet elastic-net logistic,123
UM0770144,train,0.23938363197690887,GLMNet elastic-net logistic,123
UM0770144,train,0.23938363197690887,GLMNet elastic-net logistic,123
UM0770231,train,0.42829304004831065,GLMNet elastic-net logistic,123
UM0770231,test,0.42829304004831065,GLMNet elastic-net logistic,123
UM0770298,train,0.32068723074707756,GLMNet elastic-net logistic,123
UM0770319,test,0.37196274603631335,GLMNet elastic-net logistic,123
UM0770401,train,0.6644686117380544,GLMNet elastic-net logistic,123
UM0770410,train,0.95,GLMNet elastic-net logistic,123
UM0770547,train,0.5640340716455587,GLMNet elastic-net logistic,123
UM0770652,train,0.4049078041104928,GLMNet elastic-net logistic,123
UM0770652,train,0.4049078041104928,GLMNet elastic-net logistic,123
UM0770714,train,0.4151578200040526,GLMNet elastic-net logistic,123
UM0770769,train,0.3182832692867297,GLMNet elastic-net logistic,123
UM0770852,test,0.5896109848829661,GLMNet elastic-net logistic,123
UM0770893,test,0.5476895440963166,GLMNet elastic-net logistic,123
UM0770897,test,0.4245763702009669,GLMNet elastic-net logistic,123
UM0770928,train,0.6059060266805997,GLMNet elastic-net logistic,123
UM0770928,train,0.6059060266805997,GLMNet elastic-net logistic,123
UM0770930,test,0.4590747900608336,GLMNet elastic-net logistic,123
UM0770930,train,0.4633477385312796,GLMNet elastic-net logistic,123
UM0771111,train,0.5935896267384763,GLMNet elastic-net logistic,123
UM0771248,train,0.7267279949623046,GLMNet elastic-net logistic,123
UM0771483,test,0.47891988743202846,GLMNet elastic-net logistic,123
UM0771483,train,0.47891988743202846,GLMNet elastic-net logistic,123
UM0771484,train,0.4146395546311219,GLMNet elastic-net logistic,123
UM0771484,test,0.4146395546311219,GLMNet elastic-net logistic,123
UM0771567,test,0.5329760242640798,GLMNet elastic-net logistic,123
UM0771692,train,0.4308383989480262,GLMNet elastic-net logistic,123
UM0771692,train,0.4308383989480262,GLMNet elastic-net logistic,123
UM0771692,train,0.45097673945882427,GLMNet elastic-net logistic,123
UM0771695,train,0.40938019176215384,GLMNet elastic-net logistic,123
UM0771695,test,0.34451217025801156,GLMNet elastic-net logistic,123
UM0771695,train,0.34451217025801156,GLMNet elastic-net logistic,123
UM0771957,test,0.3358376520149938,GLMNet elastic-net logistic,123
UM0772047,test,0.6746901368935317,GLMNet elastic-net logistic,123
UM0772403,train,0.4555454099850028,GLMNet elastic-net logistic,123
UM0772403,test,0.4555454099850028,GLMNet elastic-net logistic,123
UM0772403,train,0.39839937053666036,GLMNet elastic-net logistic,123
UM0772588,train,0.5668921033417956,GLMNet elastic-net logistic,123
UM0772593,test,0.4141300356413798,GLMNet elastic-net logistic,123
UM0772593,train,0.5465679449844814,GLMNet elastic-net logistic,123
UM0772593,test,0.5465679449844814,GLMNet elastic-net logistic,123
UM0772772,train,0.3991284518290723,GLMNet elastic-net logistic,123
UM0772792,test,0.3958021699519577,GLMNet elastic-net logistic,123
UM0772836,train,0.4488050722129678,GLMNet elastic-net logistic,123
UM0772836,train,0.4488050722129678,GLMNet elastic-net logistic,123
UM0772836,train,0.5067856662171963,GLMNet elastic-net logistic,123
UM0772942,train,0.6740463551866644,GLMNet elastic-net logistic,123
UM0772942,train,0.6369224507080133,GLMNet elastic-net logistic,123
UM0772942,train,0.6740463551866644,GLMNet elastic-net logistic,123
UM0773039,train,0.46247107089807543,GLMNet elastic-net logistic,123
UM0773039,train,0.46247107089807543,GLMNet elastic-net logistic,123
UM0773057,test,0.21643981299288184,GLMNet elastic-net logistic,123
UM0773396,train,0.6009688530425432,GLMNet elastic-net logistic,123
UM0773600,train,0.5055035989781952,GLMNet elastic-net logistic,123
UM0773600,train,0.5055035989781952,GLMNet elastic-net logistic,123
UM0773694,train,0.46454209080512293,GLMNet elastic-net logistic,123
UM0773694,test,0.46454209080512293,GLMNet elastic-net logistic,123
UM0773709,train,0.45368717914233214,GLMNet elastic-net logistic,123
UM0773709,test,0.45368717914233214,GLMNet elastic-net logistic,123
UM0774313,train,0.4445906354616386,GLMNet elastic-net logistic,123
UM0775068,train,0.4376444680480182,GLMNet elastic-net logistic,123
UM0775068,test,0.4376444680480182,GLMNet elastic-net logistic,123
UM0775160,train,0.515316717962271,GLMNet elastic-net logistic,123
UM0775756,train,0.2542971685133337,GLMNet elastic-net logistic,123
UM0775968,train,0.7076292367411531,GLMNet elastic-net logistic,123
UM0777521,train,0.5003725059514494,GLMNet elastic-net logistic,123
UM0777521,train,0.5046712169730567,GLMNet elastic-net logistic,123
UM0777536,train,0.501066379293798,GLMNet elastic-net logistic,123
UM0777536,train,0.501066379293798,GLMNet elastic-net logistic,123
UM0777639,test,0.7680610149709618,GLMNet elastic-net logistic,123
UM0777639,train,0.6370509634127254,GLMNet elastic-net logistic,123
UM0777639,train,0.6370509634127254,GLMNet elastic-net logistic,123
UM0777767,test,0.5615292061031012,GLMNet elastic-net logistic,123
UM0777787,train,0.95,GLMNet elastic-net logistic,123
UM0777787,train,0.95,GLMNet elastic-net logistic,123
UM0777787,train,0.95,GLMNet elastic-net logistic,123
UM0777787,test,0.95,GLMNet elastic-net logistic,123
UM0777898,train,0.95,GLMNet elastic-net logistic,123
UM0778008,train,0.33044726671753744,GLMNet elastic-net logistic,123
UM0778008,train,0.33044726671753744,GLMNet elastic-net logistic,123
UM0778084,train,0.2898718332705543,GLMNet elastic-net logistic,123
UM0778084,test,0.2898718332705543,GLMNet elastic-net logistic,123
UM0778112,train,0.2476315676541534,GLMNet elastic-net logistic,123
UM0778112,train,0.2476315676541534,GLMNet elastic-net logistic,123
UM0778188,train,0.6227331087803328,GLMNet elastic-net logistic,123
UM0778188,test,0.6872862892566328,GLMNet elastic-net logistic,123
UM0778188,train,0.6227331087803328,GLMNet elastic-net logistic,123
UM0778391,test,0.5165412861102596,GLMNet elastic-net logistic,123
UM0778537,test,0.49197469761882734,GLMNet elastic-net logistic,123
UM0778537,train,0.49197469761882734,GLMNet elastic-net logistic,123
UM0778542,train,0.6032635494958113,GLMNet elastic-net logistic,123
UM0778627,train,0.3946380738971478,GLMNet elastic-net logistic,123
UM0778913,train,0.663666139342209,GLMNet elastic-net logistic,123
UM0779014,train,0.6400226944657323,GLMNet elastic-net logistic,123
UM0779014,test,0.6400226944657323,GLMNet elastic-net logistic,123
UM0779014,train,0.7842980357334101,GLMNet elastic-net logistic,123
UM0779020,train,0.7203560920296199,GLMNet elastic-net logistic,123
UM0779020,train,0.7203560920296199,GLMNet elastic-net logistic,123
UM0779171,test,0.9096491597175128,GLMNet elastic-net logistic,123
UM0779171,test,0.9096491597175128,GLMNet elastic-net logistic,123
UM0779192,train,0.4518469196524618,GLMNet elastic-net logistic,123
UM0779192,train,0.4518469196524618,GLMNet elastic-net logistic,123
UM0779235,train,0.6214079940399616,GLMNet elastic-net logistic,123
UM0779276,train,0.7303359457478591,GLMNet elastic-net logistic,123
UM0779456,test,0.4125264560323539,GLMNet elastic-net logistic,123
UM0779645,train,0.39992122060098034,GLMNet elastic-net logistic,123
UM0779678,test,0.5940604674713117,GLMNet elastic-net logistic,123
UM0779678,train,0.5940604674713117,GLMNet elastic-net logistic,123
UM0779836,train,0.6135356358158809,GLMNet elastic-net logistic,123
UM0779836,train,0.6135356358158809,GLMNet elastic-net logistic,123
UM0779915,train,0.95,GLMNet elastic-net logistic,123
UM0779915,train,0.95,GLMNet elastic-net logistic,123
UM0779938,train,0.7218282501391603,GLMNet elastic-net logistic,123
UM0779938,test,0.6989727217147029,GLMNet elastic-net logistic,123
UM0780416,train,0.5499079940441407,GLMNet elastic-net logistic,123
UM0780416,train,0.5499079940441407,GLMNet elastic-net logistic,123
UM0780607,train,0.3571109129484246,GLMNet elastic-net logistic,123
UM0780835,train,0.95,GLMNet elastic-net logistic,123
UM0780835,train,0.95,GLMNet elastic-net logistic,123
UM0780907,train,0.6714258969069042,GLMNet elastic-net logistic,123
UM0780916,test,0.6136677420677901,GLMNet elastic-net logistic,123
UM0780916,train,0.6136677420677901,GLMNet elastic-net logistic,123
UM0780964,train,0.6457067643602008,GLMNet elastic-net logistic,123
UM0781056,test,0.8455562259363462,GLMNet elastic-net logistic,123
UM0781056,train,0.8455562259363462,GLMNet elastic-net logistic,123
UM0781056,test,0.8827251713427524,GLMNet elastic-net logistic,123
UM0781056,train,0.8455562259363462,GLMNet elastic-net logistic,123
UM0781056,train,0.8455562259363462,GLMNet elastic-net logistic,123
UM0781208,test,0.3565351526994465,GLMNet elastic-net logistic,123
UM0781208,train,0.3565351526994465,GLMNet elastic-net logistic,123
UM0781293,test,0.5496060892264881,GLMNet elastic-net logistic,123
UM0781293,train,0.5496060892264881,GLMNet elastic-net logistic,123
UM0781302,train,0.6920906436418365,GLMNet elastic-net logistic,123
UM0781302,train,0.6920906436418365,GLMNet elastic-net logistic,123
UM0781302,train,0.6421021889638182,GLMNet elastic-net logistic,123
UM0781454,test,0.6743845457058831,GLMNet elastic-net logistic,123
UM0781454,test,0.6743845457058831,GLMNet elastic-net logistic,123
UM0781515,train,0.528516345758507,GLMNet elastic-net logistic,123
UM0781515,train,0.528516345758507,GLMNet elastic-net logistic,123
UM0781639,train,0.9437614518697045,GLMNet elastic-net logistic,123
UM0781639,test,0.9437614518697045,GLMNet elastic-net logistic,123
UM0781639,train,0.9348097229626898,GLMNet elastic-net logistic,123
UM0781645,train,0.8493652059789907,GLMNet elastic-net logistic,123
UM0781799,train,0.7188170679108022,GLMNet elastic-net logistic,123
UM0781799,train,0.7188170679108022,GLMNet elastic-net logistic,123
UM0781812,train,0.4483290313814629,GLMNet elastic-net logistic,123
UM0781812,train,0.4483290313814629,GLMNet elastic-net logistic,123
UM0781908,train,0.9379707232672538,GLMNet elastic-net logistic,123
UM0782082,train,0.5867952422448448,GLMNet elastic-net logistic,123
UM0782150,train,0.6652287372967741,GLMNet elastic-net logistic,123
UM0782298,train,0.4607634169985642,GLMNet elastic-net logistic,123
UM0782298,train,0.4607634169985642,GLMNet elastic-net logistic,123
UM0782624,train,0.30546298963449836,GLMNet elastic-net logistic,123
UM0782763,train,0.95,GLMNet elastic-net logistic,123
UM0782837,test,0.6021468057800965,GLMNet elastic-net logistic,123
UM0782837,test,0.6021468057800965,GLMNet elastic-net logistic,123
UM0783427,test,0.05,GLMNet elastic-net logistic,123
UM0783427,train,0.05,GLMNet elastic-net logistic,123
UM0783722,train,0.8139809816898131,GLMNet elastic-net logistic,123
UM0783722,train,0.8139809816898131,GLMNet elastic-net logistic,123
UM0783783,test,0.441156221449843,GLMNet elastic-net logistic,123
UM0783891,train,0.837206504742415,GLMNet elastic-net logistic,123
UM0783891,train,0.8348493049991963,GLMNet elastic-net logistic,123
UM0783979,test,0.7297576883838522,GLMNet elastic-net logistic,123
UM0783979,train,0.7263531953809524,GLMNet elastic-net logistic,123
UM0784090,train,0.4081025778204703,GLMNet elastic-net logistic,123
UM0784208,train,0.27411428346099787,GLMNet elastic-net logistic,123
UM0784208,train,0.27411428346099787,GLMNet elastic-net logistic,123
UM0784261,train,0.4324843142546019,GLMNet elastic-net logistic,123
UM0784261,test,0.4282688481424285,GLMNet elastic-net logistic,123
UM0784347,test,0.7723002167938045,GLMNet elastic-net logistic,123
UM0784347,train,0.7723002167938045,GLMNet elastic-net logistic,123
UM0784526,train,0.6663950730822126,GLMNet elastic-net logistic,123
UM0784572,test,0.697978520600813,GLMNet elastic-net logistic,123
UM0784572,train,0.697978520600813,GLMNet elastic-net logistic,123
UM0784613,train,0.9072406301868492,GLMNet elastic-net logistic,123
UM0784613,train,0.9057833824628891,GLMNet elastic-net logistic,123
UM0784660,train,0.9458663607318348,GLMNet elastic-net logistic,123
UM0784881,train,0.6017804371209746,GLMNet elastic-net logistic,123
UM0784921,train,0.4549239571395783,GLMNet elastic-net logistic,123
UM0784959,test,0.6394916974024123,GLMNet elastic-net logistic,123
UM0784959,train,0.6394916974024123,GLMNet elastic-net logistic,123
UM0785042,test,0.95,GLMNet elastic-net logistic,123
UM0785042,train,0.95,GLMNet elastic-net logistic,123
UM0785171,train,0.48986920459144173,GLMNet elastic-net logistic,123
UM0785171,test,0.48986920459144173,GLMNet elastic-net logistic,123
UM0785242,test,0.32792992724680414,GLMNet elastic-net logistic,123
UM0785242,train,0.32792992724680414,GLMNet elastic-net logistic,123
UM0785349,train,0.8611790613271344,GLMNet elastic-net logistic,123
UM0785403,train,0.678174850406104,GLMNet elastic-net logistic,123
UM0785697,train,0.39380387107499715,GLMNet elastic-net logistic,123
UM0785697,test,0.39380387107499715,GLMNet elastic-net logistic,123
UM0785742,train,0.8365450168254059,GLMNet elastic-net logistic,123
UM0785742,train,0.8365450168254059,GLMNet elastic-net logistic,123
UM0785784,train,0.6861981720073408,GLMNet elastic-net logistic,123
UM0785784,train,0.6861981720073408,GLMNet elastic-net logistic,123
UM0786081,train,0.05,GLMNet elastic-net logistic,123
UM0786256,train,0.4253406016640977,GLMNet elastic-net logistic,123
UM0786266,train,0.5604038554243409,GLMNet elastic-net logistic,123
UM0786266,test,0.5604038554243409,GLMNet elastic-net logistic,123
UM0786266,test,0.5604038554243409,GLMNet elastic-net logistic,123
UM0786266,train,0.5604038554243409,GLMNet elastic-net logistic,123
UM0786395,test,0.95,GLMNet elastic-net logistic,123
UM0786668,train,0.41998203352948543,GLMNet elastic-net logistic,123
UM0786669,train,0.40193907966306247,GLMNet elastic-net logistic,123
UM0786694,train,0.2887432396032589,GLMNet elastic-net logistic,123
UM0786694,train,0.2887432396032589,GLMNet elastic-net logistic,123
UM0786704,train,0.95,GLMNet elastic-net logistic,123
UM0786704,train,0.95,GLMNet elastic-net logistic,123
UM0786768,train,0.5565517162087075,GLMNet elastic-net logistic,123
UM0787088,train,0.10537819740074857,GLMNet elastic-net logistic,123
UM0787088,train,0.10376809108722139,GLMNet elastic-net logistic,123
UM0787136,train,0.4036650780150026,GLMNet elastic-net logistic,123
UM0787136,train,0.4036650780150026,GLMNet elastic-net logistic,123
UM0787156,train,0.6282104168870489,GLMNet elastic-net logistic,123
UM0787156,test,0.6282104168870489,GLMNet elastic-net logistic,123
UM0787255,train,0.5565267442622753,GLMNet elastic-net logistic,123
UM0787255,train,0.5565267442622753,GLMNet elastic-net logistic,123
UM0787295,train,0.8039496529239535,GLMNet elastic-net logistic,123
UM0787295,train,0.8012252365431461,GLMNet elastic-net logistic,123
UM0787601,test,0.95,GLMNet elastic-net logistic,123
UM0787686,train,0.5064408346058314,GLMNet elastic-net logistic,123
UM0787686,train,0.5107383862722451,GLMNet elastic-net logistic,123
UM0787838,train,0.6471999803235314,GLMNet elastic-net logistic,123
UM0787838,test,0.6471999803235314,GLMNet elastic-net logistic,123
UM0787850,test,0.05,GLMNet elastic-net logistic,123
UM0787850,train,0.05,GLMNet elastic-net logistic,123
UM0787879,train,0.5902314947524919,GLMNet elastic-net logistic,123
UM0788010,train,0.10393985342841627,GLMNet elastic-net logistic,123
UM0788010,train,0.10555231099193518,GLMNet elastic-net logistic,123
UM0788083,test,0.6870398826626111,GLMNet elastic-net logistic,123
UM0788176,train,0.7626507140260681,GLMNet elastic-net logistic,123
UM0788176,train,0.7626507140260681,GLMNet elastic-net logistic,123
UM0788251,train,0.670550169051086,GLMNet elastic-net logistic,123
UM0788278,test,0.5458111906782136,GLMNet elastic-net logistic,123
UM0788369,train,0.5980515976130756,GLMNet elastic-net logistic,123
UM0788473,train,0.16024634096786636,GLMNet elastic-net logistic,123
UM0788529,test,0.8327987284810158,GLMNet elastic-net logistic,123
UM0788849,train,0.5684568070562342,GLMNet elastic-net logistic,123
UM0788849,train,0.6660525190496448,GLMNet elastic-net logistic,123
UM0788849,train,0.6660525190496448,GLMNet elastic-net logistic,123
UM0789024,train,0.6182526113254788,GLMNet elastic-net logistic,123
UM0789024,train,0.6182526113254788,GLMNet elastic-net logistic,123
UM0789148,train,0.541538011723548,GLMNet elastic-net logistic,123
UM0789148,test,0.5372658877410661,GLMNet elastic-net logistic,123
UM0789182,test,0.47816613655050494,GLMNet elastic-net logistic,123
UM0789182,train,0.47816613655050494,GLMNet elastic-net logistic,123
UM0789479,train,0.44560178068488415,GLMNet elastic-net logistic,123
UM0789479,test,0.44560178068488415,GLMNet elastic-net logistic,123
UM0789621,test,0.8168501970438911,GLMNet elastic-net logistic,123
UM0789670,test,0.59204642360569,GLMNet elastic-net logistic,123
UM0789670,test,0.59204642360569,GLMNet elastic-net logistic,123
UM0789741,train,0.36360752091876763,GLMNet elastic-net logistic,123
UM0789741,test,0.36759573894865116,GLMNet elastic-net logistic,123
UM0789820,test,0.7299769429838567,GLMNet elastic-net logistic,123
UM0789824,test,0.942260256637771,GLMNet elastic-net logistic,123
UM0789907,test,0.6968470281506729,GLMNet elastic-net logistic,123
UM0789907,test,0.6968470281506729,GLMNet elastic-net logistic,123
UM0789967,train,0.38318274793456125,GLMNet elastic-net logistic,123
UM0789967,test,0.38318274793456125,GLMNet elastic-net logistic,123
UM0790118,train,0.9368717823416213,GLMNet elastic-net logistic,123
UM0790118,train,0.9368717823416213,GLMNet elastic-net logistic,123
UM0790309,train,0.482799040476707,GLMNet elastic-net logistic,123
UM0790309,train,0.48709396420191164,GLMNet elastic-net logistic,123
UM0790326,train,0.3590090538128464,GLMNet elastic-net logistic,123
UM0790326,test,0.3590090538128464,GLMNet elastic-net logistic,123
UM0790326,train,0.3335235540650861,GLMNet elastic-net logistic,123
UM0790397,test,0.31908612364401634,GLMNet elastic-net logistic,123
UM0790529,train,0.9173013794180511,GLMNet elastic-net logistic,123
UM0790600,train,0.95,GLMNet elastic-net logistic,123
UM0790600,train,0.95,GLMNet elastic-net logistic,123
UM0790704,test,0.44735765473587075,GLMNet elastic-net logistic,123
UM0790704,train,0.44735765473587075,GLMNet elastic-net logistic,123
UM0790704,train,0.6193251582081923,GLMNet elastic-net logistic,123
UM0790741,test,0.5647604233984967,GLMNet elastic-net logistic,123
UM0790835,train,0.8597139728762362,GLMNet elastic-net logistic,123
UM0790835,test,0.8597139728762362,GLMNet elastic-net logistic,123
UM0791048,train,0.95,GLMNet elastic-net logistic,123
UM0791110,test,0.9452957449007316,GLMNet elastic-net logistic,123
UM0791110,train,0.9452957449007316,GLMNet elastic-net logistic,123
UM0791247,train,0.19561458209104132,GLMNet elastic-net logistic,123
UM0791480,train,0.6101381059798116,GLMNet elastic-net logistic,123
UM0791625,train,0.644437578993667,GLMNet elastic-net logistic,123
UM0791625,train,0.644437578993667,GLMNet elastic-net logistic,123
UM0792036,train,0.7392102762153929,GLMNet elastic-net logistic,123
UM0792073,train,0.46462034837557575,GLMNet elastic-net logistic,123
UM0792111,train,0.15897740185948964,GLMNet elastic-net logistic,123
UM0792111,train,0.15897740185948964,GLMNet elastic-net logistic,123
UM0792246,test,0.6199309188187001,GLMNet elastic-net logistic,123
UM0792246,test,0.6199309188187001,GLMNet elastic-net logistic,123
UM0792281,train,0.6188473054777703,GLMNet elastic-net logistic,123
UM0792281,test,0.6188473054777703,GLMNet elastic-net logistic,123
UM0792528,train,0.3739964285035296,GLMNet elastic-net logistic,123
UM0792528,test,0.3780309079360392,GLMNet elastic-net logistic,123
UM0792541,test,0.5697556984006056,GLMNet elastic-net logistic,123
UM0792541,test,0.5697556984006056,GLMNet elastic-net logistic,123
UM0792568,train,0.23421561031538482,GLMNet elastic-net logistic,123
UM0792759,train,0.6897407453754604,GLMNet elastic-net logistic,123
UM0792805,train,0.8753583847998846,GLMNet elastic-net logistic,123
UM0792883,train,0.5775448291220378,GLMNet elastic-net logistic,123
UM0792885,train,0.6064014044371204,GLMNet elastic-net logistic,123
UM0792885,train,0.6064014044371204,GLMNet elastic-net logistic,123
UM0793019,train,0.8667943388439591,GLMNet elastic-net logistic,123
UM0793019,train,0.8667943388439591,GLMNet elastic-net logistic,123
UM0793047,train,0.6489513282416641,GLMNet elastic-net logistic,123
UM0793081,train,0.6974988540625303,GLMNet elastic-net logistic,123
UM0793081,test,0.6974988540625303,GLMNet elastic-net logistic,123
UM0793116,train,0.46035633484767663,GLMNet elastic-net logistic,123
UM0793116,train,0.46035633484767663,GLMNet elastic-net logistic,123
UM0793340,test,0.4819981134653714,GLMNet elastic-net logistic,123
UM0793340,test,0.4819981134653714,GLMNet elastic-net logistic,123
UM0793358,train,0.8300583701983169,GLMNet elastic-net logistic,123
UM0793444,test,0.750780302611751,GLMNet elastic-net logistic,123
UM0793444,test,0.750780302611751,GLMNet elastic-net logistic,123
UM0793663,train,0.3688726000777729,GLMNet elastic-net logistic,123
UM0793663,test,0.3688726000777729,GLMNet elastic-net logistic,123
UM0793687,test,0.36395469178267265,GLMNet elastic-net logistic,123
UM0793687,train,0.6466117088620444,GLMNet elastic-net logistic,123
UM0793687,train,0.36395469178267265,GLMNet elastic-net logistic,123
UM0793708,test,0.32246880818758056,GLMNet elastic-net logistic,123
UM0793805,train,0.5089372387072101,GLMNet elastic-net logistic,123
UM0793858,train,0.95,GLMNet elastic-net logistic,123
UM0793904,train,0.642048797153719,GLMNet elastic-net logistic,123
UM0793904,train,0.6380873378376601,GLMNet elastic-net logistic,123
UM0793966,test,0.3290760180781731,GLMNet elastic-net logistic,123
UM0793966,test,0.3290760180781731,GLMNet elastic-net logistic,123
UM0793973,test,0.30954737518810044,GLMNet elastic-net logistic,123
UM0793973,train,0.30954737518810044,GLMNet elastic-net logistic,123
UM0794002,train,0.8860300707188795,GLMNet elastic-net logistic,123
UM0794032,train,0.8770293204193488,GLMNet elastic-net logistic,123
UM0794158,train,0.8601329867466728,GLMNet elastic-net logistic,123
UM0794175,test,0.7044284425690673,GLMNet elastic-net logistic,123
UM0794175,test,0.7044284425690673,GLMNet elastic-net logistic,123
UM0794358,test,0.716712174566287,GLMNet elastic-net logistic,123
UM0794485,test,0.35361556988695914,GLMNet elastic-net logistic,123
UM0794566,test,0.2911711123565244,GLMNet elastic-net logistic,123
UM0794604,test,0.4420473693085799,GLMNet elastic-net logistic,123
UM0794853,train,0.6278125968981612,GLMNet elastic-net logistic,123
UM0794921,test,0.7017885379450297,GLMNet elastic-net logistic,123
UM0794921,train,0.7017885379450297,GLMNet elastic-net logistic,123
UM0794921,train,0.6810169996439959,GLMNet elastic-net logistic,123
UM0794921,test,0.7017885379450297,GLMNet elastic-net logistic,123
UM0794921,train,0.7017885379450297,GLMNet elastic-net logistic,123
UM0795209,train,0.5953487199581756,GLMNet elastic-net logistic,123
UM0795233,train,0.30545705708424464,GLMNet elastic-net logistic,123
UM0795233,train,0.30182125552431327,GLMNet elastic-net logistic,123
UM0795238,test,0.33154034011592676,GLMNet elastic-net logistic,123
UM0795238,train,0.33154034011592676,GLMNet elastic-net logistic,123
UM0795300,train,0.9098774258444708,GLMNet elastic-net logistic,123
UM0795300,train,0.9098774258444708,GLMNet elastic-net logistic,123
UM0795443,train,0.7026007492829891,GLMNet elastic-net logistic,123
UM0795620,train,0.15495149789277193,GLMNet elastic-net logistic,123
UM0795620,train,0.15495149789277193,GLMNet elastic-net logistic,123
UM0795752,train,0.05,GLMNet elastic-net logistic,123
UM0795760,train,0.6546564954778563,GLMNet elastic-net logistic,123
UM0795774,train,0.4623141369845478,GLMNet elastic-net logistic,123
UM0795798,test,0.700756224952512,GLMNet elastic-net logistic,123
UM0796036,train,0.6641960218539963,GLMNet elastic-net logistic,123
UM0796036,train,0.3971424899996777,GLMNet elastic-net logistic,123
UM0796036,test,0.3971424899996777,GLMNet elastic-net logistic,123
UM0796101,train,0.9187531956407813,GLMNet elastic-net logistic,123
UM0796258,test,0.5523839101635654,GLMNet elastic-net logistic,123
UM0796264,train,0.5756501425291253,GLMNet elastic-net logistic,123
UM0796264,train,0.5756501425291253,GLMNet elastic-net logistic,123
UM0796337,train,0.5766584706723129,GLMNet elastic-net logistic,123
UM0796337,train,0.5724552358479614,GLMNet elastic-net logistic,123
UM0796365,test,0.7215939312294497,GLMNet elastic-net logistic,123
UM0796365,train,0.7215939312294497,GLMNet elastic-net logistic,123
UM0796445,test,0.8303660522359906,GLMNet elastic-net logistic,123
UM0796515,test,0.4991993388733048,GLMNet elastic-net logistic,123
UM0796515,train,0.4991993388733048,GLMNet elastic-net logistic,123
UM0796823,train,0.48997177904041356,GLMNet elastic-net logistic,123
UM0796823,train,0.48997177904041356,GLMNet elastic-net logistic,123
UM0796837,train,0.6492944683964837,GLMNet elastic-net logistic,123
UM0796864,train,0.4514382105633153,GLMNet elastic-net logistic,123
UM0796864,train,0.44718357230041367,GLMNet elastic-net logistic,123
UM0796864,train,0.5654931923065423,GLMNet elastic-net logistic,123
UM0796872,train,0.7431880718173226,GLMNet elastic-net logistic,123
UM0796872,train,0.7398924676371461,GLMNet elastic-net logistic,123
UM0796876,test,0.0809815101926138,GLMNet elastic-net logistic,123
UM0796876,train,0.0809815101926138,GLMNet elastic-net logistic,123
UM0796883,test,0.24684201776839346,GLMNet elastic-net logistic,123
UM0796883,train,0.24684201776839346,GLMNet elastic-net logistic,123
UM0796894,train,0.14409739748823538,GLMNet elastic-net logistic,123
UM0796894,train,0.14198958446972187,GLMNet elastic-net logistic,123
UM0796923,train,0.08039146533594549,GLMNet elastic-net logistic,123
UM0797045,train,0.8919200058323249,GLMNet elastic-net logistic,123
UM0797134,train,0.5872719614344641,GLMNet elastic-net logistic,123
UM0797134,train,0.5872719614344641,GLMNet elastic-net logistic,123
UM0797134,train,0.541484093756613,GLMNet elastic-net logistic,123
UM0797267,train,0.6122080662756588,GLMNet elastic-net logistic,123
UM0797312,train,0.4067905967433123,GLMNet elastic-net logistic,123
UM0797445,test,0.43057189112852,GLMNet elastic-net logistic,123
UM0797482,train,0.5487138587984729,GLMNet elastic-net logistic,123
UM0797482,test,0.5487138587984729,GLMNet elastic-net logistic,123
UM0797545,train,0.5216568788207735,GLMNet elastic-net logistic,123
UM0797545,test,0.5216568788207735,GLMNet elastic-net logistic,123
UM0797603,train,0.5752967059446665,GLMNet elastic-net logistic,123
UM0797687,test,0.9148816473690963,GLMNet elastic-net logistic,123
UM0797687,test,0.9148816473690963,GLMNet elastic-net logistic,123
UM0797740,test,0.701152604879358,GLMNet elastic-net logistic,123
UM0797778,test,0.29728858491160803,GLMNet elastic-net logistic,123
UM0797778,test,0.29728858491160803,GLMNet elastic-net logistic,123
UM0797779,train,0.22711200379676963,GLMNet elastic-net logistic,123
UM0797855,test,0.6835661522280914,GLMNet elastic-net logistic,123
UM0797855,test,0.6872737797140434,GLMNet elastic-net logistic,123
UM0797963,train,0.6982015990101407,GLMNet elastic-net logistic,123
UM0797967,train,0.48814402840238974,GLMNet elastic-net logistic,123
UM0797967,train,0.48814402840238974,GLMNet elastic-net logistic,123
UM0798002,train,0.14024610651155836,GLMNet elastic-net logistic,123
UM0798002,train,0.1381855336362375,GLMNet elastic-net logistic,123
UM0798108,train,0.5314950326028568,GLMNet elastic-net logistic,123
UM0798175,test,0.5457474163651193,GLMNet elastic-net logistic,123
UM0798180,test,0.6118960396511968,GLMNet elastic-net logistic,123
UM0798257,train,0.9294676143289549,GLMNet elastic-net logistic,123
UM0798334,train,0.17074224413790648,GLMNet elastic-net logistic,123
UM0798334,train,0.17074224413790648,GLMNet elastic-net logistic,123
UM0798385,train,0.6395653684989131,GLMNet elastic-net logistic,123
UM0798459,test,0.40833697492611293,GLMNet elastic-net logistic,123
UM0798564,train,0.8240891609870805,GLMNet elastic-net logistic,123
UM0798583,test,0.31477716576647613,GLMNet elastic-net logistic,123
UM0798583,train,0.31477716576647613,GLMNet elastic-net logistic,123
UM0798699,train,0.29537388032135614,GLMNet elastic-net logistic,123
UM0798699,test,0.29896527279268753,GLMNet elastic-net logistic,123
UM0798765,train,0.5741484369775336,GLMNet elastic-net logistic,123
UM0798765,test,0.5741484369775336,GLMNet elastic-net logistic,123
UM0798917,test,0.35990489531994313,GLMNet elastic-net logistic,123
UM0798917,train,0.35990489531994313,GLMNet elastic-net logistic,123
UM0798943,test,0.8319233023193294,GLMNet elastic-net logistic,123
UM0799166,test,0.7708454967944087,GLMNet elastic-net logistic,123
UM0799166,train,0.7708454967944087,GLMNet elastic-net logistic,123
UM0799289,train,0.4437739712037134,GLMNet elastic-net logistic,123
UM0799289,test,0.4437739712037134,GLMNet elastic-net logistic,123
UM0799295,train,0.4963987834323687,GLMNet elastic-net logistic,123
UM0799354,train,0.6818446536688201,GLMNet elastic-net logistic,123
UM0799354,train,0.7571655340701154,GLMNet elastic-net logistic,123
UM0799354,train,0.7571655340701154,GLMNet elastic-net logistic,123
UM0799376,train,0.47221676161757187,GLMNet elastic-net logistic,123
UM0799376,train,0.47221676161757187,GLMNet elastic-net logistic,123
UM0799376,train,0.5952254710881477,GLMNet elastic-net logistic,123
UM0799490,train,0.4039274036742218,GLMNet elastic-net logistic,123
UM0799490,train,0.4039274036742218,GLMNet elastic-net logistic,123
UM0799514,train,0.3267200766463262,GLMNet elastic-net logistic,123
UM0799514,train,0.3267200766463262,GLMNet elastic-net logistic,123
UM0799562,test,0.6086924062298192,GLMNet elastic-net logistic,123
UM0799562,train,0.6086924062298192,GLMNet elastic-net logistic,123
UM0799573,train,0.3405063841152467,GLMNet elastic-net logistic,123
UM0799573,train,0.3405063841152467,GLMNet elastic-net logistic,123
UM0799596,test,0.2818221482333962,GLMNet elastic-net logistic,123
UM0799605,train,0.3687092306533128,GLMNet elastic-net logistic,123
UM0799724,train,0.9054350192219941,GLMNet elastic-net logistic,123
UM0799845,train,0.95,GLMNet elastic-net logistic,123
UM0799845,train,0.95,GLMNet elastic-net logistic,123
UM0799872,train,0.6540910502126973,GLMNet elastic-net logistic,123
UM0799919,train,0.8916008234909295,GLMNet elastic-net logistic,123
UM0799981,train,0.9085118570504911,GLMNet elastic-net logistic,123
UM0800475,test,0.3159046318363604,GLMNet elastic-net logistic,123
UM0800544,train,0.5222169677661124,GLMNet elastic-net logistic,123
UM0800544,test,0.5222169677661124,GLMNet elastic-net logistic,123
UM0800568,train,0.05,GLMNet elastic-net logistic,123
UM0800608,test,0.692775143128271,GLMNet elastic-net logistic,123
UM0800741,train,0.9432396803710762,GLMNet elastic-net logistic,123
UM0800820,test,0.9337533164275295,GLMNet elastic-net logistic,123
UM0800820,train,0.9337533164275295,GLMNet elastic-net logistic,123
UM0800937,test,0.18583718522563392,GLMNet elastic-net logistic,123
UM0801113,test,0.46800598652146463,GLMNet elastic-net logistic,123
UM0801113,test,0.46800598652146463,GLMNet elastic-net logistic,123
UM0801113,train,0.44433637632945616,GLMNet elastic-net logistic,123
UM0801287,test,0.32917762849246707,GLMNet elastic-net logistic,123
UM0801474,test,0.3699197927157613,GLMNet elastic-net logistic,123
UM0801474,test,0.3699197927157613,GLMNet elastic-net logistic,123
UM0801634,train,0.3149101354038302,GLMNet elastic-net logistic,123
UM0801698,train,0.6177867040830792,GLMNet elastic-net logistic,123
UM0801698,train,0.6436638546070099,GLMNet elastic-net logistic,123
UM0801939,train,0.45895679421882885,GLMNet elastic-net logistic,123
UM0801990,train,0.6118837900349147,GLMNet elastic-net logistic,123
UM0802108,train,0.31459663478796357,GLMNet elastic-net logistic,123
UM0802245,train,0.8996572152106066,GLMNet elastic-net logistic,123
UM0802245,test,0.8996572152106066,GLMNet elastic-net logistic,123
UM0802289,test,0.48491077788051873,GLMNet elastic-net logistic,123
UM0802331,test,0.7011699251192269,GLMNet elastic-net logistic,123
UM0802491,train,0.5374421028348716,GLMNet elastic-net logistic,123
UM0802491,train,0.5374421028348716,GLMNet elastic-net logistic,123
UM0802557,train,0.95,GLMNet elastic-net logistic,123
UM0802579,test,0.6283850917949559,GLMNet elastic-net logistic,123
UM0802617,train,0.758795754384833,GLMNet elastic-net logistic,123
UM0802617,train,0.7556345831506891,GLMNet elastic-net logistic,123
UM0802640,train,0.7727314206958968,GLMNet elastic-net logistic,123
UM0802640,test,0.7727314206958968,GLMNet elastic-net logistic,123
UM0802665,train,0.3017009149877127,GLMNet elastic-net logistic,123
UM0802809,train,0.5267514197595728,GLMNet elastic-net logistic,123
UM0802930,train,0.1483578592905194,GLMNet elastic-net logistic,123
UM0802930,train,0.1483578592905194,GLMNet elastic-net logistic,123
UM0803106,train,0.6450055517621903,GLMNet elastic-net logistic,123
UM0803199,train,0.5788206348013617,GLMNet elastic-net logistic,123
UM0803199,train,0.5788206348013617,GLMNet elastic-net logistic,123
UM0803221,train,0.43489158793819827,GLMNet elastic-net logistic,123
UM0803411,train,0.5106701035488295,GLMNet elastic-net logistic,123
UM0803411,train,0.5445852453650031,GLMNet elastic-net logistic,123
UM0803411,test,0.5106701035488295,GLMNet elastic-net logistic,123
UM0803577,test,0.518189838941541,GLMNet elastic-net logistic,123
UM0803906,test,0.3880069093000119,GLMNet elastic-net logistic,123
UM0803906,train,0.3880069093000119,GLMNet elastic-net logistic,123
UM0803955,train,0.17699371230460395,GLMNet elastic-net logistic,123
UM0803955,train,0.17699371230460395,GLMNet elastic-net logistic,123
UM0804105,test,0.4539841651707189,GLMNet elastic-net logistic,123
UM0804105,train,0.4582498717154479,GLMNet elastic-net logistic,123
UM0804285,train,0.6012989379398564,GLMNet elastic-net logistic,123
UM0804285,train,0.6012989379398564,GLMNet elastic-net logistic,123
UM0804406,train,0.5161359896807115,GLMNet elastic-net logistic,123
UM0804552,train,0.4420283038021923,GLMNet elastic-net logistic,123
UM0804686,train,0.9320414249186553,GLMNet elastic-net logistic,123
UM0804824,train,0.7929205255903039,GLMNet elastic-net logistic,123
UM0804824,train,0.7929205255903039,GLMNet elastic-net logistic,123
UM0805094,train,0.8464900672156916,GLMNet elastic-net logistic,123
UM0805144,train,0.5521328718273901,GLMNet elastic-net logistic,123
UM0805144,test,0.5521328718273901,GLMNet elastic-net logistic,123
UM0805278,train,0.45383447967860147,GLMNet elastic-net logistic,123
UM0805278,train,0.45383447967860147,GLMNet elastic-net logistic,123
UM0805300,test,0.6372167806327087,GLMNet elastic-net logistic,123
UM0805454,train,0.3643497330873553,GLMNet elastic-net logistic,123
UM0805454,train,0.3603766637761925,GLMNet elastic-net logistic,123
UM0805504,test,0.3011529377256639,GLMNet elastic-net logistic,123
UM0805504,test,0.3047842030554085,GLMNet elastic-net logistic,123
UM0805658,train,0.9478922488081923,GLMNet elastic-net logistic,123
UM0805904,train,0.21679535079878687,GLMNet elastic-net logistic,123
UM0805904,train,0.21679535079878687,GLMNet elastic-net logistic,123
UM0805995,test,0.515887920654528,GLMNet elastic-net logistic,123
UM0805995,test,0.515887920654528,GLMNet elastic-net logistic,123
UM0806012,test,0.8890398764273156,GLMNet elastic-net logistic,123
UM0806012,train,0.8890398764273156,GLMNet elastic-net logistic,123
UM0806119,train,0.6578312746534424,GLMNet elastic-net logistic,123
UM0806119,train,0.6616912013509085,GLMNet elastic-net logistic,123
UM0806257,train,0.8029540421283298,GLMNet elastic-net logistic,123
UM0806274,train,0.359438745690765,GLMNet elastic-net logistic,123
UM0806274,train,0.359438745690765,GLMNet elastic-net logistic,123
UM0806432,test,0.674895900871192,GLMNet elastic-net logistic,123
UM0806592,train,0.3304548869332439,GLMNet elastic-net logistic,123
UM0806592,test,0.30849800694127744,GLMNet elastic-net logistic,123
UM0806592,train,0.3304548869332439,GLMNet elastic-net logistic,123
UM0806800,train,0.2825748554988913,GLMNet elastic-net logistic,123
UM0806809,test,0.44268866645469823,GLMNet elastic-net logistic,123
UM0806809,train,0.44268866645469823,GLMNet elastic-net logistic,123
UM0807133,test,0.4122735860907361,GLMNet elastic-net logistic,123
UM0807133,test,0.4122735860907361,GLMNet elastic-net logistic,123
UM0807271,train,0.4275040439307292,GLMNet elastic-net logistic,123
UM0807423,train,0.38542276120517505,GLMNet elastic-net logistic,123
UM0807529,train,0.38186326202491994,GLMNet elastic-net logistic,123
UM0807581,train,0.5708900894329738,GLMNet elastic-net logistic,123
UM0807581,train,0.5708900894329738,GLMNet elastic-net logistic,123
UM0807745,test,0.5677277636915332,GLMNet elastic-net logistic,123
UM0807745,train,0.5677277636915332,GLMNet elastic-net logistic,123
UM0808100,test,0.5360444754125309,GLMNet elastic-net logistic,123
UM0808100,train,0.5360444754125309,GLMNet elastic-net logistic,123
UM0808111,train,0.4869379330099346,GLMNet elastic-net logistic,123
UM0808132,train,0.6986520674351636,GLMNet elastic-net logistic,123
UM0808272,test,0.7094292624355149,GLMNet elastic-net logistic,123
UM0808323,train,0.3654726824574322,GLMNet elastic-net logistic,123
UM0808344,train,0.5795965334059702,GLMNet elastic-net logistic,123
UM0808344,train,0.5795965334059702,GLMNet elastic-net logistic,123
UM0808396,train,0.811916760262734,GLMNet elastic-net logistic,123
UM0808396,test,0.7794653111116651,GLMNet elastic-net logistic,123
UM0808396,train,0.7794653111116651,GLMNet elastic-net logistic,123
UM0808426,test,0.6822319308295847,GLMNet elastic-net logistic,123
UM0808426,train,0.6822319308295847,GLMNet elastic-net logistic,123
UM0808456,train,0.5495608718792766,GLMNet elastic-net logistic,123
UM0808456,test,0.5495608718792766,GLMNet elastic-net logistic,123
UM0808506,train,0.5792500837884492,GLMNet elastic-net logistic,123
UM0808506,train,0.5834351274885194,GLMNet elastic-net logistic,123
UM0808659,train,0.95,GLMNet elastic-net logistic,123
UM0808659,test,0.95,GLMNet elastic-net logistic,123
UM0808810,train,0.7156969928552509,GLMNet elastic-net logistic,123
UM0808810,test,0.7156969928552509,GLMNet elastic-net logistic,123
UM0808835,test,0.20012188518235743,GLMNet elastic-net logistic,123
UM0808868,train,0.9194685207781924,GLMNet elastic-net logistic,123
UM0808956,train,0.5177104970322766,GLMNet elastic-net logistic,123
UM0809137,train,0.5214361920368533,GLMNet elastic-net logistic,123
UM0809137,test,0.5214361920368533,GLMNet elastic-net logistic,123
UM0809419,train,0.3870010639259976,GLMNet elastic-net logistic,123
UM0809444,train,0.730531031163913,GLMNet elastic-net logistic,123
UM0809444,test,0.730531031163913,GLMNet elastic-net logistic,123
UM0809656,train,0.05,GLMNet elastic-net logistic,123
UM0809758,train,0.36344528091934375,GLMNet elastic-net logistic,123
UM0809881,train,0.6559961472954812,GLMNet elastic-net logistic,123
UM0809940,train,0.6095689286940792,GLMNet elastic-net logistic,123
UM0809940,train,0.6095689286940792,GLMNet elastic-net logistic,123
UM0809956,test,0.6133366347153096,GLMNet elastic-net logistic,123
UM0809956,test,0.6133366347153096,GLMNet elastic-net logistic,123
UM0809988,test,0.35293386506653723,GLMNet elastic-net logistic,123
UM0809988,train,0.35293386506653723,GLMNet elastic-net logistic,123
UM0810041,train,0.38579166295054457,GLMNet elastic-net logistic,123
UM0810067,test,0.4603072916953118,GLMNet elastic-net logistic,123
UM0810177,test,0.23863688405547503,GLMNet elastic-net logistic,123
UM0810277,test,0.3066114742058717,GLMNet elastic-net logistic,123
UM0810368,test,0.19303907961123332,GLMNet elastic-net logistic,123
UM0810368,train,0.19303907961123332,GLMNet elastic-net logistic,123
UM0810373,test,0.4982086616700799,GLMNet elastic-net logistic,123
UM0810465,train,0.5527003618053802,GLMNet elastic-net logistic,123
UM0810539,train,0.6594232577678584,GLMNet elastic-net logistic,123
UM0810596,train,0.2953501852014498,GLMNet elastic-net logistic,123
UM0810596,train,0.2953501852014498,GLMNet elastic-net logistic,123
UM0810691,train,0.4839691548604538,GLMNet elastic-net logistic,123
UM0810719,train,0.30141003603585365,GLMNet elastic-net logistic,123
UM0810905,train,0.27059035855842783,GLMNet elastic-net logistic,123
UM0810905,test,0.2672099024963203,GLMNet elastic-net logistic,123
UM0810957,test,0.5368026296327822,GLMNet elastic-net logistic,123
UM0811026,train,0.05,GLMNet elastic-net logistic,123
UM0811026,train,0.05,GLMNet elastic-net logistic,123
UM0811107,train,0.6412009090482651,GLMNet elastic-net logistic,123
UM0811430,train,0.38969434591653007,GLMNet elastic-net logistic,123
UM0811526,train,0.2710031059119886,GLMNet elastic-net logistic,123
UM0811612,train,0.9190574764560435,GLMNet elastic-net logistic,123
UM0811612,train,0.9190574764560435,GLMNet elastic-net logistic,123
UM0811659,train,0.95,GLMNet elastic-net logistic,123
UM0811659,test,0.95,GLMNet elastic-net logistic,123
UM0811659,test,0.95,GLMNet elastic-net logistic,123
UM0811663,train,0.4290065540872796,GLMNet elastic-net logistic,123
UM0811727,train,0.33110538752966884,GLMNet elastic-net logistic,123
UM0811727,train,0.33110538752966884,GLMNet elastic-net logistic,123
UM0811898,train,0.9420867065027246,GLMNet elastic-net logistic,123
UM0811898,test,0.95,GLMNet elastic-net logistic,123
UM0811898,train,0.9420867065027246,GLMNet elastic-net logistic,123
UM0811956,train,0.6684681032304693,GLMNet elastic-net logistic,123
UM0812041,test,0.7903966658282279,GLMNet elastic-net logistic,123
UM0812043,test,0.8238525737993846,GLMNet elastic-net logistic,123
UM0812043,train,0.8213432757145837,GLMNet elastic-net logistic,123
UM0812243,train,0.7358292584666711,GLMNet elastic-net logistic,123
UM0812376,train,0.95,GLMNet elastic-net logistic,123
UM0812376,train,0.95,GLMNet elastic-net logistic,123
UM0812436,train,0.4970962772455365,GLMNet elastic-net logistic,123
UM0812436,test,0.4970962772455365,GLMNet elastic-net logistic,123
UM0812572,test,0.4198333768859455,GLMNet elastic-net logistic,123
UM0812572,train,0.4198333768859455,GLMNet elastic-net logistic,123
UM0812639,train,0.2965764405258897,GLMNet elastic-net logistic,123
UM0812639,train,0.2965764405258897,GLMNet elastic-net logistic,123
UM0812708,train,0.604761772896708,GLMNet elastic-net logistic,123
UM0812708,train,0.6006443301239192,GLMNet elastic-net logistic,123
UM0812710,train,0.42645240936285406,GLMNet elastic-net logistic,123
UM0812710,train,0.42645240936285406,GLMNet elastic-net logistic,123
UM0812739,train,0.8725398067400723,GLMNet elastic-net logistic,123
UM0813100,train,0.6486530034248675,GLMNet elastic-net logistic,123
UM0813100,train,0.6486530034248675,GLMNet elastic-net logistic,123
UM0813172,train,0.6294605385649648,GLMNet elastic-net logistic,123
UM0813325,test,0.7208439676952018,GLMNet elastic-net logistic,123
UM0813344,train,0.7705742021230234,GLMNet elastic-net logistic,123
UM0813421,train,0.7284807178256822,GLMNet elastic-net logistic,123
UM0813423,train,0.5762197056660238,GLMNet elastic-net logistic,123
UM0813423,test,0.5762197056660238,GLMNet elastic-net logistic,123
UM0813480,test,0.1774814788816724,GLMNet elastic-net logistic,123
UM0813480,test,0.1774814788816724,GLMNet elastic-net logistic,123
UM0813532,test,0.5448024719620681,GLMNet elastic-net logistic,123
UM0813532,test,0.5448024719620681,GLMNet elastic-net logistic,123
UM0813591,test,0.95,GLMNet elastic-net logistic,123
UM0813591,test,0.95,GLMNet elastic-net logistic,123
UM0813601,test,0.46409973077068345,GLMNet elastic-net logistic,123
UM0813679,train,0.5143916963162712,GLMNet elastic-net logistic,123
UM0813681,train,0.585675113870698,GLMNet elastic-net logistic,123
UM0813834,train,0.6794786064637063,GLMNet elastic-net logistic,123
UM0813834,test,0.6794786064637063,GLMNet elastic-net logistic,123
UM0813998,train,0.654448218560806,GLMNet elastic-net logistic,123
UM0813998,train,0.654448218560806,GLMNet elastic-net logistic,123
UM0814027,train,0.7859158899430065,GLMNet elastic-net logistic,123
UM0814027,train,0.7859158899430065,GLMNet elastic-net logistic,123
UM0814066,train,0.5300924832961915,GLMNet elastic-net logistic,123
UM0814066,test,0.5300924832961915,GLMNet elastic-net logistic,123
UM0814340,test,0.5673544676055516,GLMNet elastic-net logistic,123
UM0814362,test,0.47304928448513117,GLMNet elastic-net logistic,123
UM0814362,train,0.47304928448513117,GLMNet elastic-net logistic,123
UM0814405,train,0.4520216896181997,GLMNet elastic-net logistic,123
UM0814405,test,0.6589831858674464,GLMNet elastic-net logistic,123
UM0814405,train,0.4520216896181997,GLMNet elastic-net logistic,123
UM0814493,train,0.4295756258580725,GLMNet elastic-net logistic,123
UM0814493,train,0.4295756258580725,GLMNet elastic-net logistic,123
UM0814576,train,0.5060213379252275,GLMNet elastic-net logistic,123
UM0814576,train,0.5060213379252275,GLMNet elastic-net logistic,123
UM0814595,test,0.5485067235989347,GLMNet elastic-net logistic,123
UM0814595,test,0.5485067235989347,GLMNet elastic-net logistic,123
UM0814694,train,0.5575016461073985,GLMNet elastic-net logistic,123
UM0814719,train,0.7465344708947962,GLMNet elastic-net logistic,123
UM0814949,train,0.9264466114090147,GLMNet elastic-net logistic,123
UM0814968,test,0.5669780197656736,GLMNet elastic-net logistic,123
UM0815085,train,0.36965268956755637,GLMNet elastic-net logistic,123
UM0815085,test,0.36965268956755637,GLMNet elastic-net logistic,123
UM0815218,train,0.24890606514415795,GLMNet elastic-net logistic,123
UM0815218,test,0.24890606514415795,GLMNet elastic-net logistic,123
UM0815365,test,0.41646665143959766,GLMNet elastic-net logistic,123
UM0815365,test,0.41646665143959766,GLMNet elastic-net logistic,123
UM0815470,test,0.7161643839728108,GLMNet elastic-net logistic,123
UM0815470,test,0.7161643839728108,GLMNet elastic-net logistic,123
UM0815508,test,0.05,GLMNet elastic-net logistic,123
UM0815508,train,0.05,GLMNet elastic-net logistic,123
UM0815537,train,0.40103460418943765,GLMNet elastic-net logistic,123
UM0815537,train,0.40103460418943765,GLMNet elastic-net logistic,123
UM0815601,train,0.4767302017382874,GLMNet elastic-net logistic,123
UM0815613,test,0.39635732725775263,GLMNet elastic-net logistic,123
UM0815613,test,0.39635732725775263,GLMNet elastic-net logistic,123
UM0815627,train,0.95,GLMNet elastic-net logistic,123
UM0815644,train,0.43663520760653896,GLMNet elastic-net logistic,123
UM0815644,train,0.43663520760653896,GLMNet elastic-net logistic,123
UM0815796,train,0.2617426568494564,GLMNet elastic-net logistic,123
UM0815873,test,0.5165030418854608,GLMNet elastic-net logistic,123
UM0815873,train,0.5165030418854608,GLMNet elastic-net logistic,123
UM0815873,train,0.6762614329358118,GLMNet elastic-net logistic,123
UM0815982,test,0.6687689904404621,GLMNet elastic-net logistic,123
UM0815984,test,0.32578092221907384,GLMNet elastic-net logistic,123
UM0816048,train,0.6397812982032692,GLMNet elastic-net logistic,123
UM0816048,train,0.643734568172053,GLMNet elastic-net logistic,123
UM0816204,train,0.15347173805707076,GLMNet elastic-net logistic,123
UM0816204,test,0.15347173805707076,GLMNet elastic-net logistic,123
UM0816225,train,0.5171689066031728,GLMNet elastic-net logistic,123
UM0816225,test,0.5171689066031728,GLMNet elastic-net logistic,123
UM0816230,train,0.8054592926149439,GLMNet elastic-net logistic,123
UM0816230,train,0.8054592926149439,GLMNet elastic-net logistic,123
UM0816233,train,0.45098034856052455,GLMNet elastic-net logistic,123
UM0816236,train,0.5200391584534954,GLMNet elastic-net logistic,123
UM0816347,train,0.28952924224551874,GLMNet elastic-net logistic,123
UM0816524,test,0.05,GLMNet elastic-net logistic,123
UM0816524,train,0.05,GLMNet elastic-net logistic,123
UM0816725,train,0.8076756980309784,GLMNet elastic-net logistic,123
UM0816731,train,0.29300733022878833,GLMNet elastic-net logistic,123
UM0816846,train,0.6878152577769945,GLMNet elastic-net logistic,123
UM0816971,train,0.3017534255421306,GLMNet elastic-net logistic,123
UM0816978,train,0.7529986376473856,GLMNet elastic-net logistic,123
UM0816978,train,0.7383364891852459,GLMNet elastic-net logistic,123
UM0816978,train,0.7383364891852459,GLMNet elastic-net logistic,123
UM0817168,train,0.27511935471973303,GLMNet elastic-net logistic,123
UM0817168,train,0.29782756654670434,GLMNet elastic-net logistic,123
UM0817245,test,0.3955743230746287,GLMNet elastic-net logistic,123
UM0817551,train,0.6400204868702023,GLMNet elastic-net logistic,123
UM0817551,train,0.6400204868702023,GLMNet elastic-net logistic,123
UM0817689,train,0.6080462514592214,GLMNet elastic-net logistic,123
UM0817776,train,0.7932653672138699,GLMNet elastic-net logistic,123
UM0818059,test,0.27699622121363526,GLMNet elastic-net logistic,123
UM0818126,test,0.05,GLMNet elastic-net logistic,123
UM0818161,test,0.5003487724365687,GLMNet elastic-net logistic,123
UM0818274,train,0.5785745692050951,GLMNet elastic-net logistic,123
UM0818339,train,0.21184199370044435,GLMNet elastic-net logistic,123
UM0818401,train,0.2934774981039115,GLMNet elastic-net logistic,123
UM0818401,train,0.2934774981039115,GLMNet elastic-net logistic,123
UM0818418,train,0.5331483208348291,GLMNet elastic-net logistic,123
UM0818490,test,0.27086526532636807,GLMNet elastic-net logistic,123
UM0818490,train,0.27086526532636807,GLMNet elastic-net logistic,123
UM0818549,train,0.5035067651536712,GLMNet elastic-net logistic,123
UM0818735,test,0.4070830253957307,GLMNet elastic-net logistic,123
UM0818735,train,0.4070830253957307,GLMNet elastic-net logistic,123
UM0818907,train,0.5675154240411138,GLMNet elastic-net logistic,123
UM0818943,test,0.2256492324192976,GLMNet elastic-net logistic,123
UM0818943,train,0.2256492324192976,GLMNet elastic-net logistic,123
UM0818979,test,0.46962116667730264,GLMNet elastic-net logistic,123
UM0819047,train,0.5756548214935437,GLMNet elastic-net logistic,123
UM0819047,test,0.5756548214935437,GLMNet elastic-net logistic,123
UM0819105,test,0.5054417545083848,GLMNet elastic-net logistic,123
UM0819263,train,0.3171502817586851,GLMNet elastic-net logistic,123
UM0819277,train,0.33816576065554355,GLMNet elastic-net logistic,123
UM0819277,train,0.33816576065554355,GLMNet elastic-net logistic,123
UM0819324,train,0.5195959015999592,GLMNet elastic-net logistic,123
UM0819324,test,0.5195959015999592,GLMNet elastic-net logistic,123
UM0819529,train,0.45212756479013577,GLMNet elastic-net logistic,123
UM0819529,train,0.45212756479013577,GLMNet elastic-net logistic,123
UM0819623,test,0.4124044712217767,GLMNet elastic-net logistic,123
UM0819623,train,0.4124044712217767,GLMNet elastic-net logistic,123
UM0819624,test,0.6492076680893836,GLMNet elastic-net logistic,123
UM0819624,train,0.6492076680893836,GLMNet elastic-net logistic,123
UM0819624,test,0.5654009951957569,GLMNet elastic-net logistic,123
UM0819633,train,0.4838873932717523,GLMNet elastic-net logistic,123
UM0819633,train,0.4838873932717523,GLMNet elastic-net logistic,123
UM0819633,train,0.5135812041436422,GLMNet elastic-net logistic,123
UM0819717,test,0.36208979657487705,GLMNet elastic-net logistic,123
UM0819809,train,0.5349244803430188,GLMNet elastic-net logistic,123
UM0819809,train,0.5349244803430188,GLMNet elastic-net logistic,123
UM0819918,test,0.5231929959808855,GLMNet elastic-net logistic,123
UM0819918,test,0.5231929959808855,GLMNet elastic-net logistic,123
UM0819939,test,0.5650160074432345,GLMNet elastic-net logistic,123
UM0819995,train,0.5379466519532624,GLMNet elastic-net logistic,123
UM0819995,train,0.5379466519532624,GLMNet elastic-net logistic,123
UM0820074,train,0.24914068390874475,GLMNet elastic-net logistic,123
UM0820074,train,0.24914068390874475,GLMNet elastic-net logistic,123
UM0820146,train,0.5143870334408899,GLMNet elastic-net logistic,123
UM0820153,train,0.5622099431439873,GLMNet elastic-net logistic,123
UM0820153,train,0.5622099431439873,GLMNet elastic-net logistic,123
UM0820199,test,0.4197955588816097,GLMNet elastic-net logistic,123
UM0820199,train,0.4197955588816097,GLMNet elastic-net logistic,123
UM0820278,train,0.5326194255810388,GLMNet elastic-net logistic,123
UM0820296,train,0.5541796219863474,GLMNet elastic-net logistic,123
UM0820296,test,0.5541796219863474,GLMNet elastic-net logistic,123
UM0820337,train,0.1658678633336173,GLMNet elastic-net logistic,123
UM0820337,train,0.1658678633336173,GLMNet elastic-net logistic,123
UM0820357,train,0.6010042311601137,GLMNet elastic-net logistic,123
UM0820461,train,0.7027131771374603,GLMNet elastic-net logistic,123
UM0820461,train,0.7027131771374603,GLMNet elastic-net logistic,123
UM0820506,train,0.8900299059211285,GLMNet elastic-net logistic,123
UM0820798,test,0.5336007847456053,GLMNet elastic-net logistic,123
UM0820824,train,0.8339704488384536,GLMNet elastic-net logistic,123
UM0820848,train,0.6051115484994584,GLMNet elastic-net logistic,123
UM0820848,test,0.6051115484994584,GLMNet elastic-net logistic,123
UM0820861,test,0.1662446114922707,GLMNet elastic-net logistic,123
UM0820901,train,0.3422633904283918,GLMNet elastic-net logistic,123
UM0820901,train,0.3422633904283918,GLMNet elastic-net logistic,123
UM0821024,train,0.228934772696279,GLMNet elastic-net logistic,123
UM0821024,test,0.228934772696279,GLMNet elastic-net logistic,123
UM0821145,train,0.7643680544870738,GLMNet elastic-net logistic,123
UM0821145,train,0.7643680544870738,GLMNet elastic-net logistic,123
UM0821227,test,0.4907425781097875,GLMNet elastic-net logistic,123
UM0821361,test,0.7232637624869906,GLMNet elastic-net logistic,123
UM0821361,train,0.7232637624869906,GLMNet elastic-net logistic,123
UM0821394,train,0.4134125600297387,GLMNet elastic-net logistic,123
UM0821399,train,0.8302284095575284,GLMNet elastic-net logistic,123
UM0821475,train,0.05,GLMNet elastic-net logistic,123
UM0821563,test,0.38796478171290133,GLMNet elastic-net logistic,123
UM0821611,train,0.5470505715118724,GLMNet elastic-net logistic,123
UM0821642,train,0.6371781469589695,GLMNet elastic-net logistic,123
UM0821642,train,0.6331935794717031,GLMNet elastic-net logistic,123
UM0821736,train,0.5127998873375132,GLMNet elastic-net logistic,123
UM0821736,test,0.5127998873375132,GLMNet elastic-net logistic,123
UM0821737,train,0.44776895363309205,GLMNet elastic-net logistic,123
UM0821824,train,0.6086669827466997,GLMNet elastic-net logistic,123
UM0821824,train,0.6086669827466997,GLMNet elastic-net logistic,123
UM0821850,test,0.8864948100992446,GLMNet elastic-net logistic,123
UM0821850,test,0.9344213660456117,GLMNet elastic-net logistic,123
UM0821850,train,0.8864948100992446,GLMNet elastic-net logistic,123
UM0821909,train,0.5686425907406043,GLMNet elastic-net logistic,123
UM0821909,test,0.5686425907406043,GLMNet elastic-net logistic,123
UM0821933,train,0.29107698212284,GLMNet elastic-net logistic,123
UM0821933,test,0.29107698212284,GLMNet elastic-net logistic,123
UM0822017,test,0.6607515352559734,GLMNet elastic-net logistic,123
UM0822017,train,0.6607515352559734,GLMNet elastic-net logistic,123
UM0822133,train,0.2590362831285303,GLMNet elastic-net logistic,123
UM0822133,train,0.2590362831285303,GLMNet elastic-net logistic,123
UM0822138,train,0.7778446863351952,GLMNet elastic-net logistic,123
UM0822138,train,0.7778446863351952,GLMNet elastic-net logistic,123
UM0822152,train,0.3691224020639735,GLMNet elastic-net logistic,123
UM0822198,train,0.6046044984811988,GLMNet elastic-net logistic,123
UM0822246,train,0.39830075332405956,GLMNet elastic-net logistic,123
UM0822365,train,0.3424796489941721,GLMNet elastic-net logistic,123
UM0822372,train,0.2959375797798247,GLMNet elastic-net logistic,123
UM0822372,test,0.2959375797798247,GLMNet elastic-net logistic,123
UM0822417,train,0.42307590383797855,GLMNet elastic-net logistic,123
UM0822417,test,0.42307590383797855,GLMNet elastic-net logistic,123
UM0822437,train,0.30945450955730874,GLMNet elastic-net logistic,123
UM0822437,train,0.30945450955730874,GLMNet elastic-net logistic,123
UM0822486,train,0.4780993145976124,GLMNet elastic-net logistic,123
UM0822500,test,0.5284982658197984,GLMNet elastic-net logistic,123
UM0822500,train,0.5323087096830904,GLMNet elastic-net logistic,123
UM0822500,test,0.5284982658197984,GLMNet elastic-net logistic,123
UM0822707,train,0.3234154536243659,GLMNet elastic-net logistic,123
UM0822707,train,0.3234154536243659,GLMNet elastic-net logistic,123
UM0822715,train,0.5432722432714642,GLMNet elastic-net logistic,123
UM0822715,train,0.6433538989272797,GLMNet elastic-net logistic,123
UM0822715,train,0.5432722432714642,GLMNet elastic-net logistic,123
UM0822790,test,0.8797775430920296,GLMNet elastic-net logistic,123
UM0822790,train,0.8797775430920296,GLMNet elastic-net logistic,123
UM0822790,train,0.8345129142180227,GLMNet elastic-net logistic,123
UM0822797,train,0.05,GLMNet elastic-net logistic,123
UM0822797,train,0.05,GLMNet elastic-net logistic,123
UM0822911,test,0.2490547568153783,GLMNet elastic-net logistic,123
UM0822911,train,0.2490547568153783,GLMNet elastic-net logistic,123
UM0822918,test,0.9369191483421095,GLMNet elastic-net logistic,123
UM0822918,train,0.9369191483421095,GLMNet elastic-net logistic,123
UM0822955,train,0.6065647544287323,GLMNet elastic-net logistic,123
UM0822990,train,0.3697948378827091,GLMNet elastic-net logistic,123
UM0822990,train,0.3697948378827091,GLMNet elastic-net logistic,123
UM0823058,train,0.7152357710371026,GLMNet elastic-net logistic,123
UM0823138,test,0.2853113583181257,GLMNet elastic-net logistic,123
UM0823151,train,0.5690275046598516,GLMNet elastic-net logistic,123
UM0823179,train,0.5291901969273402,GLMNet elastic-net logistic,123
UM0823242,test,0.4863307029358906,GLMNet elastic-net logistic,123
UM0823242,train,0.4863307029358906,GLMNet elastic-net logistic,123
UM0823349,train,0.39697286290971195,GLMNet elastic-net logistic,123
UM0823357,train,0.4853967794143499,GLMNet elastic-net logistic,123
UM0823357,train,0.4853967794143499,GLMNet elastic-net logistic,123
UM0823358,test,0.26016433892661817,GLMNet elastic-net logistic,123
UM0823358,train,0.26016433892661817,GLMNet elastic-net logistic,123
UM0823365,train,0.39646605023857534,GLMNet elastic-net logistic,123
UM0823388,test,0.7215021668490846,GLMNet elastic-net logistic,123
UM0823388,train,0.7215021668490846,GLMNet elastic-net logistic,123
UM0823411,train,0.4798488620513259,GLMNet elastic-net logistic,123
UM0823411,train,0.4798488620513259,GLMNet elastic-net logistic,123
UM0823528,test,0.6208050589923958,GLMNet elastic-net logistic,123
UM0823528,train,0.6208050589923958,GLMNet elastic-net logistic,123
UM0823613,test,0.18081530767738296,GLMNet elastic-net logistic,123
UM0823613,train,0.18337630085462459,GLMNet elastic-net logistic,123
UM0823739,train,0.5086568013332499,GLMNet elastic-net logistic,123
UM0823739,train,0.5086568013332499,GLMNet elastic-net logistic,123
UM0823765,train,0.2563154438419963,GLMNet elastic-net logistic,123
UM0823765,test,0.2563154438419963,GLMNet elastic-net logistic,123
UM0823776,test,0.7126800096278414,GLMNet elastic-net logistic,123
UM0823776,train,0.7126800096278414,GLMNet elastic-net logistic,123
UM0823776,train,0.6164725817283208,GLMNet elastic-net logistic,123
UM0823785,test,0.41023349108915347,GLMNet elastic-net logistic,123
UM0823785,train,0.41023349108915347,GLMNet elastic-net logistic,123
UM0823877,test,0.4235873791991886,GLMNet elastic-net logistic,123
UM0823899,train,0.6484138134941169,GLMNet elastic-net logistic,123
UM0823899,train,0.6484138134941169,GLMNet elastic-net logistic,123
UM0823921,train,0.4317317983142043,GLMNet elastic-net logistic,123
UM0823921,train,0.4317317983142043,GLMNet elastic-net logistic,123
UM0824049,test,0.3775874858958693,GLMNet elastic-net logistic,123
UM0824157,test,0.21609155746492426,GLMNet elastic-net logistic,123
UM0824218,train,0.5783307109778377,GLMNet elastic-net logistic,123
UM0824357,train,0.6580670489804905,GLMNet elastic-net logistic,123
UM0824357,test,0.6580670489804905,GLMNet elastic-net logistic,123
UM0824369,test,0.95,GLMNet elastic-net logistic,123
UM0824377,train,0.95,GLMNet elastic-net logistic,123
UM0824377,train,0.95,GLMNet elastic-net logistic,123
UM0824385,test,0.5100593101247854,GLMNet elastic-net logistic,123
UM0824385,train,0.5100593101247854,GLMNet elastic-net logistic,123
UM0824416,train,0.44500920978603437,GLMNet elastic-net logistic,123
UM0824416,train,0.4840387358556923,GLMNet elastic-net logistic,123
UM0824416,train,0.4840387358556923,GLMNet elastic-net logistic,123
UM0824437,test,0.870392969283277,GLMNet elastic-net logistic,123
UM0824437,train,0.870392969283277,GLMNet elastic-net logistic,123
UM0824469,train,0.5244764251031254,GLMNet elastic-net logistic,123
UM0824469,train,0.5287630604999155,GLMNet elastic-net logistic,123
UM0824474,train,0.4988986503128853,GLMNet elastic-net logistic,123
UM0824512,test,0.6376917692146675,GLMNet elastic-net logistic,123
UM0824585,train,0.95,GLMNet elastic-net logistic,123
UM0824596,test,0.16580810000325988,GLMNet elastic-net logistic,123
UM0824670,train,0.08770819957601118,GLMNet elastic-net logistic,123
UM0824676,test,0.48328284574061675,GLMNet elastic-net logistic,123
UM0824676,train,0.48328284574061675,GLMNet elastic-net logistic,123
UM0824683,train,0.6136220553207439,GLMNet elastic-net logistic,123
UM0824873,train,0.39324020642161234,GLMNet elastic-net logistic,123
UM0824873,train,0.39324020642161234,GLMNet elastic-net logistic,123
UM0824989,train,0.2823397003939166,GLMNet elastic-net logistic,123
UM0825128,train,0.6004121505639168,GLMNet elastic-net logistic,123
UM0825152,train,0.5610243815372375,GLMNet elastic-net logistic,123
UM0825171,train,0.3363115616142587,GLMNet elastic-net logistic,123
UM0825171,test,0.3363115616142587,GLMNet elastic-net logistic,123
UM0825332,train,0.7205509218550804,GLMNet elastic-net logistic,123
UM0825332,test,0.7205509218550804,GLMNet elastic-net logistic,123
UM0825471,test,0.46480062227238783,GLMNet elastic-net logistic,123
UM0825471,train,0.46480062227238783,GLMNet elastic-net logistic,123
UM0825478,train,0.5920642099277414,GLMNet elastic-net logistic,123
UM0825478,train,0.596210645496764,GLMNet elastic-net logistic,123
UM0825632,train,0.4756348109027326,GLMNet elastic-net logistic,123
UM0825632,test,0.4756348109027326,GLMNet elastic-net logistic,123
UM0825767,train,0.8987689162983852,GLMNet elastic-net logistic,123
UM0825767,train,0.9003227175977618,GLMNet elastic-net logistic,123
UM0825806,train,0.38908210414442107,GLMNet elastic-net logistic,123
UM0825806,test,0.38908210414442107,GLMNet elastic-net logistic,123
UM0825985,train,0.5223079560221607,GLMNet elastic-net logistic,123
UM0826001,test,0.7031815390688674,GLMNet elastic-net logistic,123
UM0826044,train,0.4324197495404488,GLMNet elastic-net logistic,123
UM0826145,train,0.3267586193068635,GLMNet elastic-net logistic,123
UM0826145,test,0.3267586193068635,GLMNet elastic-net logistic,123
UM0826183,train,0.2657898334011872,GLMNet elastic-net logistic,123
UM0826183,train,0.2657898334011872,GLMNet elastic-net logistic,123
UM0826228,train,0.5159473336373331,GLMNet elastic-net logistic,123
UM0826254,test,0.3208497521818237,GLMNet elastic-net logistic,123
UM0826288,test,0.5083693750637075,GLMNet elastic-net logistic,123
UM0826288,test,0.5083693750637075,GLMNet elastic-net logistic,123
UM0826449,train,0.6810792168893973,GLMNet elastic-net logistic,123
UM0826449,train,0.6773326277857779,GLMNet elastic-net logistic,123
UM0826523,test,0.5562925696047403,GLMNet elastic-net logistic,123
UM0826577,train,0.5964359284969187,GLMNet elastic-net logistic,123
UM0826577,train,0.5964359284969187,GLMNet elastic-net logistic,123
UM0826619,train,0.7395675585719936,GLMNet elastic-net logistic,123
UM0826874,train,0.6898375773528627,GLMNet elastic-net logistic,123
UM0826874,train,0.6898375773528627,GLMNet elastic-net logistic,123
UM0826913,test,0.19181489640820795,GLMNet elastic-net logistic,123
UM0826913,test,0.19181489640820795,GLMNet elastic-net logistic,123
UM0827048,train,0.5362401197287813,GLMNet elastic-net logistic,123
UM0827048,train,0.5362401197287813,GLMNet elastic-net logistic,123
UM0827074,train,0.47674737626915104,GLMNet elastic-net logistic,123
UM0827144,test,0.95,GLMNet elastic-net logistic,123
UM0827144,train,0.95,GLMNet elastic-net logistic,123
UM0827412,train,0.6879209058052316,GLMNet elastic-net logistic,123
UM0827412,train,0.715750912235216,GLMNet elastic-net logistic,123
UM0827412,train,0.715750912235216,GLMNet elastic-net logistic,123
UM0827603,train,0.07272689762764227,GLMNet elastic-net logistic,123
UM0827603,test,0.07157576618852636,GLMNet elastic-net logistic,123
UM0827653,train,0.5675682092001832,GLMNet elastic-net logistic,123
UM0827653,train,0.6791050080106455,GLMNet elastic-net logistic,123
UM0827653,train,0.6791050080106455,GLMNet elastic-net logistic,123
UM0827667,train,0.5248731225849618,GLMNet elastic-net logistic,123
UM0827681,train,0.44280945151413614,GLMNet elastic-net logistic,123
UM0827681,train,0.44280945151413614,GLMNet elastic-net logistic,123
UM0827928,train,0.9054364023264607,GLMNet elastic-net logistic,123
UM0827928,train,0.9054364023264607,GLMNet elastic-net logistic,123
UM0828028,train,0.42450646171892553,GLMNet elastic-net logistic,123
UM0828085,train,0.26711239335609943,GLMNet elastic-net logistic,123
UM0828085,train,0.26711239335609943,GLMNet elastic-net logistic,123
UM0828155,train,0.5274334295055592,GLMNet elastic-net logistic,123
UM0828417,train,0.3439079917696199,GLMNet elastic-net logistic,123
UM0828417,train,0.3439079917696199,GLMNet elastic-net logistic,123
UM0828446,train,0.7273747910027479,GLMNet elastic-net logistic,123
UM0828446,train,0.819282753413208,GLMNet elastic-net logistic,123
UM0828446,test,0.7273747910027479,GLMNet elastic-net logistic,123
UM0828468,test,0.5256151322295786,GLMNet elastic-net logistic,123
UM0828468,train,0.5256151322295786,GLMNet elastic-net logistic,123
UM0828601,train,0.7610977588218168,GLMNet elastic-net logistic,123
UM0828608,train,0.12425984693328014,GLMNet elastic-net logistic,123
UM0828609,train,0.6277167161237373,GLMNet elastic-net logistic,123
UM0828609,train,0.6277167161237373,GLMNet elastic-net logistic,123
UM0828609,train,0.6489220801255408,GLMNet elastic-net logistic,123
UM0828683,test,0.27303959907266256,GLMNet elastic-net logistic,123
UM0828683,test,0.27303959907266256,GLMNet elastic-net logistic,123
UM0828871,train,0.5213710173588106,GLMNet elastic-net logistic,123
UM0828871,train,0.5213710173588106,GLMNet elastic-net logistic,123
UM0829063,test,0.8186517385449377,GLMNet elastic-net logistic,123
UM0829158,train,0.3510389065754787,GLMNet elastic-net logistic,123
UM0829161,train,0.549173650595531,GLMNet elastic-net logistic,123
UM0829161,test,0.549173650595531,GLMNet elastic-net logistic,123
UM0829275,train,0.5058412754078186,GLMNet elastic-net logistic,123
UM0829288,train,0.5343938732438989,GLMNet elastic-net logistic,123
UM0829476,test,0.3234480204652908,GLMNet elastic-net logistic,123
UM0829477,train,0.27561697965471155,GLMNet elastic-net logistic,123
UM0829506,train,0.05,GLMNet elastic-net logistic,123
UM0829537,train,0.4700945405044834,GLMNet elastic-net logistic,123
UM0829537,train,0.4700945405044834,GLMNet elastic-net logistic,123
UM0829621,train,0.38658740516028484,GLMNet elastic-net logistic,123
UM0829646,train,0.09135861496047022,GLMNet elastic-net logistic,123
UM0829731,test,0.5770406201378232,GLMNet elastic-net logistic,123
UM0829731,train,0.5770406201378232,GLMNet elastic-net logistic,123
UM0829746,test,0.45857932743398383,GLMNet elastic-net logistic,123
UM0829746,train,0.45857932743398383,GLMNet elastic-net logistic,123
UM0829780,train,0.3529117958698592,GLMNet elastic-net logistic,123
UM0829780,train,0.3529117958698592,GLMNet elastic-net logistic,123
UM0829919,train,0.49350989426496034,GLMNet elastic-net logistic,123
UM0829919,train,0.49350989426496034,GLMNet elastic-net logistic,123
UM0830061,train,0.6351914431546729,GLMNet elastic-net logistic,123
UM0830061,test,0.6351914431546729,GLMNet elastic-net logistic,123
UM0830297,train,0.5734544017722303,GLMNet elastic-net logistic,123
UM0830297,train,0.5734544017722303,GLMNet elastic-net logistic,123
UM0830302,train,0.47796559923171006,GLMNet elastic-net logistic,123
UM0830302,train,0.5016372131281271,GLMNet elastic-net logistic,123
UM0830302,train,0.47796559923171006,GLMNet elastic-net logistic,123
UM0830313,train,0.613133313737953,GLMNet elastic-net logistic,123
UM0830313,train,0.613133313737953,GLMNet elastic-net logistic,123
UM0830390,train,0.3518578646477715,GLMNet elastic-net logistic,123
UM0830537,test,0.40964372171804536,GLMNet elastic-net logistic,123
UM0830550,test,0.49386291972467167,GLMNet elastic-net logistic,123
UM0830568,train,0.41599104745388354,GLMNet elastic-net logistic,123
UM0830608,train,0.45889826130621564,GLMNet elastic-net logistic,123
UM0830740,test,0.3666416036568703,GLMNet elastic-net logistic,123
UM0830740,test,0.3666416036568703,GLMNet elastic-net logistic,123
UM0830750,train,0.4435584332520544,GLMNet elastic-net logistic,123
UM0830780,train,0.48971945281327073,GLMNet elastic-net logistic,123
UM0830791,test,0.3268991536822479,GLMNet elastic-net logistic,123
UM0830791,train,0.3268991536822479,GLMNet elastic-net logistic,123
UM0831073,train,0.05,GLMNet elastic-net logistic,123
UM0831073,train,0.05,GLMNet elastic-net logistic,123
UM0835622,test,0.5366808211020516,GLMNet elastic-net logistic,123
UM0835622,test,0.5366808211020516,GLMNet elastic-net logistic,123
UM0839207,train,0.49804288190664275,GLMNet elastic-net logistic,123
UM0839207,train,0.49804288190664275,GLMNet elastic-net logistic,123
UM0846865,train,0.5475060441611429,GLMNet elastic-net logistic,123
UM0846865,train,0.5531245698791518,GLMNet elastic-net logistic,123
UM0846865,train,0.5475060441611429,GLMNet elastic-net logistic,123
UM0849270,train,0.3126264497146072,GLMNet elastic-net logistic,123
UM0851178,test,0.6176123993997775,GLMNet elastic-net logistic,123
UM0853730,train,0.825872042717877,GLMNet elastic-net logistic,123
UM0856635,train,0.7715123001473901,GLMNet elastic-net logistic,123
UM0856635,train,0.7715123001473901,GLMNet elastic-net logistic,123
UM0858444,train,0.47198272819666887,GLMNet elastic-net logistic,123
UM0858444,train,0.47198272819666887,GLMNet elastic-net logistic,123
UM0858511,train,0.33228925486379896,GLMNet elastic-net logistic,123
UM0858511,train,0.33228925486379896,GLMNet elastic-net logistic,123
UM0859772,train,0.7924440264472002,GLMNet elastic-net logistic,123
UM0859772,train,0.7924440264472002,GLMNet elastic-net logistic,123
UM0861856,train,0.7902233472178442,GLMNet elastic-net logistic,123
UM0861878,test,0.6321574370411336,GLMNet elastic-net logistic,123
UM0861878,test,0.6321574370411336,GLMNet elastic-net logistic,123
UM0865545,train,0.9323394666783041,GLMNet elastic-net logistic,123
UM0868552,test,0.05,GLMNet elastic-net logistic,123
UM0870426,test,0.40499799536197495,GLMNet elastic-net logistic,123
UM0870824,train,0.872674358690512,GLMNet elastic-net logistic,123
UM0873981,train,0.5939851793729655,GLMNet elastic-net logistic,123
UM0874031,train,0.5368568313254293,GLMNet elastic-net logistic,123
UM0874031,train,0.5411295063652884,GLMNet elastic-net logistic,123
UM0874457,train,0.44374842928121244,GLMNet elastic-net logistic,123
UM0877119,train,0.95,GLMNet elastic-net logistic,123
UM0878089,train,0.05,GLMNet elastic-net logistic,123
UM0878089,train,0.05,GLMNet elastic-net logistic,123
UM0878106,train,0.39778146670771414,GLMNet elastic-net logistic,123
UM0878106,train,0.39778146670771414,GLMNet elastic-net logistic,123
UM0879113,train,0.576358591588467,GLMNet elastic-net logistic,123
UM0879113,test,0.576358591588467,GLMNet elastic-net logistic,123
UM0880683,train,0.24541110736530442,GLMNet elastic-net logistic,123
UM0880683,test,0.24541110736530442,GLMNet elastic-net logistic,123
UM0881069,test,0.5731308257651784,GLMNet elastic-net logistic,123
UM0881246,test,0.6692866334614023,GLMNet elastic-net logistic,123
UM0881789,train,0.32555982064709,GLMNet elastic-net logistic,123
UM0881789,train,0.32555982064709,GLMNet elastic-net logistic,123
UM0883327,train,0.3873240244720469,GLMNet elastic-net logistic,123
UM0887563,train,0.2877322100057191,GLMNet elastic-net logistic,123
UM0891306,test,0.22744410044937383,GLMNet elastic-net logistic,123
UM0891306,train,0.22744410044937383,GLMNet elastic-net logistic,123
UM0896878,train,0.7966144768962213,GLMNet elastic-net logistic,123
UM0896878,train,0.7966144768962213,GLMNet elastic-net logistic,123
UM0897480,test,0.47833348748681415,GLMNet elastic-net logistic,123
UM0897480,train,0.3285981764324712,GLMNet elastic-net logistic,123
UM0897480,train,0.3285981764324712,GLMNet elastic-net logistic,123
UM0898283,train,0.3809091002503653,GLMNet elastic-net logistic,123
UM0898283,train,0.3809091002503653,GLMNet elastic-net logistic,123
UM0898427,train,0.5577436955123725,GLMNet elastic-net logistic,123
UM0901646,train,0.6377589069517273,GLMNet elastic-net logistic,123
UM0903448,train,0.4099056398042685,GLMNet elastic-net logistic,123
UM0903448,train,0.4099056398042685,GLMNet elastic-net logistic,123
UM0909027,train,0.3986869159912315,GLMNet elastic-net logistic,123
UM0915664,train,0.4373034346912731,GLMNet elastic-net logistic,123
UM0915664,train,0.4330768412758712,GLMNet elastic-net logistic,123
UM0921709,train,0.6044631990558726,GLMNet elastic-net logistic,123
UM0921709,train,0.6331281738755754,GLMNet elastic-net logistic,123
UM0921709,train,0.6331281738755754,GLMNet elastic-net logistic,123
UM0921709,train,0.6331281738755754,GLMNet elastic-net logistic,123
UM0921709,test,0.6331281738755754,GLMNet elastic-net logistic,123
UM0923912,train,0.48833054802546183,GLMNet elastic-net logistic,123
UM0924844,train,0.29962745166249244,GLMNet elastic-net logistic,123
UM0929576,test,0.6664419184057818,GLMNet elastic-net logistic,123
UM0929942,train,0.4653086839290067,GLMNet elastic-net logistic,123
UM0932326,test,0.2911649592278994,GLMNet elastic-net logistic,123
UM0932326,train,0.2911649592278994,GLMNet elastic-net logistic,123
UM0933814,test,0.95,GLMNet elastic-net logistic,123
UM0935929,train,0.3387816842768232,GLMNet elastic-net logistic,123
UM0935929,train,0.3387816842768232,GLMNet elastic-net logistic,123
UM0936098,train,0.254542468495001,GLMNet elastic-net logistic,123
UM0936129,train,0.5248411442210399,GLMNet elastic-net logistic,123
UM0936129,test,0.5248411442210399,GLMNet elastic-net logistic,123
UM0936297,test,0.6782582596009238,GLMNet elastic-net logistic,123
UM0936297,test,0.6782582596009238,GLMNet elastic-net logistic,123
UM0936300,test,0.2819693310797767,GLMNet elastic-net logistic,123
UM0936369,train,0.2380346130114462,GLMNet elastic-net logistic,123
UM0936369,train,0.2380346130114462,GLMNet elastic-net logistic,123
UM0936425,train,0.6305636998752449,GLMNet elastic-net logistic,123
UM0936438,test,0.4876138552616431,GLMNet elastic-net logistic,123
UM0936438,train,0.491910873386848,GLMNet elastic-net logistic,123
UM0936498,train,0.5603065000945758,GLMNet elastic-net logistic,123
UM0936530,train,0.34149117225139575,GLMNet elastic-net logistic,123
UM0936530,test,0.34149117225139575,GLMNet elastic-net logistic,123
UM0936700,train,0.35334524605112405,GLMNet elastic-net logistic,123
UM0936700,train,0.35334524605112405,GLMNet elastic-net logistic,123
UM0936716,train,0.3295259465633987,GLMNet elastic-net logistic,123
UM0936716,train,0.3257380189253932,GLMNet elastic-net logistic,123
UM0936754,train,0.5513071506142818,GLMNet elastic-net logistic,123
UM0936754,test,0.5513071506142818,GLMNet elastic-net logistic,123
UM0936905,train,0.5665009090269523,GLMNet elastic-net logistic,123
UM0936908,train,0.14873869925603989,GLMNet elastic-net logistic,123
UM0936908,train,0.14873869925603989,GLMNet elastic-net logistic,123
UM0937156,train,0.6010139902097428,GLMNet elastic-net logistic,123
UM0937207,train,0.35017762132688984,GLMNet elastic-net logistic,123
UM0937427,train,0.1492275470120822,GLMNet elastic-net logistic,123
UM0937428,train,0.95,GLMNet elastic-net logistic,123
UM0937443,train,0.23604144513181455,GLMNet elastic-net logistic,123
UM0937443,train,0.23604144513181455,GLMNet elastic-net logistic,123
UM0937550,train,0.30560802480850957,GLMNet elastic-net logistic,123
UM0937674,train,0.8940504982605917,GLMNet elastic-net logistic,123
UM0937674,train,0.8940504982605917,GLMNet elastic-net logistic,123
UM0938089,train,0.6224881858054191,GLMNet elastic-net logistic,123
UM0938089,test,0.595470636133894,GLMNet elastic-net logistic,123
UM0938089,train,0.6224881858054191,GLMNet elastic-net logistic,123
UM0938105,test,0.4625460077085631,GLMNet elastic-net logistic,123
UM0938105,test,0.46682338224366504,GLMNet elastic-net logistic,123
UM0938228,train,0.1561480019160006,GLMNet elastic-net logistic,123
UM0938323,train,0.36345074434860825,GLMNet elastic-net logistic,123
UM0938452,test,0.2868590941593496,GLMNet elastic-net logistic,123
UM0938492,train,0.5149641658849903,GLMNet elastic-net logistic,123
UM0938594,train,0.6018097374476332,GLMNet elastic-net logistic,123
UM0938626,train,0.3642381776075599,GLMNet elastic-net logistic,123
UM0938658,test,0.3171085285674926,GLMNet elastic-net logistic,123
UM0938658,train,0.32084385708093455,GLMNet elastic-net logistic,123
UM0938753,train,0.32450488425310003,GLMNet elastic-net logistic,123
UM0938753,train,0.32450488425310003,GLMNet elastic-net logistic,123
UM0938755,train,0.3381802725529433,GLMNet elastic-net logistic,123
UM0938802,test,0.4997418611327914,GLMNet elastic-net logistic,123
UM0938802,train,0.4997418611327914,GLMNet elastic-net logistic,123
UM0938802,train,0.689231864929682,GLMNet elastic-net logistic,123
UM0938991,train,0.6344742508277692,GLMNet elastic-net logistic,123
UM0939277,train,0.48566057874932445,GLMNet elastic-net logistic,123
UM0939277,test,0.48566057874932445,GLMNet elastic-net logistic,123
UM0939279,train,0.3476657873789272,GLMNet elastic-net logistic,123
UM0939279,train,0.3476657873789272,GLMNet elastic-net logistic,123
UM0939424,test,0.3306333215621435,GLMNet elastic-net logistic,123
UM0939424,train,0.3306333215621435,GLMNet elastic-net logistic,123
UM0939635,test,0.4846617420283318,GLMNet elastic-net logistic,123
UM0939865,train,0.5090430483949752,GLMNet elastic-net logistic,123
UM0939926,train,0.45588154692997657,GLMNet elastic-net logistic,123
UM0939937,test,0.5782647122992733,GLMNet elastic-net logistic,123
UM0939937,test,0.5782647122992733,GLMNet elastic-net logistic,123
UM0940026,test,0.32194297172075015,GLMNet elastic-net logistic,123
UM0940026,train,0.32194297172075015,GLMNet elastic-net logistic,123
UM0940031,train,0.2813897636446127,GLMNet elastic-net logistic,123
UM0940031,test,0.2813897636446127,GLMNet elastic-net logistic,123
UM0940216,test,0.3362813952637661,GLMNet elastic-net logistic,123
UM0940216,test,0.3362813952637661,GLMNet elastic-net logistic,123
UM0940375,train,0.12746128925684277,GLMNet elastic-net logistic,123
UM0940375,test,0.12938595458866686,GLMNet elastic-net logistic,123
UM0940427,train,0.2489993487184799,GLMNet elastic-net logistic,123
UM0940606,test,0.6618739450080401,GLMNet elastic-net logistic,123
UM0940637,train,0.25600579277316876,GLMNet elastic-net logistic,123
UM0940685,test,0.5563343216577461,GLMNet elastic-net logistic,123
UM0940685,train,0.5563343216577461,GLMNet elastic-net logistic,123
UM0940690,train,0.3155737052365958,GLMNet elastic-net logistic,123
UM0940700,train,0.7304999856062078,GLMNet elastic-net logistic,123
UM0940795,train,0.4307533901575349,GLMNet elastic-net logistic,123
UM0940795,test,0.4307533901575349,GLMNet elastic-net logistic,123
UM0940824,train,0.95,GLMNet elastic-net logistic,123
UM0940851,train,0.6086861477437624,GLMNet elastic-net logistic,123
UM0940851,train,0.6086861477437624,GLMNet elastic-net logistic,123
UM0940896,train,0.8288550669410182,GLMNet elastic-net logistic,123
UM0940896,train,0.8462995257758661,GLMNet elastic-net logistic,123
UM0940929,train,0.5763252321962206,GLMNet elastic-net logistic,123
UM0940933,test,0.95,GLMNet elastic-net logistic,123
UM0940955,train,0.7847823597532869,GLMNet elastic-net logistic,123
UM0940955,test,0.7847823597532869,GLMNet elastic-net logistic,123
UM0940974,train,0.7855916685072216,GLMNet elastic-net logistic,123
UM0940974,test,0.7855916685072216,GLMNet elastic-net logistic,123
UM0940984,train,0.9267465288216913,GLMNet elastic-net logistic,123
UM0940984,train,0.9267465288216913,GLMNet elastic-net logistic,123
UM0940989,test,0.6693739875442696,GLMNet elastic-net logistic,123
UM0941008,train,0.7675993272404965,GLMNet elastic-net logistic,123
UM0941008,train,0.7675993272404965,GLMNet elastic-net logistic,123
UM0941240,train,0.43613057714837944,GLMNet elastic-net logistic,123
UM0941240,test,0.43613057714837944,GLMNet elastic-net logistic,123
UM0941419,train,0.7156540271537328,GLMNet elastic-net logistic,123
UM0941457,train,0.6481876758672859,GLMNet elastic-net logistic,123
UM0941457,test,0.6481876758672859,GLMNet elastic-net logistic,123
UM0941457,train,0.6481876758672859,GLMNet elastic-net logistic,123
UM0941457,train,0.6481876758672859,GLMNet elastic-net logistic,123
UM0941506,train,0.547500066642577,GLMNet elastic-net logistic,123
UM0941506,test,0.547500066642577,GLMNet elastic-net logistic,123
UM0941797,train,0.4861864081214641,GLMNet elastic-net logistic,123
UM0941797,train,0.4861864081214641,GLMNet elastic-net logistic,123
UM0941861,test,0.25662533551684774,GLMNet elastic-net logistic,123
UM0941875,train,0.57285550256003,GLMNet elastic-net logistic,123
UM0941941,test,0.532270132275647,GLMNet elastic-net logistic,123
UM0942011,train,0.47884499612299075,GLMNet elastic-net logistic,123
UM0942011,train,0.47884499612299075,GLMNet elastic-net logistic,123
UM0942111,test,0.322463980615346,GLMNet elastic-net logistic,123
UM0942111,train,0.322463980615346,GLMNet elastic-net logistic,123
UM0942139,train,0.6391117921728771,GLMNet elastic-net logistic,123
UM0942139,train,0.6391117921728771,GLMNet elastic-net logistic,123
UM0942436,train,0.35264835728527993,GLMNet elastic-net logistic,123
UM0942436,test,0.35264835728527993,GLMNet elastic-net logistic,123
UM0942479,test,0.2022028524356072,GLMNet elastic-net logistic,123
UM0942479,train,0.2022028524356072,GLMNet elastic-net logistic,123
UM0942516,train,0.14279822096435418,GLMNet elastic-net logistic,123
UM0942516,test,0.14279822096435418,GLMNet elastic-net logistic,123
UM0942639,train,0.05,GLMNet elastic-net logistic,123
UM0942639,test,0.05,GLMNet elastic-net logistic,123
UM0942648,train,0.2431074929682244,GLMNet elastic-net logistic,123
UM0942969,train,0.05,GLMNet elastic-net logistic,123
UM0942969,train,0.05,GLMNet elastic-net logistic,123
UM0943083,train,0.2633506151651291,GLMNet elastic-net logistic,123
UM0943236,train,0.501138063835495,GLMNet elastic-net logistic,123
UM0943272,test,0.95,GLMNet elastic-net logistic,123
UM0943318,train,0.42616361336508546,GLMNet elastic-net logistic,123
UM0943476,test,0.2859560642727758,GLMNet elastic-net logistic,123
UM0943476,train,0.2859560642727758,GLMNet elastic-net logistic,123
UM0943577,train,0.44808243490075944,GLMNet elastic-net logistic,123
UM0943695,train,0.48488958690021383,GLMNet elastic-net logistic,123
UM0943951,test,0.17054624535364887,GLMNet elastic-net logistic,123
UM0943951,train,0.17054624535364887,GLMNet elastic-net logistic,123
UM0944161,train,0.6333597174857265,GLMNet elastic-net logistic,123
UM0944220,train,0.15737628184802988,GLMNet elastic-net logistic,123
UM0944220,train,0.15737628184802988,GLMNet elastic-net logistic,123
UM0944291,train,0.43132279675933444,GLMNet elastic-net logistic,123
UM0944291,test,0.43132279675933444,GLMNet elastic-net logistic,123
UM0944306,train,0.5666399909296855,GLMNet elastic-net logistic,123
UM0944447,test,0.28862513565223497,GLMNet elastic-net logistic,123
UM0944447,train,0.28862513565223497,GLMNet elastic-net logistic,123
UM0944511,test,0.44486203637041366,GLMNet elastic-net logistic,123
UM0944634,train,0.2805063062715089,GLMNet elastic-net logistic,123
UM0944684,train,0.5629362849134919,GLMNet elastic-net logistic,123
UM0944684,train,0.5590398749833524,GLMNet elastic-net logistic,123
UM0944684,train,0.5590398749833524,GLMNet elastic-net logistic,123
UM0944937,train,0.22558600865618583,GLMNet elastic-net logistic,123
UM0945054,train,0.5867919687607829,GLMNet elastic-net logistic,123
UM0945065,test,0.2226342789702576,GLMNet elastic-net logistic,123
UM0945065,test,0.2226342789702576,GLMNet elastic-net logistic,123
UM0945065,test,0.2551281585909052,GLMNet elastic-net logistic,123
UM0945171,test,0.7508756019341049,GLMNet elastic-net logistic,123
UM0945171,train,0.7508756019341049,GLMNet elastic-net logistic,123
UM0945235,train,0.069119846151819,GLMNet elastic-net logistic,123
UM0945268,test,0.7485327896015066,GLMNet elastic-net logistic,123
UM0945268,test,0.7485327896015066,GLMNet elastic-net logistic,123
UM0945359,train,0.22352858992213534,GLMNet elastic-net logistic,123
UM0945359,train,0.22352858992213534,GLMNet elastic-net logistic,123
UM0945480,test,0.2456087393692265,GLMNet elastic-net logistic,123
UM0945480,train,0.2456087393692265,GLMNet elastic-net logistic,123
UM0945548,train,0.5724140748796384,GLMNet elastic-net logistic,123
UM0945713,train,0.4890990905725891,GLMNet elastic-net logistic,123
UM0946045,train,0.6517359163502086,GLMNet elastic-net logistic,123
UM0946045,train,0.6517359163502086,GLMNet elastic-net logistic,123
UM0946195,train,0.95,GLMNet elastic-net logistic,123
UM0946818,test,0.5875248571013638,GLMNet elastic-net logistic,123
UM0947384,test,0.95,GLMNet elastic-net logistic,123
UM0947791,train,0.47423337247135167,GLMNet elastic-net logistic,123
UM0947973,train,0.3624037480243187,GLMNet elastic-net logistic,123
UM0947973,test,0.4779709152280056,GLMNet elastic-net logistic,123
UM0947973,train,0.3624037480243187,GLMNet elastic-net logistic,123
UM0947983,train,0.95,GLMNet elastic-net logistic,123
UM0948273,train,0.4729535451481095,GLMNet elastic-net logistic,123
UM0948293,train,0.12815700849395273,GLMNet elastic-net logistic,123
UM0948293,test,0.12815700849395273,GLMNet elastic-net logistic,123
UM0948370,train,0.3451530128654436,GLMNet elastic-net logistic,123
UM0948370,train,0.3451530128654436,GLMNet elastic-net logistic,123
UM0948371,test,0.3263206534873026,GLMNet elastic-net logistic,123
UM0948371,test,0.3263206534873026,GLMNet elastic-net logistic,123
UM0948405,train,0.48962246175853624,GLMNet elastic-net logistic,123
UM0948405,test,0.48962246175853624,GLMNet elastic-net logistic,123
UM0948473,train,0.42083066641978417,GLMNet elastic-net logistic,123
UM0948566,test,0.6853143447484166,GLMNet elastic-net logistic,123
UM0948566,train,0.6890108077707303,GLMNet elastic-net logistic,123
UM0948606,train,0.2418809608156028,GLMNet elastic-net logistic,123
UM0948826,train,0.2733150246677172,GLMNet elastic-net logistic,123
UM0948826,train,0.2733150246677172,GLMNet elastic-net logistic,123
UM0948842,train,0.6554971889560799,GLMNet elastic-net logistic,123
UM0948842,train,0.6554971889560799,GLMNet elastic-net logistic,123
UM0948844,train,0.2957928969425549,GLMNet elastic-net logistic,123
UM0948844,train,0.2957928969425549,GLMNet elastic-net logistic,123
UM0948954,train,0.5400069859730314,GLMNet elastic-net logistic,123
UM0948977,train,0.95,GLMNet elastic-net logistic,123
UM0948977,train,0.95,GLMNet elastic-net logistic,123
UM0949006,train,0.9008344551860801,GLMNet elastic-net logistic,123
UM0949006,test,0.9029489391426361,GLMNet elastic-net logistic,123
UM0949006,train,0.9008344551860801,GLMNet elastic-net logistic,123
UM0949408,train,0.48694786354674946,GLMNet elastic-net logistic,123
UM0949408,train,0.48694786354674946,GLMNet elastic-net logistic,123
UM0949424,train,0.2619096731368193,GLMNet elastic-net logistic,123
UM0949424,train,0.2619096731368193,GLMNet elastic-net logistic,123
UM0949690,train,0.37399771672052057,GLMNet elastic-net logistic,123
UM0949701,test,0.7377662032515745,GLMNet elastic-net logistic,123
UM0949712,train,0.26364006535785967,GLMNet elastic-net logistic,123
UM0949712,train,0.26364006535785967,GLMNet elastic-net logistic,123
UM0950222,train,0.6056869305191152,GLMNet elastic-net logistic,123
UM0950222,test,0.6056869305191152,GLMNet elastic-net logistic,123
UM0950476,train,0.40421600675681535,GLMNet elastic-net logistic,123
UM0950529,train,0.5136802439734655,GLMNet elastic-net logistic,123
UM0950529,train,0.5136802439734655,GLMNet elastic-net logistic,123
UM0950535,train,0.934101626175273,GLMNet elastic-net logistic,123
UM0950535,test,0.934101626175273,GLMNet elastic-net logistic,123
UM0950535,train,0.95,GLMNet elastic-net logistic,123
UM0950738,test,0.4059454392411381,GLMNet elastic-net logistic,123
UM0950844,train,0.10526516139356532,GLMNet elastic-net logistic,123
UM0950844,train,0.10526516139356532,GLMNet elastic-net logistic,123
UM0950876,train,0.6128670878659457,GLMNet elastic-net logistic,123
UM0950876,train,0.6169388802038184,GLMNet elastic-net logistic,123
UM0950892,test,0.8921456427416425,GLMNet elastic-net logistic,123
UM0950892,test,0.8921456427416425,GLMNet elastic-net logistic,123
UM0950892,train,0.95,GLMNet elastic-net logistic,123
UM0950892,train,0.8921456427416425,GLMNet elastic-net logistic,123
UM0950892,train,0.8921456427416425,GLMNet elastic-net logistic,123
UM0950898,train,0.7624061443986606,GLMNet elastic-net logistic,123
UM0950914,train,0.7682901068440104,GLMNet elastic-net logistic,123
UM0950914,test,0.7652148653740197,GLMNet elastic-net logistic,123
UM0950939,train,0.9269828955118817,GLMNet elastic-net logistic,123
UM0950939,train,0.9258104358060911,GLMNet elastic-net logistic,123
UM0950969,train,0.862659519228381,GLMNet elastic-net logistic,123
UM0950969,test,0.862659519228381,GLMNet elastic-net logistic,123
UM0951043,train,0.6011902918894464,GLMNet elastic-net logistic,123
UM0951043,train,0.6011902918894464,GLMNet elastic-net logistic,123
UM0951043,train,0.572959730351817,GLMNet elastic-net logistic,123
UM0951154,train,0.3913557475423691,GLMNet elastic-net logistic,123
UM0951204,train,0.7447499042816831,GLMNet elastic-net logistic,123
UM0951218,train,0.7186427355821603,GLMNet elastic-net logistic,123
UM0951602,train,0.34473508678798653,GLMNet elastic-net logistic,123
UM0951602,train,0.34473508678798653,GLMNet elastic-net logistic,123
UM0951641,train,0.25294452166671605,GLMNet elastic-net logistic,123
UM0951731,train,0.95,GLMNet elastic-net logistic,123
UM0951866,test,0.41525437529079406,GLMNet elastic-net logistic,123
UM0951943,train,0.6613815653947728,GLMNet elastic-net logistic,123
UM0952047,train,0.7995012949167026,GLMNet elastic-net logistic,123
UM0952047,train,0.7995012949167026,GLMNet elastic-net logistic,123
UM0952047,train,0.7828174066880704,GLMNet elastic-net logistic,123
UM0952073,train,0.7124425465142684,GLMNet elastic-net logistic,123
UM0952171,train,0.7238972701377642,GLMNet elastic-net logistic,123
UM0952195,train,0.5868686699316372,GLMNet elastic-net logistic,123
UM0952195,train,0.7134099828425114,GLMNet elastic-net logistic,123
UM0952195,train,0.5868686699316372,GLMNet elastic-net logistic,123
UM0952257,train,0.5271925452729893,GLMNet elastic-net logistic,123
UM0952257,train,0.5314765685635813,GLMNet elastic-net logistic,123
UM0952378,train,0.6082320985517926,GLMNet elastic-net logistic,123
UM0952485,train,0.3008357999202259,GLMNet elastic-net logistic,123
UM0952569,train,0.4213775084159458,GLMNet elastic-net logistic,123
UM0952569,train,0.4213775084159458,GLMNet elastic-net logistic,123
UM0952633,train,0.6010695973452542,GLMNet elastic-net logistic,123
UM0952633,train,0.6010695973452542,GLMNet elastic-net logistic,123
UM0952825,train,0.8894608392385702,GLMNet elastic-net logistic,123
UM0952953,train,0.49188285596958714,GLMNet elastic-net logistic,123
UM0953126,train,0.3641770351568402,GLMNet elastic-net logistic,123
UM0953126,train,0.3641770351568402,GLMNet elastic-net logistic,123
UM0953169,test,0.30315491479707624,GLMNet elastic-net logistic,123
UM0953169,train,0.30315491479707624,GLMNet elastic-net logistic,123
UM0953201,train,0.3239006636253677,GLMNet elastic-net logistic,123
UM0953201,train,0.3239006636253677,GLMNet elastic-net logistic,123
UM0953262,test,0.41537020108634,GLMNet elastic-net logistic,123
UM0953262,train,0.41537020108634,GLMNet elastic-net logistic,123
UM0953480,train,0.9252138767327986,GLMNet elastic-net logistic,123
UM0953493,train,0.40163648207081526,GLMNet elastic-net logistic,123
UM0953493,train,0.40163648207081526,GLMNet elastic-net logistic,123
UM0953502,train,0.3547436640572484,GLMNet elastic-net logistic,123
UM0953502,train,0.3547436640572484,GLMNet elastic-net logistic,123
UM0953535,test,0.7294655095438657,GLMNet elastic-net logistic,123
UM0953616,train,0.3640623963044259,GLMNet elastic-net logistic,123
UM0953616,test,0.3640623963044259,GLMNet elastic-net logistic,123
UM0953731,test,0.2419842441445024,GLMNet elastic-net logistic,123
UM0953744,train,0.8497888862403804,GLMNet elastic-net logistic,123
UM0953744,test,0.8497888862403804,GLMNet elastic-net logistic,123
UM0953776,train,0.3947923198491837,GLMNet elastic-net logistic,123
UM0954006,test,0.05,GLMNet elastic-net logistic,123
UM0954006,test,0.05,GLMNet elastic-net logistic,123
UM0954169,train,0.521981867158309,GLMNet elastic-net logistic,123
UM0954169,train,0.521981867158309,GLMNet elastic-net logistic,123
UM0954371,test,0.2685402434023888,GLMNet elastic-net logistic,123
UM0954371,test,0.2855795531170288,GLMNet elastic-net logistic,123
UM0954387,train,0.4512952831527356,GLMNet elastic-net logistic,123
UM0954472,test,0.3679461878670434,GLMNet elastic-net logistic,123
UM0954472,train,0.3719541802217777,GLMNet elastic-net logistic,123
UM0954508,train,0.06562975692772179,GLMNet elastic-net logistic,123
UM0954760,train,0.4594754208398352,GLMNet elastic-net logistic,123
UM0954760,test,0.4594754208398352,GLMNet elastic-net logistic,123
UM0954868,train,0.05,GLMNet elastic-net logistic,123
UM0954868,test,0.05,GLMNet elastic-net logistic,123
UM0954913,test,0.48589180613840893,GLMNet elastic-net logistic,123
UM0955034,train,0.07755558650636464,GLMNet elastic-net logistic,123
UM0955413,test,0.6252461663828852,GLMNet elastic-net logistic,123
UM0955630,train,0.3832135705034499,GLMNet elastic-net logistic,123
UM0955820,train,0.41419313722167267,GLMNet elastic-net logistic,123
UM0955820,train,0.41419313722167267,GLMNet elastic-net logistic,123
UM0955821,train,0.36279467044213565,GLMNet elastic-net logistic,123
UM0955842,test,0.3354917456040579,GLMNet elastic-net logistic,123
UM0955870,train,0.3183566243280036,GLMNet elastic-net logistic,123
UM0955981,train,0.35893143278371,GLMNet elastic-net logistic,123
UM0956193,train,0.7979811016105102,GLMNet elastic-net logistic,123
UM0956396,train,0.6706994034726806,GLMNet elastic-net logistic,123
UM0956396,test,0.6624113939252657,GLMNet elastic-net logistic,123
UM0956396,test,0.6892125458857818,GLMNet elastic-net logistic,123
UM0956969,test,0.9033905317212009,GLMNet elastic-net logistic,123
UM0956969,train,0.9033905317212009,GLMNet elastic-net logistic,123
UM0956979,train,0.479511207843547,GLMNet elastic-net logistic,123
UM0956979,train,0.479511207843547,GLMNet elastic-net logistic,123
UM0957004,train,0.3678639845383604,GLMNet elastic-net logistic,123
UM0957214,train,0.18156776240917868,GLMNet elastic-net logistic,123
UM0957392,train,0.95,GLMNet elastic-net logistic,123
UM0957598,train,0.33214348591574366,GLMNet elastic-net logistic,123
UM0957598,train,0.33214348591574366,GLMNet elastic-net logistic,123
UM0957745,train,0.5495087363512634,GLMNet elastic-net logistic,123
UM0957745,test,0.5495087363512634,GLMNet elastic-net logistic,123
UM0957745,train,0.544222029778165,GLMNet elastic-net logistic,123
UM0957763,train,0.7852771620226979,GLMNet elastic-net logistic,123
UM0957763,test,0.7852771620226979,GLMNet elastic-net logistic,123
UM0957858,test,0.49465962090512944,GLMNet elastic-net logistic,123
UM0957858,train,0.49036176501954787,GLMNet elastic-net logistic,123
UM0957867,test,0.6021404394771479,GLMNet elastic-net logistic,123
UM0957867,train,0.6021404394771479,GLMNet elastic-net logistic,123
UM0958067,train,0.5492151183170402,GLMNet elastic-net logistic,123
UM0958116,train,0.4317886453178121,GLMNet elastic-net logistic,123
UM0958116,train,0.4317886453178121,GLMNet elastic-net logistic,123
UM0958135,test,0.13720177343780574,GLMNet elastic-net logistic,123
UM0958135,train,0.13720177343780574,GLMNet elastic-net logistic,123
UM0958196,train,0.35918143452614754,GLMNet elastic-net logistic,123
UM0958211,train,0.714237265782381,GLMNet elastic-net logistic,123
UM0958211,train,0.714237265782381,GLMNet elastic-net logistic,123
UM0958280,train,0.18559788644887035,GLMNet elastic-net logistic,123
UM0958348,train,0.25407538363669446,GLMNet elastic-net logistic,123
UM0958348,train,0.25407538363669446,GLMNet elastic-net logistic,123
UM0958469,train,0.7217146727193414,GLMNet elastic-net logistic,123
UM0958542,train,0.685890432346967,GLMNet elastic-net logistic,123
UM0958559,train,0.328733048501959,GLMNet elastic-net logistic,123
UM0958807,test,0.6252045536757397,GLMNet elastic-net logistic,123
UM0958807,test,0.6252045536757397,GLMNet elastic-net logistic,123
UM0958828,train,0.4347049885222547,GLMNet elastic-net logistic,123
UM0958828,test,0.4347049885222547,GLMNet elastic-net logistic,123
UM0958859,train,0.2394437986737335,GLMNet elastic-net logistic,123
UM0958859,train,0.2394437986737335,GLMNet elastic-net logistic,123
UM0958964,train,0.3350262876396908,GLMNet elastic-net logistic,123
UM0959136,train,0.7702116732980351,GLMNet elastic-net logistic,123
UM0959303,train,0.27424709515105544,GLMNet elastic-net logistic,123
UM0959303,test,0.27424709515105544,GLMNet elastic-net logistic,123
UM0959618,test,0.5247153194311185,GLMNet elastic-net logistic,123
UM0959618,train,0.5247153194311185,GLMNet elastic-net logistic,123
UM0959752,train,0.42118512026148835,GLMNet elastic-net logistic,123
UM0959752,test,0.42118512026148835,GLMNet elastic-net logistic,123
UM0959878,train,0.48112605842495826,GLMNet elastic-net logistic,123
UM0960190,train,0.5123594314799181,GLMNet elastic-net logistic,123
UM0960190,train,0.5846509612753827,GLMNet elastic-net logistic,123
UM0960190,test,0.5574348935294938,GLMNet elastic-net logistic,123
UM0960241,train,0.3400139395963465,GLMNet elastic-net logistic,123
UM0960396,train,0.7813705314799948,GLMNet elastic-net logistic,123
UM0960396,train,0.7784188242694998,GLMNet elastic-net logistic,123
UM0960466,train,0.5403434880824545,GLMNet elastic-net logistic,123
UM0960572,train,0.37673983023169216,GLMNet elastic-net logistic,123
UM0960572,train,0.37673983023169216,GLMNet elastic-net logistic,123
UM0960637,train,0.6040235533785139,GLMNet elastic-net logistic,123
UM0960653,train,0.883377090079969,GLMNet elastic-net logistic,123
UM0960653,test,0.902875698905159,GLMNet elastic-net logistic,123
UM0960653,train,0.883377090079969,GLMNet elastic-net logistic,123
UM0960831,train,0.31545863085471565,GLMNet elastic-net logistic,123
UM0960831,train,0.31545863085471565,GLMNet elastic-net logistic,123
UM0960838,test,0.6162928761628902,GLMNet elastic-net logistic,123
UM0960838,train,0.6162928761628902,GLMNet elastic-net logistic,123
UM0960870,train,0.34538859210291123,GLMNet elastic-net logistic,123
UM0960961,test,0.37084758300894427,GLMNet elastic-net logistic,123
UM0960990,train,0.4016996542888835,GLMNet elastic-net logistic,123
UM0960990,test,0.4016996542888835,GLMNet elastic-net logistic,123
UM0961375,test,0.44581227143615365,GLMNet elastic-net logistic,123
UM0961375,train,0.44581227143615365,GLMNet elastic-net logistic,123
UM0961433,train,0.7443505322952151,GLMNet elastic-net logistic,123
UM0961433,train,0.7443505322952151,GLMNet elastic-net logistic,123
UM0961744,test,0.22634132365601134,GLMNet elastic-net logistic,123
UM0961744,train,0.22634132365601134,GLMNet elastic-net logistic,123
UM0962060,test,0.6080718390377563,GLMNet elastic-net logistic,123
UM0962108,test,0.41301384758627624,GLMNet elastic-net logistic,123
UM0962202,train,0.6308879616906908,GLMNet elastic-net logistic,123
UM0962264,test,0.5726192036843482,GLMNet elastic-net logistic,123
UM0962772,train,0.37770125756011647,GLMNet elastic-net logistic,123
UM0962961,train,0.6213011427327607,GLMNet elastic-net logistic,123
UM0962961,train,0.6213011427327607,GLMNet elastic-net logistic,123
UM0963507,test,0.6367500392481508,GLMNet elastic-net logistic,123
UM0963629,train,0.2426729173512036,GLMNet elastic-net logistic,123
UM0963629,test,0.2426729173512036,GLMNet elastic-net logistic,123
UM0963673,train,0.4165961099039532,GLMNet elastic-net logistic,123
UM0963674,train,0.4393050478113513,GLMNet elastic-net logistic,123
UM0963674,train,0.4393050478113513,GLMNet elastic-net logistic,123
UM0963832,train,0.3670441661082405,GLMNet elastic-net logistic,123
UM0963945,train,0.38344173470741577,GLMNet elastic-net logistic,123
UM0964010,train,0.7417271503806349,GLMNet elastic-net logistic,123
UM0964071,train,0.4173763761698195,GLMNet elastic-net logistic,123
UM0964071,train,0.4173763761698195,GLMNet elastic-net logistic,123
UM0964156,train,0.22007583577391893,GLMNet elastic-net logistic,123
UM0964374,train,0.5040196451335003,GLMNet elastic-net logistic,123
UM0964374,train,0.5040196451335003,GLMNet elastic-net logistic,123
UM0964525,train,0.5506526852651531,GLMNet elastic-net logistic,123
UM0964525,train,0.5506526852651531,GLMNet elastic-net logistic,123
UM0964725,test,0.4337207938624988,GLMNet elastic-net logistic,123
UM0964725,test,0.42950239682174507,GLMNet elastic-net logistic,123
UM0964912,train,0.15973185763243883,GLMNet elastic-net logistic,123
UM0964975,train,0.4091235897114972,GLMNet elastic-net logistic,123
UM0964975,train,0.4091235897114972,GLMNet elastic-net logistic,123
UM0964981,train,0.725709018341122,GLMNet elastic-net logistic,123
UM0964981,test,0.6870014556848736,GLMNet elastic-net logistic,123
UM0964981,train,0.6870014556848736,GLMNet elastic-net logistic,123
UM0965117,test,0.6101303486523206,GLMNet elastic-net logistic,123
UM0965117,test,0.8236163394580905,GLMNet elastic-net logistic,123
UM0965117,train,0.6101303486523206,GLMNet elastic-net logistic,123
UM0965135,train,0.13543677789414932,GLMNet elastic-net logistic,123
UM0965337,train,0.30154656482832115,GLMNet elastic-net logistic,123
UM0965337,train,0.30154656482832115,GLMNet elastic-net logistic,123
UM0965449,test,0.25166754385556944,GLMNet elastic-net logistic,123
UM0965463,train,0.6499918200957155,GLMNet elastic-net logistic,123
UM0965463,train,0.6499918200957155,GLMNet elastic-net logistic,123
UM0965612,train,0.5189465434945103,GLMNet elastic-net logistic,123
UM0965612,test,0.5189465434945103,GLMNet elastic-net logistic,123
UM0965760,train,0.45578000565123755,GLMNet elastic-net logistic,123
UM0965772,train,0.20519981886962285,GLMNet elastic-net logistic,123
UM0965772,train,0.20519981886962285,GLMNet elastic-net logistic,123
UM0965779,train,0.33101501513452153,GLMNet elastic-net logistic,123
UM0965779,train,0.33101501513452153,GLMNet elastic-net logistic,123
UM0965787,train,0.2689375532762415,GLMNet elastic-net logistic,123
UM0965787,train,0.2723317430989476,GLMNet elastic-net logistic,123
UM0965919,test,0.12518093969845956,GLMNet elastic-net logistic,123
UM0965976,train,0.6109253070254768,GLMNet elastic-net logistic,123
UM0965976,train,0.6109253070254768,GLMNet elastic-net logistic,123
UM0966202,test,0.6073623396385036,GLMNet elastic-net logistic,123
UM0966330,train,0.44827357491164416,GLMNet elastic-net logistic,123
UM0966344,train,0.05,GLMNet elastic-net logistic,123
UM0966344,train,0.05,GLMNet elastic-net logistic,123
UM0966350,train,0.13577810617024355,GLMNet elastic-net logistic,123
UM0966350,train,0.13577810617024355,GLMNet elastic-net logistic,123
UM0966416,train,0.3125958255422411,GLMNet elastic-net logistic,123
UM0966425,test,0.21621756500631564,GLMNet elastic-net logistic,123
UM0966425,train,0.21621756500631564,GLMNet elastic-net logistic,123
UM0966871,test,0.5406160386888745,GLMNet elastic-net logistic,123
UM0966871,train,0.5406160386888745,GLMNet elastic-net logistic,123
UM0967038,train,0.4581233697021966,GLMNet elastic-net logistic,123
UM0967038,test,0.4581233697021966,GLMNet elastic-net logistic,123
UM0967046,train,0.673889826311348,GLMNet elastic-net logistic,123
UM0967047,train,0.46788577135225706,GLMNet elastic-net logistic,123
UM0967047,train,0.46788577135225706,GLMNet elastic-net logistic,123
UM0967108,train,0.10552061441762968,GLMNet elastic-net logistic,123
UM0967141,train,0.6160525419986973,GLMNet elastic-net logistic,123
UM0967256,train,0.30572957772077325,GLMNet elastic-net logistic,123
UM0967256,train,0.30572957772077325,GLMNet elastic-net logistic,123
UM0967279,test,0.4200105903298485,GLMNet elastic-net logistic,123
UM0967477,train,0.5075830747792578,GLMNet elastic-net logistic,123
UM0967477,test,0.5075830747792578,GLMNet elastic-net logistic,123
UM0967552,train,0.5440027730302284,GLMNet elastic-net logistic,123
UM0968302,train,0.1845725645938985,GLMNet elastic-net logistic,123
UM0968614,train,0.7105594517744142,GLMNet elastic-net logistic,123
UM0968740,train,0.39957432503360824,GLMNet elastic-net logistic,123
UM0968740,train,0.39957432503360824,GLMNet elastic-net logistic,123
UM0968844,train,0.6586659436832986,GLMNet elastic-net logistic,123
UM0969184,test,0.52256230592944,GLMNet elastic-net logistic,123
UM0969351,test,0.0876414061785156,GLMNet elastic-net logistic,123
UM0969603,train,0.6341461246882586,GLMNet elastic-net logistic,123
UM0969682,train,0.6044554176507243,GLMNet elastic-net logistic,123
UM0969895,train,0.10536753887479322,GLMNet elastic-net logistic,123
UM0970148,train,0.4463447743911221,GLMNet elastic-net logistic,123
UM0970148,train,0.4463447743911221,GLMNet elastic-net logistic,123
UM0970162,train,0.3030761616722471,GLMNet elastic-net logistic,123
UM0970162,test,0.3030761616722471,GLMNet elastic-net logistic,123
UM0970162,train,0.4081153023976355,GLMNet elastic-net logistic,123
UM0970247,train,0.6577075010089959,GLMNet elastic-net logistic,123
UM0970247,test,0.6577075010089959,GLMNet elastic-net logistic,123
UM0970317,train,0.32970541263564535,GLMNet elastic-net logistic,123
UM0970317,train,0.3259164248305717,GLMNet elastic-net logistic,123
UM0970764,test,0.47199999467282683,GLMNet elastic-net logistic,123
UM0970764,train,0.47199999467282683,GLMNet elastic-net logistic,123
UM0970806,train,0.6156851854025276,GLMNet elastic-net logistic,123
UM0970806,train,0.6116084562889585,GLMNet elastic-net logistic,123
UM0971024,train,0.38598078054983886,GLMNet elastic-net logistic,123
UM0971024,train,0.35999719395480195,GLMNet elastic-net logistic,123
UM0971024,train,0.4923258235985528,GLMNet elastic-net logistic,123
UM0971050,train,0.3506425315002414,GLMNet elastic-net logistic,123
UM0971098,test,0.7850695105106913,GLMNet elastic-net logistic,123
UM0971202,train,0.2700875660924673,GLMNet elastic-net logistic,123
UM0971286,train,0.4504113944244997,GLMNet elastic-net logistic,123
UM0971295,train,0.5643977193307435,GLMNet elastic-net logistic,123
UM0971536,test,0.409700536734457,GLMNet elastic-net logistic,123
UM0972009,train,0.541025856936023,GLMNet elastic-net logistic,123
UM0972009,train,0.39813741832095134,GLMNet elastic-net logistic,123
UM0972009,test,0.541025856936023,GLMNet elastic-net logistic,123
UM0972025,train,0.95,GLMNet elastic-net logistic,123
UM0972246,train,0.3700496478220018,GLMNet elastic-net logistic,123
UM0972246,train,0.3700496478220018,GLMNet elastic-net logistic,123
UM0972280,train,0.16950054597866687,GLMNet elastic-net logistic,123
UM0972315,test,0.27273317462715846,GLMNet elastic-net logistic,123
UM0972315,train,0.27273317462715846,GLMNet elastic-net logistic,123
UM0972394,train,0.47950776628667247,GLMNet elastic-net logistic,123
UM0972788,test,0.6060887930491979,GLMNet elastic-net logistic,123
UM0972911,train,0.4115219645962029,GLMNet elastic-net logistic,123
UM0972911,test,0.4115219645962029,GLMNet elastic-net logistic,123
UM0973215,train,0.9240675670366912,GLMNet elastic-net logistic,123
UM0973215,test,0.9240675670366912,GLMNet elastic-net logistic,123
UM0973230,train,0.6594975650606391,GLMNet elastic-net logistic,123
UM0973642,train,0.33126721524916414,GLMNet elastic-net logistic,123
UM0973731,test,0.5602914542595178,GLMNet elastic-net logistic,123
UM0973976,train,0.334746771367927,GLMNet elastic-net logistic,123
UM0974325,train,0.8432716402459309,GLMNet elastic-net logistic,123
UM0974562,train,0.05,GLMNet elastic-net logistic,123
UM0974562,train,0.05,GLMNet elastic-net logistic,123
UM0974997,train,0.05,GLMNet elastic-net logistic,123
UM0974997,train,0.05,GLMNet elastic-net logistic,123
UM0975243,test,0.40002333488472913,GLMNet elastic-net logistic,123
UM0975243,train,0.40002333488472913,GLMNet elastic-net logistic,123
UM0975419,train,0.27451051412400246,GLMNet elastic-net logistic,123
UM0975419,train,0.27451051412400246,GLMNet elastic-net logistic,123
UM0975521,test,0.29592007302115586,GLMNet elastic-net logistic,123
UM0975521,train,0.29235000642098635,GLMNet elastic-net logistic,123
UM0976024,train,0.08867694995291,GLMNet elastic-net logistic,123
UM0976196,train,0.3380853726112113,GLMNet elastic-net logistic,123
UM0976515,test,0.6952724292360511,GLMNet elastic-net logistic,123
UM0976515,train,0.6989033120604365,GLMNet elastic-net logistic,123
UM0976555,train,0.15513070466745457,GLMNet elastic-net logistic,123
UM0976595,train,0.28965400118556484,GLMNet elastic-net logistic,123
UM0976595,train,0.28965400118556484,GLMNet elastic-net logistic,123
UM0976644,train,0.4244807834371034,GLMNet elastic-net logistic,123
UM0976644,train,0.4244807834371034,GLMNet elastic-net logistic,123
UM0976683,test,0.5702708153545524,GLMNet elastic-net logistic,123
UM0976683,train,0.5702708153545524,GLMNet elastic-net logistic,123
UM0976778,test,0.6284745436199697,GLMNet elastic-net logistic,123
UM0976927,test,0.5228188643424687,GLMNet elastic-net logistic,123
UM0976935,test,0.33237120227836825,GLMNet elastic-net logistic,123
UM0977053,train,0.32057115271892705,GLMNet elastic-net logistic,123
UM0977298,train,0.7644629751270362,GLMNet elastic-net logistic,123
UM0977298,train,0.7644629751270362,GLMNet elastic-net logistic,123
UM0977298,test,0.8729058377202951,GLMNet elastic-net logistic,123
UM0977459,train,0.5092834487812845,GLMNet elastic-net logistic,123
UM0977459,test,0.5508901155271957,GLMNet elastic-net logistic,123
UM0977459,train,0.5508901155271957,GLMNet elastic-net logistic,123
UM0977540,test,0.6405852698422504,GLMNet elastic-net logistic,123
UM0977540,train,0.6405852698422504,GLMNet elastic-net logistic,123
UM0977790,train,0.3054163219125725,GLMNet elastic-net logistic,123
UM0977790,train,0.3054163219125725,GLMNet elastic-net logistic,123
UM0978045,train,0.4249283065433588,GLMNet elastic-net logistic,123
UM0978045,train,0.453440468999853,GLMNet elastic-net logistic,123
UM0978045,train,0.4500946046715777,GLMNet elastic-net logistic,123
UM0978172,train,0.26592940812055876,GLMNet elastic-net logistic,123
UM0978174,train,0.9270009576856718,GLMNet elastic-net logistic,123
UM0978174,train,0.9270009576856718,GLMNet elastic-net logistic,123
UM0978207,train,0.5136418626709732,GLMNet elastic-net logistic,123
UM0978207,train,0.5136418626709732,GLMNet elastic-net logistic,123
UM0978427,train,0.6833336872444306,GLMNet elastic-net logistic,123
UM0978427,train,0.6870427914772246,GLMNet elastic-net logistic,123
UM0978680,train,0.48010905236043905,GLMNet elastic-net logistic,123
UM0978970,train,0.4906542369830723,GLMNet elastic-net logistic,123
UM0979003,train,0.6139932128176689,GLMNet elastic-net logistic,123
UM0979003,train,0.6139932128176689,GLMNet elastic-net logistic,123
UM0979003,test,0.45380263551317085,GLMNet elastic-net logistic,123
UM0979269,train,0.5314969777402261,GLMNet elastic-net logistic,123
UM0979269,train,0.5357763425944367,GLMNet elastic-net logistic,123
UM0979508,test,0.6050270695886809,GLMNet elastic-net logistic,123
UM0979508,train,0.6050270695886809,GLMNet elastic-net logistic,123
UM0979538,test,0.42388506649150604,GLMNet elastic-net logistic,123
UM0979624,train,0.6084404351746829,GLMNet elastic-net logistic,123
UM0979900,test,0.05,GLMNet elastic-net logistic,123
UM0979935,train,0.5299568295192212,GLMNet elastic-net logistic,123
UM0980090,train,0.5544760090827698,GLMNet elastic-net logistic,123
UM0980318,test,0.5168864764411444,GLMNet elastic-net logistic,123
UM0980318,train,0.5168864764411444,GLMNet elastic-net logistic,123
UM0980489,test,0.05,GLMNet elastic-net logistic,123
UM0980815,train,0.28351580910735696,GLMNet elastic-net logistic,123
UM0980815,test,0.28351580910735696,GLMNet elastic-net logistic,123
UM0980966,train,0.3455270772778504,GLMNet elastic-net logistic,123
UM0981284,train,0.33321188613777747,GLMNet elastic-net logistic,123
UM0981565,test,0.95,GLMNet elastic-net logistic,123
UM0981565,train,0.95,GLMNet elastic-net logistic,123
UM0981615,test,0.09590482817041353,GLMNet elastic-net logistic,123
UM0981615,train,0.09590482817041353,GLMNet elastic-net logistic,123
UM0981881,test,0.5145198824888588,GLMNet elastic-net logistic,123
UM0981881,train,0.5145198824888588,GLMNet elastic-net logistic,123
UM0981881,train,0.5145198824888588,GLMNet elastic-net logistic,123
UM0981881,test,0.5145198824888588,GLMNet elastic-net logistic,123
UM0981989,train,0.3437702625272327,GLMNet elastic-net logistic,123
UM0982075,train,0.43797434709211047,GLMNet elastic-net logistic,123
UM0982245,test,0.44220090325294376,GLMNet elastic-net logistic,123
UM0982245,train,0.44220090325294376,GLMNet elastic-net logistic,123
UM0983132,test,0.45459044461881853,GLMNet elastic-net logistic,123
UM0983132,train,0.45459044461881853,GLMNet elastic-net logistic,123
UM0983193,train,0.44709384174485817,GLMNet elastic-net logistic,123
UM0983217,test,0.20619712547025154,GLMNet elastic-net logistic,123
UM0983217,train,0.20619712547025154,GLMNet elastic-net logistic,123
UM0983318,train,0.48011059423128205,GLMNet elastic-net logistic,123
UM0983318,train,0.48011059423128205,GLMNet elastic-net logistic,123
UM0983678,train,0.20779336181328897,GLMNet elastic-net logistic,123
UM0983678,train,0.20779336181328897,GLMNet elastic-net logistic,123
UM0983730,test,0.8817802194692087,GLMNet elastic-net logistic,123
UM0983730,test,0.8817802194692087,GLMNet elastic-net logistic,123
UM0983884,test,0.32137282499084174,GLMNet elastic-net logistic,123
UM0983884,train,0.32137282499084174,GLMNet elastic-net logistic,123
UM0984029,test,0.3488644011286371,GLMNet elastic-net logistic,123
UM0984029,test,0.34496855144214505,GLMNet elastic-net logistic,123
UM0984036,train,0.49341842113670414,GLMNet elastic-net logistic,123
UM0984036,train,0.49341842113670414,GLMNet elastic-net logistic,123
UM0984392,test,0.3192718474568209,GLMNet elastic-net logistic,123
UM0984474,train,0.7526987993561236,GLMNet elastic-net logistic,123
UM0984474,test,0.7526987993561236,GLMNet elastic-net logistic,123
UM0984481,train,0.5461277255312968,GLMNet elastic-net logistic,123
UM0984481,train,0.5461277255312968,GLMNet elastic-net logistic,123
UM0984518,train,0.5750979308538253,GLMNet elastic-net logistic,123
UM0984768,test,0.27976199009658914,GLMNet elastic-net logistic,123
UM0984826,train,0.5171726899338734,GLMNet elastic-net logistic,123
UM0984826,train,0.5214650925819814,GLMNet elastic-net logistic,123
UM0985076,train,0.5816880491752638,GLMNet elastic-net logistic,123
UM0985076,train,0.5816880491752638,GLMNet elastic-net logistic,123
UM0985088,train,0.4726987525016261,GLMNet elastic-net logistic,123
UM0985088,test,0.4726987525016261,GLMNet elastic-net logistic,123
UM0985132,train,0.4851518051236756,GLMNet elastic-net logistic,123
UM0985132,test,0.4851518051236756,GLMNet elastic-net logistic,123
UM0985164,train,0.7311560319511231,GLMNet elastic-net logistic,123
UM0985282,train,0.3857623554323185,GLMNet elastic-net logistic,123
UM0985305,test,0.05,GLMNet elastic-net logistic,123
UM0985309,test,0.1451146071594041,GLMNet elastic-net logistic,123
UM0985309,train,0.1451146071594041,GLMNet elastic-net logistic,123
UM0985386,train,0.5668574584547482,GLMNet elastic-net logistic,123
UM0985386,train,0.5668574584547482,GLMNet elastic-net logistic,123
UM0985535,train,0.452932496069725,GLMNet elastic-net logistic,123
UM0985535,test,0.452932496069725,GLMNet elastic-net logistic,123
UM0985675,train,0.504951479365379,GLMNet elastic-net logistic,123
UM0985675,train,0.504951479365379,GLMNet elastic-net logistic,123
UM0985725,test,0.4188020148860249,GLMNet elastic-net logistic,123
UM0986325,train,0.6446350361737636,GLMNet elastic-net logistic,123
UM0986325,train,0.6446350361737636,GLMNet elastic-net logistic,123
UM0986360,train,0.45102684941522503,GLMNet elastic-net logistic,123
UM0986421,train,0.53815934360426,GLMNet elastic-net logistic,123
UM0986421,train,0.53815934360426,GLMNet elastic-net logistic,123
UM0986446,train,0.7293333320485492,GLMNet elastic-net logistic,123
UM0986449,test,0.4921166262239148,GLMNet elastic-net logistic,123
UM0986547,train,0.6320192109818698,GLMNet elastic-net logistic,123
UM0986547,test,0.6320192109818698,GLMNet elastic-net logistic,123
UM0986720,train,0.37131234865659035,GLMNet elastic-net logistic,123
UM0986846,train,0.41707834467549687,GLMNet elastic-net logistic,123
UM0986866,train,0.5772670014844212,GLMNet elastic-net logistic,123
UM0987239,test,0.5560711181363901,GLMNet elastic-net logistic,123
UM0987239,train,0.5560711181363901,GLMNet elastic-net logistic,123
UM0987504,train,0.5661985123118217,GLMNet elastic-net logistic,123
UM0987504,train,0.5661985123118217,GLMNet elastic-net logistic,123
UM0987504,train,0.5661985123118217,GLMNet elastic-net logistic,123
UM0987504,train,0.5661985123118217,GLMNet elastic-net logistic,123
UM0987504,train,0.674970205326193,GLMNet elastic-net logistic,123
UM0987614,test,0.49603005644738024,GLMNet elastic-net logistic,123
UM0987614,train,0.49603005644738024,GLMNet elastic-net logistic,123
UM0987627,train,0.4545053578427679,GLMNet elastic-net logistic,123
UM0987634,test,0.5350466405075711,GLMNet elastic-net logistic,123
UM0987647,train,0.39711339797737,GLMNet elastic-net logistic,123
UM0987647,train,0.39711339797737,GLMNet elastic-net logistic,123
UM0987730,test,0.3700575156918343,GLMNet elastic-net logistic,123
UM0988148,train,0.6385104145137055,GLMNet elastic-net logistic,123
UM0988148,train,0.6385104145137055,GLMNet elastic-net logistic,123
UM0988148,test,0.6385104145137055,GLMNet elastic-net logistic,123
UM0988148,train,0.6385104145137055,GLMNet elastic-net logistic,123
UM0988350,train,0.2753400646408162,GLMNet elastic-net logistic,123
UM0988350,train,0.29805900310460276,GLMNet elastic-net logistic,123
UM0988447,train,0.16134176768117822,GLMNet elastic-net logistic,123
UM0988447,train,0.1468634907876698,GLMNet elastic-net logistic,123
UM0988447,train,0.408008568970973,GLMNet elastic-net logistic,123
UM0988567,train,0.7308195911347772,GLMNet elastic-net logistic,123
UM0988567,train,0.7308195911347772,GLMNet elastic-net logistic,123
UM0988907,train,0.43192012793194495,GLMNet elastic-net logistic,123
UM0988981,train,0.33344126036139493,GLMNet elastic-net logistic,123
UM0989139,train,0.20508712493226963,GLMNet elastic-net logistic,123
UM0989139,train,0.20508712493226963,GLMNet elastic-net logistic,123
UM0989371,train,0.5083169636519244,GLMNet elastic-net logistic,123
UM0989371,test,0.5083169636519244,GLMNet elastic-net logistic,123
UM0989430,train,0.29903688904107134,GLMNet elastic-net logistic,123
UM0989430,test,0.29903688904107134,GLMNet elastic-net logistic,123
UM0989774,test,0.08716662818661117,GLMNet elastic-net logistic,123
UM0989845,train,0.5980326716204363,GLMNet elastic-net logistic,123
UM0990004,train,0.18941516451211454,GLMNet elastic-net logistic,123
UM0990004,train,0.17293715317908748,GLMNet elastic-net logistic,123
UM0990014,test,0.4792802990634747,GLMNet elastic-net logistic,123
UM0990014,train,0.5005410274877795,GLMNet elastic-net logistic,123
UM0990086,train,0.5441017510920115,GLMNet elastic-net logistic,123
UM0990086,test,0.5441017510920115,GLMNet elastic-net logistic,123
UM0990096,train,0.3852257795124533,GLMNet elastic-net logistic,123
UM0990096,train,0.3852257795124533,GLMNet elastic-net logistic,123
UM0990871,test,0.5281912236113324,GLMNet elastic-net logistic,123
UM0990871,test,0.5281912236113324,GLMNet elastic-net logistic,123
UM0991385,train,0.5069562522366837,GLMNet elastic-net logistic,123
UM0991385,test,0.5069562522366837,GLMNet elastic-net logistic,123
UM0991483,test,0.918459423163726,GLMNet elastic-net logistic,123
UM0991483,train,0.9246093009794859,GLMNet elastic-net logistic,123
UM0991526,train,0.3405940530609062,GLMNet elastic-net logistic,123
UM0991571,train,0.5975115711823614,GLMNet elastic-net logistic,123
UM0991571,test,0.5975115711823614,GLMNet elastic-net logistic,123
UM0991843,test,0.4022857033960543,GLMNet elastic-net logistic,123
UM0991843,train,0.4022857033960543,GLMNet elastic-net logistic,123
UM0992834,train,0.07471731260333839,GLMNet elastic-net logistic,123
UM0992834,train,0.08081706126936584,GLMNet elastic-net logistic,123
UM0993680,train,0.32642429501999176,GLMNet elastic-net logistic,123
UM0993680,train,0.2089966049835652,GLMNet elastic-net logistic,123
UM0993680,train,0.2089966049835652,GLMNet elastic-net logistic,123
UM0994020,test,0.6077955124235881,GLMNet elastic-net logistic,123
UM0994665,train,0.6283860460694929,GLMNet elastic-net logistic,123
UM0994665,train,0.6283860460694929,GLMNet elastic-net logistic,123
UM0994803,train,0.5164924884088992,GLMNet elastic-net logistic,123
UM0994803,train,0.5164924884088992,GLMNet elastic-net logistic,123
UM0995041,train,0.07955689041782282,GLMNet elastic-net logistic,123
UM0995041,test,0.08082520549117156,GLMNet elastic-net logistic,123
UM0995662,test,0.295593206593279,GLMNet elastic-net logistic,123
UM0996034,test,0.5076960187320083,GLMNet elastic-net logistic,123
UM0996096,train,0.5685158187511662,GLMNet elastic-net logistic,123
UM0996096,train,0.6727713996954466,GLMNet elastic-net logistic,123
UM0996096,train,0.6727713996954466,GLMNet elastic-net logistic,123
UM0996539,train,0.5353948317029675,GLMNet elastic-net logistic,123
UM0996539,train,0.5353948317029675,GLMNet elastic-net logistic,123
UM0996546,train,0.95,GLMNet elastic-net logistic,123
UM0996546,train,0.95,GLMNet elastic-net logistic,123
UM0997244,train,0.49860079814034575,GLMNet elastic-net logistic,123
UM0997477,train,0.5327055232163056,GLMNet elastic-net logistic,123
UM0997644,test,0.49286222609922314,GLMNet elastic-net logistic,123
UM0997889,train,0.5961034370899843,GLMNet elastic-net logistic,123
UM0997889,train,0.5961034370899843,GLMNet elastic-net logistic,123
UM0997899,train,0.6827173783245475,GLMNet elastic-net logistic,123
UM0998129,test,0.40652005006375797,GLMNet elastic-net logistic,123
UM0998129,train,0.40652005006375797,GLMNet elastic-net logistic,123
UM0998156,train,0.5398940092099381,GLMNet elastic-net logistic,123
UM0998237,test,0.29278935135310397,GLMNet elastic-net logistic,123
UM0998237,train,0.29278935135310397,GLMNet elastic-net logistic,123
UM0998468,train,0.29641393684970097,GLMNet elastic-net logistic,123
UM0998468,train,0.30001259087193205,GLMNet elastic-net logistic,123
UM0998477,test,0.7946493257300007,GLMNet elastic-net logistic,123
UM0998477,train,0.7946493257300007,GLMNet elastic-net logistic,123
UM0998741,train,0.2957242080366402,GLMNet elastic-net logistic,123
UM0998741,train,0.2957242080366402,GLMNet elastic-net logistic,123
UM0998751,train,0.2996245901032249,GLMNet elastic-net logistic,123
UM0998751,train,0.2996245901032249,GLMNet elastic-net logistic,123
UM0999345,train,0.4478389036744966,GLMNet elastic-net logistic,123
UM0999345,train,0.4478389036744966,GLMNet elastic-net logistic,123
UM0999726,train,0.28787894854665214,GLMNet elastic-net logistic,123
UM0999801,train,0.5526416708299609,GLMNet elastic-net logistic,123
UM1000038,train,0.312933304062401,GLMNet elastic-net logistic,123
UM1000038,train,0.312933304062401,GLMNet elastic-net logistic,123
UM1000315,test,0.5508163130782154,GLMNet elastic-net logistic,123
UM1001161,train,0.16335412138952424,GLMNet elastic-net logistic,123
UM1001161,test,0.16335412138952424,GLMNet elastic-net logistic,123
UM1001754,train,0.2191226916058471,GLMNet elastic-net logistic,123
UM1001754,train,0.2191226916058471,GLMNet elastic-net logistic,123
UM1001817,test,0.5840343550631051,GLMNet elastic-net logistic,123
UM1001946,train,0.2813095222489238,GLMNet elastic-net logistic,123
UM1001946,train,0.2813095222489238,GLMNet elastic-net logistic,123
UM1002122,test,0.7092524953416767,GLMNet elastic-net logistic,123
UM1002122,train,0.7092524953416767,GLMNet elastic-net logistic,123
UM1002122,train,0.6864643158886322,GLMNet elastic-net logistic,123
UM1002317,train,0.353475656589252,GLMNet elastic-net logistic,123
UM1002433,test,0.2886967496227594,GLMNet elastic-net logistic,123
UM1002433,train,0.29224062768889913,GLMNet elastic-net logistic,123
UM1002499,train,0.12353708675109545,GLMNet elastic-net logistic,123
UM1002499,train,0.12353708675109545,GLMNet elastic-net logistic,123
UM1002600,test,0.2916460049825249,GLMNet elastic-net logistic,123
UM1002677,test,0.13300249692089805,GLMNet elastic-net logistic,123
UM1002677,train,0.13300249692089805,GLMNet elastic-net logistic,123
UM1003133,train,0.8618807852964504,GLMNet elastic-net logistic,123
UM1003133,train,0.8992280044131973,GLMNet elastic-net logistic,123
UM1003133,train,0.8618807852964504,GLMNet elastic-net logistic,123
UM1003173,test,0.48839126133053645,GLMNet elastic-net logistic,123
UM1003222,train,0.2361652313772129,GLMNet elastic-net logistic,123
UM1003640,test,0.4134650189046086,GLMNet elastic-net logistic,123
UM1003640,train,0.4134650189046086,GLMNet elastic-net logistic,123
UM1003685,test,0.48106167183205045,GLMNet elastic-net logistic,123
UM1003685,test,0.48106167183205045,GLMNet elastic-net logistic,123
UM1004254,test,0.4412774391762844,GLMNet elastic-net logistic,123
UM1004407,train,0.5112177329977932,GLMNet elastic-net logistic,123
UM1004431,test,0.35959931191213473,GLMNet elastic-net logistic,123
UM1004431,train,0.35959931191213473,GLMNet elastic-net logistic,123
UM1004701,test,0.3644282473875804,GLMNet elastic-net logistic,123
UM1004701,test,0.3644282473875804,GLMNet elastic-net logistic,123
UM1004723,train,0.21149872290362598,GLMNet elastic-net logistic,123
UM1004723,train,0.21149872290362598,GLMNet elastic-net logistic,123
UM1004884,train,0.19822193799210167,GLMNet elastic-net logistic,123
UM1004884,test,0.19822193799210167,GLMNet elastic-net logistic,123
UM1005331,train,0.09403449291322057,GLMNet elastic-net logistic,123
UM1005331,train,0.09403449291322057,GLMNet elastic-net logistic,123
UM1005542,train,0.4689345430410093,GLMNet elastic-net logistic,123
UM1005542,train,0.4689345430410093,GLMNet elastic-net logistic,123
UM1005665,train,0.5206676950560837,GLMNet elastic-net logistic,123
UM1005920,train,0.31316259794710544,GLMNet elastic-net logistic,123
UM1005920,train,0.31316259794710544,GLMNet elastic-net logistic,123
UM1005984,train,0.589268927395707,GLMNet elastic-net logistic,123
UM1005984,test,0.589268927395707,GLMNet elastic-net logistic,123
UM1006076,train,0.7081154629635263,GLMNet elastic-net logistic,123
UM1006076,train,0.7081154629635263,GLMNet elastic-net logistic,123
UM1006145,test,0.4532196359470859,GLMNet elastic-net logistic,123
UM1006145,train,0.4743774806053276,GLMNet elastic-net logistic,123
UM1006193,train,0.7074565987155725,GLMNet elastic-net logistic,123
UM1006193,train,0.7074565987155725,GLMNet elastic-net logistic,123
UM1006305,test,0.388412660097577,GLMNet elastic-net logistic,123
UM1006305,train,0.388412660097577,GLMNet elastic-net logistic,123
UM1006536,train,0.6136521893272848,GLMNet elastic-net logistic,123
UM1006645,train,0.6933213926816569,GLMNet elastic-net logistic,123
UM1006645,train,0.6155710266540803,GLMNet elastic-net logistic,123
UM1006645,train,0.6155710266540803,GLMNet elastic-net logistic,123
UM1007260,train,0.31995053068930657,GLMNet elastic-net logistic,123
UM1007260,train,0.31995053068930657,GLMNet elastic-net logistic,123
UM1007310,train,0.4694867640211275,GLMNet elastic-net logistic,123
UM1007310,train,0.4694867640211275,GLMNet elastic-net logistic,123
UM1007753,train,0.2170903556118199,GLMNet elastic-net logistic,123
UM1007875,train,0.95,GLMNet elastic-net logistic,123
UM1007875,train,0.9455683824622818,GLMNet elastic-net logistic,123
UM1007875,train,0.95,GLMNet elastic-net logistic,123
UM1008089,test,0.3222110283040675,GLMNet elastic-net logistic,123
UM1008196,train,0.4291236451106846,GLMNet elastic-net logistic,123
UM1008196,train,0.408415871457903,GLMNet elastic-net logistic,123
UM1008349,train,0.6455218625948428,GLMNet elastic-net logistic,123
UM1008349,test,0.6455218625948428,GLMNet elastic-net logistic,123
UM1008361,train,0.4883613625254565,GLMNet elastic-net logistic,123
UM1008431,train,0.613312271518404,GLMNet elastic-net logistic,123
UM1008431,test,0.613312271518404,GLMNet elastic-net logistic,123
UM1008705,test,0.4116453586073481,GLMNet elastic-net logistic,123
UM1008814,train,0.4913435330630581,GLMNet elastic-net logistic,123
UM1008814,train,0.48704672018631884,GLMNet elastic-net logistic,123
UM1009090,test,0.2805704722738024,GLMNet elastic-net logistic,123
UM1009361,train,0.44145946863442115,GLMNet elastic-net logistic,123
UM1009361,train,0.44145946863442115,GLMNet elastic-net logistic,123
UM1009372,train,0.3711076277934514,GLMNet elastic-net logistic,123
UM1009372,train,0.3711076277934514,GLMNet elastic-net logistic,123
UM1009955,train,0.45573843509784856,GLMNet elastic-net logistic,123
UM1011738,test,0.1702938070715406,GLMNet elastic-net logistic,123
UM1011738,train,0.1702938070715406,GLMNet elastic-net logistic,123
UM1011970,train,0.4126924899590998,GLMNet elastic-net logistic,123
UM1011970,train,0.5135066458180249,GLMNet elastic-net logistic,123
UM1011970,train,0.4126924899590998,GLMNet elastic-net logistic,123
UM1012080,train,0.328295335951892,GLMNet elastic-net logistic,123
UM1012080,train,0.3320983547616246,GLMNet elastic-net logistic,123
UM1012573,train,0.7239960068161113,GLMNet elastic-net logistic,123
UM1012678,train,0.35630990694371045,GLMNet elastic-net logistic,123
UM1012678,train,0.35630990694371045,GLMNet elastic-net logistic,123
UM1013329,train,0.6445866387318924,GLMNet elastic-net logistic,123
UM1013405,train,0.5423374224888687,GLMNet elastic-net logistic,123
UM1013576,train,0.38575023869347863,GLMNet elastic-net logistic,123
UM1013576,train,0.38575023869347863,GLMNet elastic-net logistic,123
UM1013874,train,0.4538010553720371,GLMNet elastic-net logistic,123
UM1014841,train,0.4456228329556087,GLMNet elastic-net logistic,123
UM1015003,train,0.46300218394983883,GLMNet elastic-net logistic,123
UM1015130,train,0.5581187813696369,GLMNet elastic-net logistic,123
UM1015130,train,0.5581187813696369,GLMNet elastic-net logistic,123
UM1015368,train,0.17150156150691717,GLMNet elastic-net logistic,123
UM1015368,train,0.17150156150691717,GLMNet elastic-net logistic,123
UM1015424,train,0.303802743828509,GLMNet elastic-net logistic,123
UM1015454,train,0.2763735801642754,GLMNet elastic-net logistic,123
UM1015454,train,0.2763735801642754,GLMNet elastic-net logistic,123
UM1015623,train,0.3387099171315786,GLMNet elastic-net logistic,123
UM1015623,train,0.3387099171315786,GLMNet elastic-net logistic,123
UM1015976,train,0.6727750463035643,GLMNet elastic-net logistic,123
UM1016044,train,0.608253440780994,GLMNet elastic-net logistic,123
UM1016335,train,0.73062506159102,GLMNet elastic-net logistic,123
UM1016335,train,0.73062506159102,GLMNet elastic-net logistic,123
UM1016814,train,0.2535168336987839,GLMNet elastic-net logistic,123
UM1016829,train,0.5236310609075756,GLMNet elastic-net logistic,123
UM1016829,train,0.5236310609075756,GLMNet elastic-net logistic,123
UM1017240,train,0.25144994795247316,GLMNet elastic-net logistic,123
UM1017240,test,0.25144994795247316,GLMNet elastic-net logistic,123
UM1017321,test,0.4162136313259667,GLMNet elastic-net logistic,123
UM1017321,train,0.4162136313259667,GLMNet elastic-net logistic,123
UM1017926,train,0.5129754145615154,GLMNet elastic-net logistic,123
UM1017926,train,0.5129754145615154,GLMNet elastic-net logistic,123
UM1017930,test,0.547060208831482,GLMNet elastic-net logistic,123
UM1017930,test,0.6201191778244551,GLMNet elastic-net logistic,123
UM1017930,train,0.547060208831482,GLMNet elastic-net logistic,123
UM1017934,test,0.43909039459960447,GLMNet elastic-net logistic,123
UM1018052,train,0.615732491966458,GLMNet elastic-net logistic,123
UM1018052,test,0.615732491966458,GLMNet elastic-net logistic,123
UM1018185,train,0.19109836483754108,GLMNet elastic-net logistic,123
UM1018185,train,0.19109836483754108,GLMNet elastic-net logistic,123
UM1019140,train,0.35346467581206903,GLMNet elastic-net logistic,123
UM1019140,train,0.35346467581206903,GLMNet elastic-net logistic,123
UM1019318,train,0.23853035293970754,GLMNet elastic-net logistic,123
UM1019415,test,0.5188016003118198,GLMNet elastic-net logistic,123
UM1019556,train,0.32099953602201675,GLMNet elastic-net logistic,123
UM1019556,test,0.2454680587128718,GLMNet elastic-net logistic,123
UM1019756,train,0.2049390266589932,GLMNet elastic-net logistic,123
UM1019756,test,0.2049390266589932,GLMNet elastic-net logistic,123
UM1020697,test,0.6084654903966978,GLMNet elastic-net logistic,123
UM1020861,train,0.2045554501397544,GLMNet elastic-net logistic,123
UM1020861,train,0.2045554501397544,GLMNet elastic-net logistic,123
UM1020964,train,0.05,GLMNet elastic-net logistic,123
UM1021465,train,0.7082727613231139,GLMNet elastic-net logistic,123
UM1021955,train,0.5337230986453878,GLMNet elastic-net logistic,123
UM1021955,train,0.5337230986453878,GLMNet elastic-net logistic,123
UM1022548,train,0.4357439835761967,GLMNet elastic-net logistic,123
UM1022985,train,0.42248749426492627,GLMNet elastic-net logistic,123
UM1023331,train,0.25283392628947476,GLMNet elastic-net logistic,123
UM1024213,train,0.7877839867681194,GLMNet elastic-net logistic,123
UM1024213,train,0.7877839867681194,GLMNet elastic-net logistic,123
UM1024213,train,0.7877839867681194,GLMNet elastic-net logistic,123
UM1024213,train,0.7877839867681194,GLMNet elastic-net logistic,123
UM1024213,test,0.7832971538386143,GLMNet elastic-net logistic,123
UM1024364,train,0.8281615514061187,GLMNet elastic-net logistic,123
UM1024364,test,0.8281615514061187,GLMNet elastic-net logistic,123
UM1024509,train,0.29015890211450773,GLMNet elastic-net logistic,123
UM1024509,train,0.29015890211450773,GLMNet elastic-net logistic,123
UM1024524,train,0.17607672724749948,GLMNet elastic-net logistic,123
UM1024524,train,0.17607672724749948,GLMNet elastic-net logistic,123
UM1024567,train,0.6090440680490787,GLMNet elastic-net logistic,123
UM1024567,train,0.6090440680490787,GLMNet elastic-net logistic,123
UM1024735,train,0.26206603543610457,GLMNet elastic-net logistic,123
UM1024735,train,0.26206603543610457,GLMNet elastic-net logistic,123
UM1025147,train,0.43621133791710104,GLMNet elastic-net logistic,123
UM1025147,test,0.43198719639271094,GLMNet elastic-net logistic,123
UM1025293,train,0.6657800991972818,GLMNet elastic-net logistic,123
UM1025295,train,0.28933150238675726,GLMNet elastic-net logistic,123
UM1025295,train,0.28933150238675726,GLMNet elastic-net logistic,123
UM1025877,train,0.6458450501268349,GLMNet elastic-net logistic,123
UM1025877,train,0.5101037001563207,GLMNet elastic-net logistic,123
UM1025877,train,0.6458450501268349,GLMNet elastic-net logistic,123
UM1026186,train,0.5801873782376837,GLMNet elastic-net logistic,123
UM1026186,train,0.5801873782376837,GLMNet elastic-net logistic,123
UM1026912,train,0.3681370173009411,GLMNet elastic-net logistic,123
UM1026912,train,0.3721458644338872,GLMNet elastic-net logistic,123
UM1027128,train,0.41234552473609054,GLMNet elastic-net logistic,123
UM1027128,test,0.41234552473609054,GLMNet elastic-net logistic,123
UM1027465,test,0.3046604648430635,GLMNet elastic-net logistic,123
UM1027465,train,0.3046604648430635,GLMNet elastic-net logistic,123
UM1027623,train,0.47395299763009485,GLMNet elastic-net logistic,123
UM1027623,train,0.47395299763009485,GLMNet elastic-net logistic,123
UM1028260,train,0.20959838284626406,GLMNet elastic-net logistic,123
UM1028260,train,0.20959838284626406,GLMNet elastic-net logistic,123
UM1028921,train,0.3199685297420032,GLMNet elastic-net logistic,123
UM1028921,train,0.3199685297420032,GLMNet elastic-net logistic,123
UM1029046,train,0.4095046855865776,GLMNet elastic-net logistic,123
UM1029046,test,0.4095046855865776,GLMNet elastic-net logistic,123
UM1029222,test,0.5198225707991198,GLMNet elastic-net logistic,123
UM1029222,test,0.5198225707991198,GLMNet elastic-net logistic,123
UM1029328,test,0.843506844171737,GLMNet elastic-net logistic,123
UM1029328,train,0.843506844171737,GLMNet elastic-net logistic,123
UM1029656,train,0.4072349136473387,GLMNet elastic-net logistic,123
UM1029757,test,0.5921970781715568,GLMNet elastic-net logistic,123
UM1029757,train,0.5921970781715568,GLMNet elastic-net logistic,123
UM1030674,test,0.36936380389138257,GLMNet elastic-net logistic,123
UM1030691,train,0.08777145385019736,GLMNet elastic-net logistic,123
UM1030788,test,0.5203633913147456,GLMNet elastic-net logistic,123
UM1030788,test,0.5203633913147456,GLMNet elastic-net logistic,123
UM1030955,test,0.3718816576179358,GLMNet elastic-net logistic,123
UM1031292,test,0.12669220666492623,GLMNet elastic-net logistic,123
UM1031292,train,0.1248018677792707,GLMNet elastic-net logistic,123
UM1031335,train,0.5008241298413311,GLMNet elastic-net logistic,123
UM1031335,train,0.5008241298413311,GLMNet elastic-net logistic,123
UM1031392,test,0.6517548998632058,GLMNet elastic-net logistic,123
UM1031489,train,0.5845838359450908,GLMNet elastic-net logistic,123
UM1031737,test,0.4618562452491632,GLMNet elastic-net logistic,123
UM1031956,train,0.5130564911058688,GLMNet elastic-net logistic,123
UM1032394,test,0.6171894514218411,GLMNet elastic-net logistic,123
UM1032646,test,0.7201959418239186,GLMNet elastic-net logistic,123
UM1032656,train,0.30196661312929296,GLMNet elastic-net logistic,123
UM1033389,train,0.2314485855002368,GLMNet elastic-net logistic,123
UM1033389,train,0.2314485855002368,GLMNet elastic-net logistic,123
UM1033608,test,0.5811947198427331,GLMNet elastic-net logistic,123
UM1033608,train,0.5811947198427331,GLMNet elastic-net logistic,123
UM1033608,train,0.95,GLMNet elastic-net logistic,123
UM1033620,test,0.3788601929208112,GLMNet elastic-net logistic,123
UM1033620,train,0.3788601929208112,GLMNet elastic-net logistic,123
UM1034100,train,0.3332730751754017,GLMNet elastic-net logistic,123
UM1034100,train,0.3379666854387193,GLMNet elastic-net logistic,123
UM1034100,test,0.3379666854387193,GLMNet elastic-net logistic,123
UM1034800,test,0.8399627115641989,GLMNet elastic-net logistic,123
UM1034800,train,0.8399627115641989,GLMNet elastic-net logistic,123
UM1034800,train,0.8406169923109833,GLMNet elastic-net logistic,123
UM1034975,test,0.47823819266782297,GLMNet elastic-net logistic,123
UM1035130,train,0.35274521518130963,GLMNet elastic-net logistic,123
UM1035341,train,0.30428097297380824,GLMNet elastic-net logistic,123
UM1035350,train,0.23196089094841144,GLMNet elastic-net logistic,123
UM1035350,test,0.23196089094841144,GLMNet elastic-net logistic,123
UM1035478,test,0.5979037082074153,GLMNet elastic-net logistic,123
UM1036176,test,0.6514696701445001,GLMNet elastic-net logistic,123
UM1036176,train,0.6514696701445001,GLMNet elastic-net logistic,123
UM1036260,train,0.6132445588432421,GLMNet elastic-net logistic,123
UM1036287,test,0.679266777014911,GLMNet elastic-net logistic,123
UM1036293,train,0.35307123651265704,GLMNet elastic-net logistic,123
UM1036293,train,0.35307123651265704,GLMNet elastic-net logistic,123
UM1036462,train,0.371057020937817,GLMNet elastic-net logistic,123
UM1036895,test,0.7192813783607863,GLMNet elastic-net logistic,123
UM1036978,train,0.643237945452338,GLMNet elastic-net logistic,123
UM1037273,train,0.3761429432144218,GLMNet elastic-net logistic,123
UM1037359,train,0.8225592461302003,GLMNet elastic-net logistic,123
UM1037534,train,0.5680226904431718,GLMNet elastic-net logistic,123
UM1037685,test,0.4625495694457469,GLMNet elastic-net logistic,123
UM1037916,train,0.5918509737074678,GLMNet elastic-net logistic,123
UM1037916,train,0.5918509737074678,GLMNet elastic-net logistic,123
UM1038083,train,0.2658043484320954,GLMNet elastic-net logistic,123
UM1038083,train,0.2658043484320954,GLMNet elastic-net logistic,123
UM1038124,train,0.3407390550409361,GLMNet elastic-net logistic,123
UM1038337,test,0.6381569899874456,GLMNet elastic-net logistic,123
UM1038337,test,0.6381569899874456,GLMNet elastic-net logistic,123
UM1038424,train,0.3445986428239561,GLMNet elastic-net logistic,123
UM1038424,train,0.34072550256468487,GLMNet elastic-net logistic,123
UM1038671,train,0.3422175897115857,GLMNet elastic-net logistic,123
UM1038671,test,0.3422175897115857,GLMNet elastic-net logistic,123
UM1039054,train,0.27513284732631715,GLMNet elastic-net logistic,123
UM1039054,train,0.27513284732631715,GLMNet elastic-net logistic,123
UM1039256,train,0.19156346989875758,GLMNet elastic-net logistic,123
UM1040564,train,0.36825081513555696,GLMNet elastic-net logistic,123
UM1040564,train,0.36825081513555696,GLMNet elastic-net logistic,123
UM1042098,train,0.49141966775809787,GLMNet elastic-net logistic,123
UM1042098,test,0.49141966775809787,GLMNet elastic-net logistic,123
UM1042543,test,0.27715730790300214,GLMNet elastic-net logistic,123
UM1042543,train,0.27715730790300214,GLMNet elastic-net logistic,123
UM1042639,train,0.5269804359586273,GLMNet elastic-net logistic,123
UM1042639,train,0.5269804359586273,GLMNet elastic-net logistic,123
UM1042961,test,0.4978654996110508,GLMNet elastic-net logistic,123
UM1042977,test,0.48026877389452466,GLMNet elastic-net logistic,123
UM1042977,train,0.48026877389452466,GLMNet elastic-net logistic,123
UM1043636,train,0.6518507564176709,GLMNet elastic-net logistic,123
UM1043636,test,0.8425620375593745,GLMNet elastic-net logistic,123
UM1043636,train,0.8425620375593745,GLMNet elastic-net logistic,123
UM1043796,train,0.43544395657979407,GLMNet elastic-net logistic,123
UM1043796,test,0.43544395657979407,GLMNet elastic-net logistic,123
UM1043976,train,0.3826110477923862,GLMNet elastic-net logistic,123
UM1044406,train,0.449659198862737,GLMNet elastic-net logistic,123
UM1044406,train,0.41022174945273626,GLMNet elastic-net logistic,123
UM1044406,test,0.41022174945273626,GLMNet elastic-net logistic,123
UM1044965,test,0.5285688817652229,GLMNet elastic-net logistic,123
UM1044965,train,0.5285688817652229,GLMNet elastic-net logistic,123
UM1045066,train,0.5051930093793886,GLMNet elastic-net logistic,123
UM1045066,test,0.5051930093793886,GLMNet elastic-net logistic,123
UM1045170,train,0.6017712095018912,GLMNet elastic-net logistic,123
UM1045190,test,0.10507868598159013,GLMNet elastic-net logistic,123
UM1045344,train,0.3731297453418734,GLMNet elastic-net logistic,123
UM1045344,train,0.3691165305408497,GLMNet elastic-net logistic,123
UM1045704,train,0.37154892803230316,GLMNet elastic-net logistic,123
UM1045861,train,0.38591246952073993,GLMNet elastic-net logistic,123
UM1045898,test,0.223754365926744,GLMNet elastic-net logistic,123
UM1045898,test,0.223754365926744,GLMNet elastic-net logistic,123
UM1045980,train,0.3967653507329919,GLMNet elastic-net logistic,123
UM1046186,test,0.48073593926008334,GLMNet elastic-net logistic,123
UM1046764,test,0.4279104573065022,GLMNet elastic-net logistic,123
UM1046764,train,0.4279104573065022,GLMNet elastic-net logistic,123
UM1046941,test,0.46746476281978494,GLMNet elastic-net logistic,123
UM1046941,test,0.46746476281978494,GLMNet elastic-net logistic,123
UM1047155,test,0.32569212402303477,GLMNet elastic-net logistic,123
UM1047156,train,0.2881847932027832,GLMNet elastic-net logistic,123
UM1047156,test,0.2881847932027832,GLMNet elastic-net logistic,123
UM1047241,train,0.5014690413684415,GLMNet elastic-net logistic,123
UM1047241,train,0.5014690413684415,GLMNet elastic-net logistic,123
UM1047593,train,0.4381681382878525,GLMNet elastic-net logistic,123
UM1047615,train,0.4596793624244407,GLMNet elastic-net logistic,123
UM1047615,train,0.4596793624244407,GLMNet elastic-net logistic,123
UM1047851,train,0.5047623481181399,GLMNet elastic-net logistic,123
UM1047937,train,0.41692141272136934,GLMNet elastic-net logistic,123
UM1048058,train,0.17025969582662875,GLMNet elastic-net logistic,123
UM1048184,train,0.8577258273762337,GLMNet elastic-net logistic,123
UM1048184,train,0.8577258273762337,GLMNet elastic-net logistic,123
UM1048185,test,0.8346712995734177,GLMNet elastic-net logistic,123
UM1048249,test,0.6250207385493963,GLMNet elastic-net logistic,123
UM1048268,test,0.2649988758230237,GLMNet elastic-net logistic,123
UM1048268,train,0.2649988758230237,GLMNet elastic-net logistic,123
UM1049472,test,0.5058227410084822,GLMNet elastic-net logistic,123
UM1049472,train,0.5058227410084822,GLMNet elastic-net logistic,123
UM1050066,train,0.2067826530169882,GLMNet elastic-net logistic,123
UM1050066,train,0.2067826530169882,GLMNet elastic-net logistic,123
UM1050318,train,0.2310010338560282,GLMNet elastic-net logistic,123
UM1050318,test,0.2310010338560282,GLMNet elastic-net logistic,123
UM1050437,test,0.5490758287100044,GLMNet elastic-net logistic,123
UM1050437,test,0.5490758287100044,GLMNet elastic-net logistic,123
UM1050463,train,0.37443989415710704,GLMNet elastic-net logistic,123
UM1050463,train,0.37443989415710704,GLMNet elastic-net logistic,123
UM1050876,test,0.50651303354317,GLMNet elastic-net logistic,123
UM1050876,train,0.50651303354317,GLMNet elastic-net logistic,123
UM1051530,test,0.7542237060391315,GLMNet elastic-net logistic,123
UM1051575,train,0.5461233904613593,GLMNet elastic-net logistic,123
UM1051725,test,0.6186339065033042,GLMNet elastic-net logistic,123
UM1051725,test,0.6186339065033042,GLMNet elastic-net logistic,123
UM1052438,train,0.39124689692289216,GLMNet elastic-net logistic,123
UM1052438,test,0.39124689692289216,GLMNet elastic-net logistic,123
UM1052502,test,0.5685368583136093,GLMNet elastic-net logistic,123
UM1052502,train,0.7397708360297355,GLMNet elastic-net logistic,123
UM1052502,train,0.5685368583136093,GLMNet elastic-net logistic,123
UM1052550,test,0.5598350115014382,GLMNet elastic-net logistic,123
UM1052550,train,0.5598350115014382,GLMNet elastic-net logistic,123
UM1052874,train,0.4356237370711424,GLMNet elastic-net logistic,123
UM1052874,train,0.4356237370711424,GLMNet elastic-net logistic,123
UM1053094,train,0.45868040451604897,GLMNet elastic-net logistic,123
UM1053268,train,0.41475373297985685,GLMNet elastic-net logistic,123
UM1053268,test,0.41475373297985685,GLMNet elastic-net logistic,123
UM1053524,train,0.58041400416022,GLMNet elastic-net logistic,123
UM1053543,test,0.5023137185732336,GLMNet elastic-net logistic,123
UM1053543,train,0.5023137185732336,GLMNet elastic-net logistic,123
UM1055003,train,0.3173230623353463,GLMNet elastic-net logistic,123
UM1055003,train,0.33603570420529744,GLMNet elastic-net logistic,123
UM1055103,train,0.31895807593813563,GLMNet elastic-net logistic,123
UM1056002,train,0.24857079906289214,GLMNet elastic-net logistic,123
UM1056165,train,0.7367598052994916,GLMNet elastic-net logistic,123
UM1056165,train,0.7367598052994916,GLMNet elastic-net logistic,123
UM1056202,test,0.6138652061053902,GLMNet elastic-net logistic,123
UM1056202,train,0.6138652061053902,GLMNet elastic-net logistic,123
UM1056714,train,0.580770091722165,GLMNet elastic-net logistic,123
UM1056793,test,0.05699799336084791,GLMNet elastic-net logistic,123
UM1056793,test,0.05699799336084791,GLMNet elastic-net logistic,123
UM1056856,train,0.39346460921710746,GLMNet elastic-net logistic,123
UM1056856,train,0.39346460921710746,GLMNet elastic-net logistic,123
UM1057535,test,0.14849158790350217,GLMNet elastic-net logistic,123
UM1057793,train,0.5007639739318192,GLMNet elastic-net logistic,123
UM1057793,train,0.5007639739318192,GLMNet elastic-net logistic,123
UM1057869,train,0.23643928056104796,GLMNet elastic-net logistic,123
UM1057869,train,0.23643928056104796,GLMNet elastic-net logistic,123
UM1057959,train,0.3562094827594599,GLMNet elastic-net logistic,123
UM1058406,train,0.7128730019842608,GLMNet elastic-net logistic,123
UM1058406,test,0.7128730019842608,GLMNet elastic-net logistic,123
UM1058428,train,0.48745409821878627,GLMNet elastic-net logistic,123
UM1058428,train,0.48745409821878627,GLMNet elastic-net logistic,123
UM1058582,train,0.36849380698455364,GLMNet elastic-net logistic,123
UM1059105,train,0.6449314343323975,GLMNet elastic-net logistic,123
UM1059289,train,0.3278465794932853,GLMNet elastic-net logistic,123
UM1059464,train,0.08072708208769236,GLMNet elastic-net logistic,123
UM1059464,train,0.08072708208769236,GLMNet elastic-net logistic,123
UM1059526,train,0.39238915111494227,GLMNet elastic-net logistic,123
UM1059526,test,0.39238915111494227,GLMNet elastic-net logistic,123
UM1059679,test,0.7710572403691704,GLMNet elastic-net logistic,123
UM1059909,train,0.5452546484291578,GLMNet elastic-net logistic,123
UM1060104,train,0.4752898442070714,GLMNet elastic-net logistic,123
UM1060104,train,0.4752898442070714,GLMNet elastic-net logistic,123
UM1061009,test,0.05,GLMNet elastic-net logistic,123
UM1061009,train,0.05,GLMNet elastic-net logistic,123
UM1062843,test,0.95,GLMNet elastic-net logistic,123
UM1062843,train,0.95,GLMNet elastic-net logistic,123
UM1063379,train,0.16505450775837896,GLMNet elastic-net logistic,123
UM1063379,train,0.16505450775837896,GLMNet elastic-net logistic,123
UM1063472,test,0.09685443635115394,GLMNet elastic-net logistic,123
UM1063472,test,0.09685443635115394,GLMNet elastic-net logistic,123
UM1063519,train,0.2899669569550653,GLMNet elastic-net logistic,123
UM1063523,train,0.41750276603392145,GLMNet elastic-net logistic,123
UM1063784,train,0.3283831088433781,GLMNet elastic-net logistic,123
UM1065022,test,0.13517785500909943,GLMNet elastic-net logistic,123
UM1065022,train,0.13517785500909943,GLMNet elastic-net logistic,123
UM1066079,test,0.3581324949773063,GLMNet elastic-net logistic,123
UM1066256,test,0.95,GLMNet elastic-net logistic,123
UM1066256,train,0.95,GLMNet elastic-net logistic,123
UM1066256,train,0.95,GLMNet elastic-net logistic,123
UM1066256,test,0.95,GLMNet elastic-net logistic,123
UM1066476,train,0.6032524229164982,GLMNet elastic-net logistic,123
UM1066476,test,0.6032524229164982,GLMNet elastic-net logistic,123
UM1066696,train,0.7005157093001878,GLMNet elastic-net logistic,123
UM1066696,train,0.7041107050338392,GLMNet elastic-net logistic,123
UM1066940,train,0.06962517667825202,GLMNet elastic-net logistic,123
UM1066940,train,0.06962517667825202,GLMNet elastic-net logistic,123
UM1066946,test,0.5315988398150383,GLMNet elastic-net logistic,123
UM1066985,test,0.2196782450305977,GLMNet elastic-net logistic,123
UM1066985,test,0.2196782450305977,GLMNet elastic-net logistic,123
UM1067022,train,0.2167356314849092,GLMNet elastic-net logistic,123
UM1067022,test,0.2167356314849092,GLMNet elastic-net logistic,123
UM1067065,train,0.5514470518150032,GLMNet elastic-net logistic,123
UM1067078,train,0.28084229699025365,GLMNet elastic-net logistic,123
UM1067078,train,0.28084229699025365,GLMNet elastic-net logistic,123
UM1067124,test,0.3617956285753202,GLMNet elastic-net logistic,123
UM1067173,train,0.7092329631589029,GLMNet elastic-net logistic,123
UM1067173,train,0.7092329631589029,GLMNet elastic-net logistic,123
UM1067189,train,0.5743348547029594,GLMNet elastic-net logistic,123
UM1067221,train,0.35809542307039904,GLMNet elastic-net logistic,123
UM1067281,train,0.6198947114733049,GLMNet elastic-net logistic,123
UM1067307,train,0.95,GLMNet elastic-net logistic,123
UM1067307,train,0.95,GLMNet elastic-net logistic,123
UM1067324,test,0.35399754810184775,GLMNet elastic-net logistic,123
UM1067425,train,0.3762053171792696,GLMNet elastic-net logistic,123
UM1067501,test,0.4241485690248945,GLMNet elastic-net logistic,123
UM1067501,test,0.4241485690248945,GLMNet elastic-net logistic,123
UM1067522,test,0.36650283381259313,GLMNet elastic-net logistic,123
UM1067538,train,0.3207484581419434,GLMNet elastic-net logistic,123
UM1067550,test,0.45291080024154845,GLMNet elastic-net logistic,123
UM1067550,train,0.45291080024154845,GLMNet elastic-net logistic,123
UM1067560,train,0.6074958330432845,GLMNet elastic-net logistic,123
UM1067560,train,0.6074958330432845,GLMNet elastic-net logistic,123
UM1067583,train,0.5553041733787695,GLMNet elastic-net logistic,123
UM1067583,train,0.5595462885834828,GLMNet elastic-net logistic,123
UM1067594,test,0.10975020253047643,GLMNet elastic-net logistic,123
UM1067692,train,0.6177450295845889,GLMNet elastic-net logistic,123
UM1067692,train,0.6177450295845889,GLMNet elastic-net logistic,123
UM1067707,train,0.3129831710011095,GLMNet elastic-net logistic,123
UM1067707,train,0.3129831710011095,GLMNet elastic-net logistic,123
UM1068484,train,0.2642677071015809,GLMNet elastic-net logistic,123
UM1068484,test,0.2642677071015809,GLMNet elastic-net logistic,123
UM1068552,train,0.2382575616724823,GLMNet elastic-net logistic,123
UM1068621,train,0.6365039476447909,GLMNet elastic-net logistic,123
UM1068621,test,0.6104215464694158,GLMNet elastic-net logistic,123
UM1068641,train,0.41703546293405297,GLMNet elastic-net logistic,123
UM1068790,train,0.6425362687922416,GLMNet elastic-net logistic,123
UM1068923,train,0.95,GLMNet elastic-net logistic,123
UM1068923,train,0.95,GLMNet elastic-net logistic,123
UM1068945,test,0.34086549601180366,GLMNet elastic-net logistic,123
UM1068965,train,0.36660584902191706,GLMNet elastic-net logistic,123
UM1069021,train,0.7911100387791911,GLMNet elastic-net logistic,123
UM1069021,train,0.7911100387791911,GLMNet elastic-net logistic,123
UM1069103,test,0.6769657140424922,GLMNet elastic-net logistic,123
UM1069103,train,0.6769657140424922,GLMNet elastic-net logistic,123
UM1069285,test,0.541595213460457,GLMNet elastic-net logistic,123
UM1069285,test,0.541595213460457,GLMNet elastic-net logistic,123
UM1069352,train,0.371910460799013,GLMNet elastic-net logistic,123
UM1069352,test,0.371910460799013,GLMNet elastic-net logistic,123
UM1069366,test,0.8013134919335914,GLMNet elastic-net logistic,123
UM1069366,train,0.8013134919335914,GLMNet elastic-net logistic,123
UM1069481,train,0.30650959926908766,GLMNet elastic-net logistic,123
UM1069481,test,0.30650959926908766,GLMNet elastic-net logistic,123
UM1070559,train,0.2891778433720635,GLMNet elastic-net logistic,123
UM1070559,train,0.2891778433720635,GLMNet elastic-net logistic,123
UM1071452,test,0.50231662803941,GLMNet elastic-net logistic,123
UM1071465,test,0.41909545554140926,GLMNet elastic-net logistic,123
UM1071550,test,0.7216784288785932,GLMNet elastic-net logistic,123
UM1071550,test,0.7216784288785932,GLMNet elastic-net logistic,123
UM1071880,test,0.32796793613131386,GLMNet elastic-net logistic,123
UM1072132,test,0.5145260514749076,GLMNet elastic-net logistic,123
UM1074604,train,0.5834113201049288,GLMNet elastic-net logistic,123
UM1074882,train,0.5984657236782287,GLMNet elastic-net logistic,123
UM1074972,train,0.5918212321550418,GLMNet elastic-net logistic,123
UM1074972,train,0.5918212321550418,GLMNet elastic-net logistic,123
UM1076487,train,0.23284641583024937,GLMNet elastic-net logistic,123
UM1076487,train,0.23284641583024937,GLMNet elastic-net logistic,123
UM1077104,train,0.7826013508431687,GLMNet elastic-net logistic,123
UM1078447,train,0.7280327726356389,GLMNet elastic-net logistic,123
UM1078447,test,0.7280327726356389,GLMNet elastic-net logistic,123
UM1079106,test,0.27403680908236167,GLMNet elastic-net logistic,123
UM1079106,test,0.27403680908236167,GLMNet elastic-net logistic,123
UM1081160,test,0.8309960695112428,GLMNet elastic-net logistic,123
UM1081429,test,0.16391939113526363,GLMNet elastic-net logistic,123
UM1081429,train,0.16391939113526363,GLMNet elastic-net logistic,123
UM1081642,train,0.5021722687031682,GLMNet elastic-net logistic,123
UM1081642,train,0.5021722687031682,GLMNet elastic-net logistic,123
UM1081816,test,0.5999849495119087,GLMNet elastic-net logistic,123
UM1081816,train,0.5999849495119087,GLMNet elastic-net logistic,123
UM1083583,train,0.528274325454652,GLMNet elastic-net logistic,123
UM1083583,train,0.6193916122268541,GLMNet elastic-net logistic,123
UM1084440,train,0.95,GLMNet elastic-net logistic,123
UM1085715,train,0.2073187139541174,GLMNet elastic-net logistic,123
UM1085719,train,0.26333415826997497,GLMNet elastic-net logistic,123
UM1085719,test,0.26333415826997497,GLMNet elastic-net logistic,123
UM1085724,train,0.2862436810004639,GLMNet elastic-net logistic,123
UM1085741,train,0.05,GLMNet elastic-net logistic,123
UM1085744,train,0.27642923349968473,GLMNet elastic-net logistic,123
UM1085744,test,0.27642923349968473,GLMNet elastic-net logistic,123
UM1085748,train,0.95,GLMNet elastic-net logistic,123
UM1085760,test,0.17789950171230307,GLMNet elastic-net logistic,123
UM1085844,train,0.5807028342171349,GLMNet elastic-net logistic,123
UM1085908,test,0.95,GLMNet elastic-net logistic,123
UM1085973,test,0.05,GLMNet elastic-net logistic,123
UM1085973,train,0.05,GLMNet elastic-net logistic,123
UM1086309,train,0.0792660086459125,GLMNet elastic-net logistic,123
UM1086309,train,0.0792660086459125,GLMNet elastic-net logistic,123
UM1086975,train,0.6757865417038729,GLMNet elastic-net logistic,123
UM1087487,train,0.95,GLMNet elastic-net logistic,123
UM1087605,train,0.5420982034175366,GLMNet elastic-net logistic,123
UM1087605,train,0.5420982034175366,GLMNet elastic-net logistic,123
UM1088316,train,0.18806652686871117,GLMNet elastic-net logistic,123
UM1088316,train,0.1395327878133862,GLMNet elastic-net logistic,123
UM1089211,train,0.7925389406026851,GLMNet elastic-net logistic,123
UM1089211,train,0.7925389406026851,GLMNet elastic-net logistic,123
UM1089401,test,0.05,GLMNet elastic-net logistic,123
UM1090533,train,0.05,GLMNet elastic-net logistic,123
UM1090533,train,0.05,GLMNet elastic-net logistic,123
UM1091243,test,0.6525706695451002,GLMNet elastic-net logistic,123
UM1091243,train,0.6525706695451002,GLMNet elastic-net logistic,123
UM1091243,test,0.5389642592440722,GLMNet elastic-net logistic,123
UM1091641,train,0.49889959385684063,GLMNet elastic-net logistic,123
UM1091645,train,0.1581303294171041,GLMNet elastic-net logistic,123
UM1092100,test,0.4438788724092702,GLMNet elastic-net logistic,123
UM1092420,train,0.05,GLMNet elastic-net logistic,123
UM1092420,train,0.05,GLMNet elastic-net logistic,123
UM1093109,train,0.5474373575227652,GLMNet elastic-net logistic,123
UM1093109,test,0.5717014481637616,GLMNet elastic-net logistic,123
UM1093109,test,0.5717014481637616,GLMNet elastic-net logistic,123
UM1093346,test,0.44746756109960845,GLMNet elastic-net logistic,123
UM1093603,test,0.05,GLMNet elastic-net logistic,123
UM1093604,train,0.7517733377767917,GLMNet elastic-net logistic,123
UM1093624,train,0.05,GLMNet elastic-net logistic,123
UM1093627,test,0.05,GLMNet elastic-net logistic,123
UM1093663,train,0.5715846148422513,GLMNet elastic-net logistic,123
UM1093706,train,0.37217965079554827,GLMNet elastic-net logistic,123
UM1093736,train,0.38109000232960544,GLMNet elastic-net logistic,123
UM1093736,test,0.38109000232960544,GLMNet elastic-net logistic,123
UM1093743,train,0.33163249349377394,GLMNet elastic-net logistic,123
UM1093743,train,0.33163249349377394,GLMNet elastic-net logistic,123
UM1093891,train,0.24258999366680864,GLMNet elastic-net logistic,123
UM1093898,train,0.95,GLMNet elastic-net logistic,123
UM1093906,train,0.8218659143040257,GLMNet elastic-net logistic,123
UM1093906,train,0.8218659143040257,GLMNet elastic-net logistic,123
UM1093908,train,0.8446397248754268,GLMNet elastic-net logistic,123
UM1093908,test,0.8446397248754268,GLMNet elastic-net logistic,123
UM1093909,train,0.22616255910219937,GLMNet elastic-net logistic,123
UM1093909,train,0.22616255910219937,GLMNet elastic-net logistic,123
UM1093912,train,0.8226346039937894,GLMNet elastic-net logistic,123
UM1093917,train,0.9133876005336612,GLMNet elastic-net logistic,123
UM1093945,train,0.95,GLMNet elastic-net logistic,123
UM1093945,train,0.95,GLMNet elastic-net logistic,123
UM1093960,test,0.1958927944453152,GLMNet elastic-net logistic,123
UM1094065,train,0.05,GLMNet elastic-net logistic,123
UM1094244,train,0.95,GLMNet elastic-net logistic,123
UM1094244,train,0.95,GLMNet elastic-net logistic,123
UM1094319,train,0.05,GLMNet elastic-net logistic,123
UM1095928,test,0.14685356294978766,GLMNet elastic-net logistic,123
UM1095928,train,0.1344955879310192,GLMNet elastic-net logistic,123
UM1096928,test,0.3781306712016034,GLMNet elastic-net logistic,123
UM1097215,train,0.5792435057509017,GLMNet elastic-net logistic,123
UM1097215,train,0.5792435057509017,GLMNet elastic-net logistic,123
UM1097377,train,0.05,GLMNet elastic-net logistic,123
UM1097377,train,0.05,GLMNet elastic-net logistic,123
UM1097640,train,0.5152718248980406,GLMNet elastic-net logistic,123
UM1097640,train,0.60703238861907,GLMNet elastic-net logistic,123
UM1098102,train,0.45373154637368396,GLMNet elastic-net logistic,123
UM1098403,train,0.5045065077499258,GLMNet elastic-net logistic,123
UM1099133,train,0.95,GLMNet elastic-net logistic,123
UM1099133,train,0.95,GLMNet elastic-net logistic,123
UM1099281,train,0.9107734161788598,GLMNet elastic-net logistic,123
UM1099281,train,0.9490406823691889,GLMNet elastic-net logistic,123
UM1099281,train,0.9107734161788598,GLMNet elastic-net logistic,123
UM1099555,train,0.606582602315693,GLMNet elastic-net logistic,123
UM1099558,test,0.5259497669817544,GLMNet elastic-net logistic,123
UM1099558,train,0.5471055921013888,GLMNet elastic-net logistic,123
UM1099983,test,0.40306296906135314,GLMNet elastic-net logistic,123
UM1100561,train,0.1447812278447254,GLMNet elastic-net logistic,123
UM1100710,test,0.19112239973920667,GLMNet elastic-net logistic,123
UM1100710,train,0.1937948424825254,GLMNet elastic-net logistic,123
UM1101161,train,0.539222459916223,GLMNet elastic-net logistic,123
UM1102332,train,0.5828463417699343,GLMNet elastic-net logistic,123
UM1104272,train,0.4002065329893642,GLMNet elastic-net logistic,123
UM1105333,train,0.7924049983809239,GLMNet elastic-net logistic,123
UM6000038,train,0.1922925065102698,GLMNet elastic-net logistic,123
UM6000137,train,0.16427920900578924,GLMNet elastic-net logistic,123
UM6000137,test,0.16427920900578924,GLMNet elastic-net logistic,123
UM6000141,test,0.19753041138382185,GLMNet elastic-net logistic,123
UM6000169,train,0.14971648596454304,GLMNet elastic-net logistic,123
UM6000169,train,0.14971648596454304,GLMNet elastic-net logistic,123
UM6000177,test,0.41226366620231314,GLMNet elastic-net logistic,123
UM6000177,train,0.41226366620231314,GLMNet elastic-net logistic,123
UM6000185,train,0.38143631687330715,GLMNet elastic-net logistic,123
UM6000201,train,0.8288628883211265,GLMNet elastic-net logistic,123
UM6000201,train,0.8288628883211265,GLMNet elastic-net logistic,123
UM6000203,train,0.4571331321311052,GLMNet elastic-net logistic,123
UM6000203,train,0.41616777804072747,GLMNet elastic-net logistic,123
UM6000203,train,0.4571331321311052,GLMNet elastic-net logistic,123
UM6000239,train,0.5565486685686241,GLMNet elastic-net logistic,123
UM6000239,train,0.5523007824132585,GLMNet elastic-net logistic,123
UM6000262,train,0.3564508008876423,GLMNet elastic-net logistic,123
UM6000262,train,0.3564508008876423,GLMNet elastic-net logistic,123
UM6000277,train,0.07823095609786727,GLMNet elastic-net logistic,123
UM6000295,train,0.1495522302826696,GLMNet elastic-net logistic,123
UM6000295,train,0.1495522302826696,GLMNet elastic-net logistic,123
UM6000403,train,0.2440021823725487,GLMNet elastic-net logistic,123
UM6000403,train,0.2440021823725487,GLMNet elastic-net logistic,123
UM6000420,train,0.30366345379337667,GLMNet elastic-net logistic,123
UM6000484,train,0.175223652632064,GLMNet elastic-net logistic,123
UM6000518,test,0.11176261342150479,GLMNet elastic-net logistic,123
UM6000518,train,0.11176261342150479,GLMNet elastic-net logistic,123
UM6000540,train,0.2584167025097929,GLMNet elastic-net logistic,123
UM6000589,test,0.37375985525045746,GLMNet elastic-net logistic,123
UM6000609,test,0.2832234619201209,GLMNet elastic-net logistic,123
UM6000613,train,0.7027117432777592,GLMNet elastic-net logistic,123
UM6000614,train,0.6578564556520037,GLMNet elastic-net logistic,123
UM6000637,train,0.95,GLMNet elastic-net logistic,123
UM6000637,train,0.95,GLMNet elastic-net logistic,123
UM6000641,test,0.9316772046061274,GLMNet elastic-net logistic,123
UM6000641,test,0.9316772046061274,GLMNet elastic-net logistic,123
UM6000662,train,0.0885733169410687,GLMNet elastic-net logistic,123
UM6000662,train,0.08997132358018513,GLMNet elastic-net logistic,123
UM6000669,train,0.32242481926551364,GLMNet elastic-net logistic,123
UM6000669,test,0.32242481926551364,GLMNet elastic-net logistic,123
UM6000690,train,0.4606977670839892,GLMNet elastic-net logistic,123
UM6000690,test,0.46497283665231165,GLMNet elastic-net logistic,123
UM6000748,train,0.38219186793865756,GLMNet elastic-net logistic,123
