policy,treatment_rate,estimated_ed_rate,estimated_ed_rate_reduction_vs_historical,expected_ed_visits_avoided_per_1000,expected_ed_savings_per_1000,intervention_cost_per_1000,net_savings_per_1000
Treat everybody,1,0.040413702758162265,0.030568502262612887,30.56850226261289,36682.20271513546,250000,-213317.79728486453
Treat top 10% by benefit score,0.1,0.06304265983775251,0.007939545183022645,7.939545183022645,9527.454219627174,25000,-15472.545780372826
Treat top 40% by benefit score,0.4,0.06341089263900491,0.007571312381770237,7.5713123817702375,9085.574858124284,100000,-90914.42514187572
Treat nobody,0,0.06699131178102091,0.00399089323975424,3.9908932397542394,4789.071887705088,0,4789.071887705088
Treat top 20% by benefit score,0.2,0.06832794688486346,0.0026542581359116912,2.6542581359116912,3185.1097630940294,50000,-46814.89023690597
Historical observed policy,0.38,0.07098220502077515,0,0,0,95000,-95000
Treat top 30% by benefit score,0.3,0.07367929083291243,-0.002697085812137276,-2.697085812137276,-3236.502974564731,75000,-78236.50297456473
